ANO_ELEICAO,CD_ELEICAO,DS_ELEICAO,DT_ELEICAO,CD_TIPO_ELEICAO,NM_TIPO_ELEICAO,NR_TURNO,TP_ABRANGENCIA,SG_UF,SG_UE,NM_UE,CD_CARGO,DS_CARGO,SQ_CANDIDATO,NR_CANDIDATO,NM_CANDIDATO,NM_URNA_CANDIDATO,CD_SITUACAO_CANDIDATURA,DS_SITUACAO_CANDIDATURA,TP_AGREMIACAO,NR_PARTIDO,SG_PARTIDO,NM_PARTIDO,NR_FEDERACAO,NM_FEDERACAO,SG_FEDERACAO,SQ_COLIGACAO,NM_COLIGACAO,DS_COMPOSICAO_COLIGACAO,CD_SIT_TOT_TURNO,DS_SIT_TOT_TURNO
1994,1994001,Eleições 1994,03/10/1994,2,ELEIÇÃO ORDINÁRIA,1,ESTADUAL,RN,RN,RIO GRANDE DO NORTE,3,GOVERNADOR,20030015102872,151,GARIBALDI ALVES FILHO,GARIBALDI ALVES FILHO,-3,#NE,#NE,15,PMDB,PARTIDO DO MOVIMENTO DEMOCRATICO BRASILEIRO,-3,#NE,#NE,-3,#NE,#NE,1,ELEITO
1994,1994002,Eleições 1994,15/11/1994,2,ELEIÇÃO ORDINÁRIA,2,ESTADUAL,MG,MG,MINAS GERAIS,3,GOVERNADOR,13030045104852,451,EDUARDO BRANDAO DE AZEREDO,EDUARDO BRANDAO DE AZEREDO,-3,#NE,#NE,45,PSDB,PARTIDO DA SOCIAL DEMOCRACIA BRASILEIRA,-3,#NE,#NE,-3,#NE,#NE,1,ELEITO
1994,1994002,Eleições 1994,15/11/1994,2,ELEIÇÃO ORDINÁRIA,2,ESTADUAL,PA,PA,PARA,3,GOVERNADOR,14030045101085,451,ALMIR JOSE DE OLIVEIRA GABRIEL,ALMIR JOSE DE OLIVEIRA GABRIEL,-3,#NE,#NE,45,PSDB,PARTIDO DA SOCIAL DEMOCRACIA BRASILEIRA,-3,#NE,#NE,-3,#NE,#NE,1,ELEITO
1994,1994002,Eleições 1994,15/11/1994,2,ELEIÇÃO ORDINÁRIA,2,ESTADUAL,AC,AC,ACRE,3,GOVERNADOR,1030011100357,111,ORLEIR MESSIAS CAMELI,ORLEIR MESSIAS CAMELI,-3,#NE,#NE,11,PPR,PARTIDO PROGRESSISTA REFORMADOR,-3,#NE,#NE,-3,#NE,#NE,1,ELEITO
1994,1994001,Eleições 1994,03/10/1994,2,ELEIÇÃO ORDINÁRIA,1,FEDERAL,BR,BR,BRASIL,1,PRESIDENTE,28010004511656,45,FERNANDO HENRIQUE CARDOSO,FERNANDO HENRIQUE CARDOSO,-3,#NE,#NE,45,PSDB,PARTIDO DA SOCIAL DEMOCRACIA BRASILEIRA,-3,#NE,#NE,-3,#NE,#NE,1,ELEITO
1994,1994002,Eleições 1994,15/11/1994,2,ELEIÇÃO ORDINÁRIA,2,ESTADUAL,AP,AP,AMAPA,3,GOVERNADOR,3030040101504,401,JOAO ALBERTO RODRIGUES CAPIBERIBE,JOAO ALBERTO RODRIGUES CAPIBER,-3,#NE,#NE,40,PSB,PARTIDO SOCIALISTA BRASILEIRO,-3,#NE,#NE,-3,#NE,#NE,1,ELEITO
1994,1994001,Eleições 1994,03/10/1994,2,ELEIÇÃO ORDINÁRIA,1,ESTADUAL,AM,AM,AMAZONAS,3,GOVERNADOR,4030011100593,111,AMAZONINO ARMANDO MENDES,AMAZONINO ARMANDO MENDES,-3,#NE,#NE,11,PPR,PARTIDO PROGRESSISTA REFORMADOR,-3,#NE,#NE,-3,#NE,#NE,1,ELEITO
1994,1994001,Eleições 1994,03/10/1994,2,ELEIÇÃO ORDINÁRIA,1,ESTADUAL,MT,MT,MATO GROSSO,3,GOVERNADOR,11030012110957,121,DANTE MARTINS DE OLIVEIRA,DANTE MARTINS DE OLIVEIRA,-3,#NE,#NE,12,PDT,PARTIDO DEMOCRATICO TRABALHISTA,-3,#NE,#NE,-3,#NE,#NE,1,ELEITO
1994,1994002,Eleições 1994,15/11/1994,2,ELEIÇÃO ORDINÁRIA,2,ESTADUAL,RS,RS,RIO GRANDE DO SUL,3,GOVERNADOR,21030015110162,151,ANTONIO BRITTO FILHO,ANTONIO BRITTO FILHO,-3,#NE,#NE,15,PMDB,PARTIDO DO MOVIMENTO DEMOCRATICO BRASILEIRO,-3,#NE,#NE,-3,#NE,#NE,1,ELEITO
1994,1994001,Eleições 1994,03/10/1994,2,ELEIÇÃO ORDINÁRIA,1,FEDERAL,BR,BR,BRASIL,1,PRESIDENTE,28010004511656,45,FERNANDO HENRIQUE CARDOSO,FERNANDO HENRIQUE CARDOSO,-3,#NE,#NE,45,PSDB,PARTIDO DA SOCIAL DEMOCRACIA BRASILEIRA,-3,#NE,#NE,-3,#NE,#NE,1,ELEITO
1994,1994002,Eleições 1994,15/11/1994,2,ELEIÇÃO ORDINÁRIA,2,ESTADUAL,RJ,RJ,RIO DE JANEIRO,3,GOVERNADOR,19030045106319,451,MARCELLO NUNES DE ALENCAR,MARCELLO NUNES DE ALENCAR,-3,#NE,#NE,45,PSDB,PARTIDO DA SOCIAL DEMOCRACIA BRASILEIRA,-3,#NE,#NE,-3,#NE,#NE,1,ELEITO
1994,1994002,Eleições 1994,15/11/1994,2,ELEIÇÃO ORDINÁRIA,2,ESTADUAL,GO,GO,GOIAS,3,GOVERNADOR,9030015111148,151,LUIZ ALBERTO MAGUITO VILELA,LUIZ ALBERTO MAGUITO VILELA,-3,#NE,#NE,15,PMDB,PARTIDO DO MOVIMENTO DEMOCRATICO BRASILEIRO,-3,#NE,#NE,-3,#NE,#NE,1,ELEITO
1994,1994001,Eleições 1994,03/10/1994,2,ELEIÇÃO ORDINÁRIA,1,ESTADUAL,MS,MS,MATO GROSSO DO SUL,3,GOVERNADOR,12030015110773,151,WILSON BARBOSA MARTINS,WILSON BARBOSA MARTINS,-3,#NE,#NE,15,PMDB,PARTIDO DO MOVIMENTO DEMOCRATICO BRASILEIRO,-3,#NE,#NE,-3,#NE,#NE,1,ELEITO
1994,1994002,Eleições 1994,15/11/1994,2,ELEIÇÃO ORDINÁRIA,2,ESTADUAL,PB,PB,PARAIBA,3,GOVERNADOR,15030015103067,151,ANTONIO MARQUES DA SILVA MARIZ,ANTONIO MARQUES DA SILVA MARIZ,-3,#NE,#NE,15,PMDB,PARTIDO DO MOVIMENTO DEMOCRATICO BRASILEIRO,-3,#NE,#NE,-3,#NE,#NE,1,ELEITO
1994,1994002,Eleições 1994,15/11/1994,2,ELEIÇÃO ORDINÁRIA,2,ESTADUAL,ES,ES,ESPIRITO SANTO,3,GOVERNADOR,8030013105948,131,VITOR BUAIZ,VITOR BUAIZ,-3,#NE,#NE,13,PT,PARTIDO DOS TRABALHADORES,-3,#NE,#NE,-3,#NE,#NE,1,ELEITO
1994,1994002,Eleições 1994,15/11/1994,2,ELEIÇÃO ORDINÁRIA,2,ESTADUAL,PA,PA,PARA,3,GOVERNADOR,14030045101085,451,ALMIR JOSE DE OLIVEIRA GABRIEL,ALMIR JOSE DE OLIVEIRA GABRIEL,-3,#NE,#NE,45,PSDB,PARTIDO DA SOCIAL DEMOCRACIA BRASILEIRA,-3,#NE,#NE,-3,#NE,#NE,1,ELEITO
1994,1994001,Eleições 1994,03/10/1994,2,ELEIÇÃO ORDINÁRIA,1,ESTADUAL,PE,PE,PERNAMBUCO,3,GOVERNADOR,17030040103312,401,MIGUEL ARRAES DE ALENCAR,MIGUEL ARRAES DE ALENCAR,-3,#NE,#NE,40,PSB,PARTIDO SOCIALISTA BRASILEIRO,-3,#NE,#NE,-3,#NE,#NE,1,ELEITO
1994,1994001,Eleições 1994,03/10/1994,2,ELEIÇÃO ORDINÁRIA,1,ESTADUAL,CE,CE,CEARA,3,GOVERNADOR,6030045102434,451,TASSO RIBEIRO JEREISSATI,TASSO RIBEIRO JEREISSATI,-3,#NE,#NE,45,PSDB,PARTIDO DA SOCIAL DEMOCRACIA BRASILEIRA,-3,#NE,#NE,-3,#NE,#NE,1,ELEITO
1994,1994002,Eleições 1994,15/11/1994,2,ELEIÇÃO ORDINÁRIA,2,ESTADUAL,MA,MA,MARANHAO,3,GOVERNADOR,10030025101737,251,ROSEANA SARNEY MURAD,ROSEANA SARNEY MURAD,-3,#NE,#NE,25,PFL,PARTIDO DA FRENTE LIBERAL,-3,#NE,#NE,-3,#NE,#NE,1,ELEITO
1994,1994002,Eleições 1994,15/11/1994,2,ELEIÇÃO ORDINÁRIA,2,ESTADUAL,SP,SP,SAO PAULO,3,GOVERNADOR,25030045107736,451,MARIO COVAS JUNIOR,MARIO COVAS JUNIOR,-3,#NE,#NE,45,PSDB,PARTIDO DA SOCIAL DEMOCRACIA BRASILEIRA,-3,#NE,#NE,-3,#NE,#NE,1,ELEITO
1994,1994002,Eleições 1994,15/11/1994,2,ELEIÇÃO ORDINÁRIA,2,ESTADUAL,SC,SC,SANTA CATARINA,3,GOVERNADOR,24030015109891,151,PAULO AFONSO EVANGELISTA VIEIRA,PAULO AFONSO EVANGELISTA VIEIR,-3,#NE,#NE,15,PMDB,PARTIDO DO MOVIMENTO DEMOCRATICO BRASILEIRO,-3,#NE,#NE,-3,#NE,#NE,1,ELEITO
1994,1994001,Eleições 1994,03/10/1994,2,ELEIÇÃO ORDINÁRIA,1,ESTADUAL,AL,AL,ALAGOAS,3,GOVERNADOR,2030015103745,151,DIVALDO SURUAGY,DIVALDO SURUAGY,-3,#NE,#NE,15,PMDB,PARTIDO DO MOVIMENTO DEMOCRATICO BRASILEIRO,-3,#NE,#NE,-3,#NE,#NE,1,ELEITO
1994,1994002,Eleições 1994,15/11/1994,2,ELEIÇÃO ORDINÁRIA,2,ESTADUAL,BA,BA,BAHIA,3,GOVERNADOR,5030025104137,251,PAULO GANEM SOUTO,PAULO GANEM SOUTO,-3,#NE,#NE,25,PFL,PARTIDO DA FRENTE LIBERAL,-3,#NE,#NE,-3,#NE,#NE,1,ELEITO
1994,1994002,Eleições 1994,15/11/1994,2,ELEIÇÃO ORDINÁRIA,2,ESTADUAL,MG,MG,MINAS GERAIS,3,GOVERNADOR,13030045104852,451,EDUARDO BRANDAO DE AZEREDO,EDUARDO BRANDAO DE AZEREDO,-3,#NE,#NE,45,PSDB,PARTIDO DA SOCIAL DEMOCRACIA BRASILEIRA,-3,#NE,#NE,-3,#NE,#NE,1,ELEITO
1994,1994002,Eleições 1994,15/11/1994,2,ELEIÇÃO ORDINÁRIA,2,ESTADUAL,AP,AP,AMAPA,3,GOVERNADOR,3030040101504,401,JOAO ALBERTO RODRIGUES CAPIBERIBE,JOAO ALBERTO RODRIGUES CAPIBER,-3,#NE,#NE,40,PSB,PARTIDO SOCIALISTA BRASILEIRO,-3,#NE,#NE,-3,#NE,#NE,1,ELEITO
1994,1994002,Eleições 1994,15/11/1994,2,ELEIÇÃO ORDINÁRIA,2,ESTADUAL,AC,AC,ACRE,3,GOVERNADOR,1030011100357,111,ORLEIR MESSIAS CAMELI,ORLEIR MESSIAS CAMELI,-3,#NE,#NE,11,PPR,PARTIDO PROGRESSISTA REFORMADOR,-3,#NE,#NE,-3,#NE,#NE,1,ELEITO
1994,1994002,Eleições 1994,15/11/1994,2,ELEIÇÃO ORDINÁRIA,2,ESTADUAL,RO,RO,RONDONIA,3,GOVERNADOR,22030015100004,151,VALDIR RAUPP DE MATOS,VALDIR RAUPP DE MATOS,-3,#NE,#NE,15,PMDB,PARTIDO DO MOVIMENTO DEMOCRATICO BRASILEIRO,-3,#NE,#NE,-3,#NE,#NE,1,ELEITO
1994,1994001,Eleições 1994,03/10/1994,2,ELEIÇÃO ORDINÁRIA,1,ESTADUAL,RN,RN,RIO GRANDE DO NORTE,3,GOVERNADOR,20030015102872,151,GARIBALDI ALVES FILHO,GARIBALDI ALVES FILHO,-3,#NE,#NE,15,PMDB,PARTIDO DO MOVIMENTO DEMOCRATICO BRASILEIRO,-3,#NE,#NE,-3,#NE,#NE,1,ELEITO
1994,1994002,Eleições 1994,15/11/1994,2,ELEIÇÃO ORDINÁRIA,2,ESTADUAL,DF,DF,DISTRITO FEDERAL,3,GOVERNADOR,7030013111667,131,CRISTOVAM RICARDO CAVALCANTI BUARQUE,CRISTOVAM RICARDO CAVALCANTI B,-3,#NE,#NE,13,PT,PARTIDO DOS TRABALHADORES,-3,#NE,#NE,-3,#NE,#NE,1,ELEITO
1994,1994002,Eleições 1994,15/11/1994,2,ELEIÇÃO ORDINÁRIA,2,ESTADUAL,SE,SE,SERGIPE,3,GOVERNADOR,26030045103932,451,ALBANO DO PRADO PIMENTEL FRANCO,ALBANO DO PRADO PIMENTEL FRANC,-3,#NE,#NE,45,PSDB,PARTIDO DA SOCIAL DEMOCRACIA BRASILEIRA,-3,#NE,#NE,-3,#NE,#NE,1,ELEITO
1994,1994002,Eleições 1994,15/11/1994,2,ELEIÇÃO ORDINÁRIA,2,ESTADUAL,RR,RR,RORAIMA,3,GOVERNADOR,23030014100898,141,NEUDO RIBEIRO CAMPOS,NEUDO RIBEIRO CAMPOS,-3,#NE,#NE,14,PTB,PARTIDO TRABALHISTA BRASILEIRO,-3,#NE,#NE,-3,#NE,#NE,1,ELEITO
1994,1994001,Eleições 1994,03/10/1994,2,ELEIÇÃO ORDINÁRIA,1,ESTADUAL,TO,TO,TOCANTINS,3,GOVERNADOR,27030011109124,111,JOSE WILSON SIQUEIRA CAMPOS,JOSE WILSON SIQUEIRA CAMPOS,-3,#NE,#NE,11,PPR,PARTIDO PROGRESSISTA REFORMADOR,-3,#NE,#NE,-3,#NE,#NE,1,ELEITO
1994,1994001,Eleições 1994,03/10/1994,2,ELEIÇÃO ORDINÁRIA,1,ESTADUAL,PR,PR,PARANA,3,GOVERNADOR,16030012109329,121,JAIME LERNER,JAIME LERNER,-3,#NE,#NE,12,PDT,PARTIDO DEMOCRATICO TRABALHISTA,-3,#NE,#NE,-3,#NE,#NE,1,ELEITO
1994,1994002,Eleições 1994,15/11/1994,2,ELEIÇÃO ORDINÁRIA,2,ESTADUAL,PI,PI,PIAUI,3,GOVERNADOR,18030015102245,151,FRANCISCO DE ASSIS DE MORAES SOUSA,FRANCISCO DE ASSIS DE MORAES S,-3,#NE,#NE,15,PMDB,PARTIDO DO MOVIMENTO DEMOCRATICO BRASILEIRO,-3,#NE,#NE,-3,#NE,#NE,1,ELEITO
1994,1994001,Eleições 1994,03/10/1994,2,ELEIÇÃO ORDINÁRIA,1,ESTADUAL,CE,CE,CEARA,3,GOVERNADOR,6030045102434,451,TASSO RIBEIRO JEREISSATI,TASSO RIBEIRO JEREISSATI,-3,#NE,#NE,45,PSDB,PARTIDO DA SOCIAL DEMOCRACIA BRASILEIRA,-3,#NE,#NE,-3,#NE,#NE,1,ELEITO
1994,1994001,Eleições 1994,03/10/1994,2,ELEIÇÃO ORDINÁRIA,1,ESTADUAL,TO,TO,TOCANTINS,3,GOVERNADOR,27030011109124,111,JOSE WILSON SIQUEIRA CAMPOS,JOSE WILSON SIQUEIRA CAMPOS,-3,#NE,#NE,11,PPR,PARTIDO PROGRESSISTA REFORMADOR,-3,#NE,#NE,-3,#NE,#NE,1,ELEITO
1994,1994002,Eleições 1994,15/11/1994,2,ELEIÇÃO ORDINÁRIA,2,ESTADUAL,BA,BA,BAHIA,3,GOVERNADOR,5030025104137,251,PAULO GANEM SOUTO,PAULO GANEM SOUTO,-3,#NE,#NE,25,PFL,PARTIDO DA FRENTE LIBERAL,-3,#NE,#NE,-3,#NE,#NE,1,ELEITO
1994,1994001,Eleições 1994,03/10/1994,2,ELEIÇÃO ORDINÁRIA,1,ESTADUAL,PR,PR,PARANA,3,GOVERNADOR,16030012109329,121,JAIME LERNER,JAIME LERNER,-3,#NE,#NE,12,PDT,PARTIDO DEMOCRATICO TRABALHISTA,-3,#NE,#NE,-3,#NE,#NE,1,ELEITO
1994,1994002,Eleições 1994,15/11/1994,2,ELEIÇÃO ORDINÁRIA,2,ESTADUAL,SP,SP,SAO PAULO,3,GOVERNADOR,25030045107736,451,MARIO COVAS JUNIOR,MARIO COVAS JUNIOR,-3,#NE,#NE,45,PSDB,PARTIDO DA SOCIAL DEMOCRACIA BRASILEIRA,-3,#NE,#NE,-3,#NE,#NE,1,ELEITO
1994,1994002,Eleições 1994,15/11/1994,2,ELEIÇÃO ORDINÁRIA,2,ESTADUAL,DF,DF,DISTRITO FEDERAL,3,GOVERNADOR,7030013111667,131,CRISTOVAM RICARDO CAVALCANTI BUARQUE,CRISTOVAM RICARDO CAVALCANTI B,-3,#NE,#NE,13,PT,PARTIDO DOS TRABALHADORES,-3,#NE,#NE,-3,#NE,#NE,1,ELEITO
1994,1994001,Eleições 1994,03/10/1994,2,ELEIÇÃO ORDINÁRIA,1,ESTADUAL,MT,MT,MATO GROSSO,3,GOVERNADOR,11030012110957,121,DANTE MARTINS DE OLIVEIRA,DANTE MARTINS DE OLIVEIRA,-3,#NE,#NE,12,PDT,PARTIDO DEMOCRATICO TRABALHISTA,-3,#NE,#NE,-3,#NE,#NE,1,ELEITO
1994,1994001,Eleições 1994,03/10/1994,2,ELEIÇÃO ORDINÁRIA,1,ESTADUAL,AM,AM,AMAZONAS,3,GOVERNADOR,4030011100593,111,AMAZONINO ARMANDO MENDES,AMAZONINO ARMANDO MENDES,-3,#NE,#NE,11,PPR,PARTIDO PROGRESSISTA REFORMADOR,-3,#NE,#NE,-3,#NE,#NE,1,ELEITO
1994,1994002,Eleições 1994,15/11/1994,2,ELEIÇÃO ORDINÁRIA,2,ESTADUAL,SC,SC,SANTA CATARINA,3,GOVERNADOR,24030015109891,151,PAULO AFONSO EVANGELISTA VIEIRA,PAULO AFONSO EVANGELISTA VIEIR,-3,#NE,#NE,15,PMDB,PARTIDO DO MOVIMENTO DEMOCRATICO BRASILEIRO,-3,#NE,#NE,-3,#NE,#NE,1,ELEITO
1994,1994002,Eleições 1994,15/11/1994,2,ELEIÇÃO ORDINÁRIA,2,ESTADUAL,RO,RO,RONDONIA,3,GOVERNADOR,22030015100004,151,VALDIR RAUPP DE MATOS,VALDIR RAUPP DE MATOS,-3,#NE,#NE,15,PMDB,PARTIDO DO MOVIMENTO DEMOCRATICO BRASILEIRO,-3,#NE,#NE,-3,#NE,#NE,1,ELEITO
1994,1994002,Eleições 1994,15/11/1994,2,ELEIÇÃO ORDINÁRIA,2,ESTADUAL,PB,PB,PARAIBA,3,GOVERNADOR,15030015103067,151,ANTONIO MARQUES DA SILVA MARIZ,ANTONIO MARQUES DA SILVA MARIZ,-3,#NE,#NE,15,PMDB,PARTIDO DO MOVIMENTO DEMOCRATICO BRASILEIRO,-3,#NE,#NE,-3,#NE,#NE,1,ELEITO
1994,1994002,Eleições 1994,15/11/1994,2,ELEIÇÃO ORDINÁRIA,2,ESTADUAL,MA,MA,MARANHAO,3,GOVERNADOR,10030025101737,251,ROSEANA SARNEY MURAD,ROSEANA SARNEY MURAD,-3,#NE,#NE,25,PFL,PARTIDO DA FRENTE LIBERAL,-3,#NE,#NE,-3,#NE,#NE,1,ELEITO
1994,1994001,Eleições 1994,03/10/1994,2,ELEIÇÃO ORDINÁRIA,1,ESTADUAL,AL,AL,ALAGOAS,3,GOVERNADOR,2030015103745,151,DIVALDO SURUAGY,DIVALDO SURUAGY,-3,#NE,#NE,15,PMDB,PARTIDO DO MOVIMENTO DEMOCRATICO BRASILEIRO,-3,#NE,#NE,-3,#NE,#NE,1,ELEITO
1994,1994002,Eleições 1994,15/11/1994,2,ELEIÇÃO ORDINÁRIA,2,ESTADUAL,PI,PI,PIAUI,3,GOVERNADOR,18030015102245,151,FRANCISCO DE ASSIS DE MORAES SOUSA,FRANCISCO DE ASSIS DE MORAES S,-3,#NE,#NE,15,PMDB,PARTIDO DO MOVIMENTO DEMOCRATICO BRASILEIRO,-3,#NE,#NE,-3,#NE,#NE,1,ELEITO
1994,1994001,Eleições 1994,03/10/1994,2,ELEIÇÃO ORDINÁRIA,1,ESTADUAL,PE,PE,PERNAMBUCO,3,GOVERNADOR,17030040103312,401,MIGUEL ARRAES DE ALENCAR,MIGUEL ARRAES DE ALENCAR,-3,#NE,#NE,40,PSB,PARTIDO SOCIALISTA BRASILEIRO,-3,#NE,#NE,-3,#NE,#NE,1,ELEITO
1994,1994002,Eleições 1994,15/11/1994,2,ELEIÇÃO ORDINÁRIA,2,ESTADUAL,GO,GO,GOIAS,3,GOVERNADOR,9030015111148,151,LUIZ ALBERTO MAGUITO VILELA,LUIZ ALBERTO MAGUITO VILELA,-3,#NE,#NE,15,PMDB,PARTIDO DO MOVIMENTO DEMOCRATICO BRASILEIRO,-3,#NE,#NE,-3,#NE,#NE,1,ELEITO
1994,1994002,Eleições 1994,15/11/1994,2,ELEIÇÃO ORDINÁRIA,2,ESTADUAL,RR,RR,RORAIMA,3,GOVERNADOR,23030014100898,141,NEUDO RIBEIRO CAMPOS,NEUDO RIBEIRO CAMPOS,-3,#NE,#NE,14,PTB,PARTIDO TRABALHISTA BRASILEIRO,-3,#NE,#NE,-3,#NE,#NE,1,ELEITO
1994,1994002,Eleições 1994,15/11/1994,2,ELEIÇÃO ORDINÁRIA,2,ESTADUAL,SE,SE,SERGIPE,3,GOVERNADOR,26030045103932,451,ALBANO DO PRADO PIMENTEL FRANCO,ALBANO DO PRADO PIMENTEL FRANC,-3,#NE,#NE,45,PSDB,PARTIDO DA SOCIAL DEMOCRACIA BRASILEIRA,-3,#NE,#NE,-3,#NE,#NE,1,ELEITO
1994,1994001,Eleições 1994,03/10/1994,2,ELEIÇÃO ORDINÁRIA,1,ESTADUAL,MS,MS,MATO GROSSO DO SUL,3,GOVERNADOR,12030015110773,151,WILSON BARBOSA MARTINS,WILSON BARBOSA MARTINS,-3,#NE,#NE,15,PMDB,PARTIDO DO MOVIMENTO DEMOCRATICO BRASILEIRO,-3,#NE,#NE,-3,#NE,#NE,1,ELEITO
1994,1994002,Eleições 1994,15/11/1994,2,ELEIÇÃO ORDINÁRIA,2,ESTADUAL,RS,RS,RIO GRANDE DO SUL,3,GOVERNADOR,21030015110162,151,ANTONIO BRITTO FILHO,ANTONIO BRITTO FILHO,-3,#NE,#NE,15,PMDB,PARTIDO DO MOVIMENTO DEMOCRATICO BRASILEIRO,-3,#NE,#NE,-3,#NE,#NE,1,ELEITO
1994,1994002,Eleições 1994,15/11/1994,2,ELEIÇÃO ORDINÁRIA,2,ESTADUAL,ES,ES,ESPIRITO SANTO,3,GOVERNADOR,8030013105948,131,VITOR BUAIZ,VITOR BUAIZ,-3,#NE,#NE,13,PT,PARTIDO DOS TRABALHADORES,-3,#NE,#NE,-3,#NE,#NE,1,ELEITO
1994,1994002,Eleições 1994,15/11/1994,2,ELEIÇÃO ORDINÁRIA,2,ESTADUAL,RJ,RJ,RIO DE JANEIRO,3,GOVERNADOR,19030045106319,451,MARCELLO NUNES DE ALENCAR,MARCELLO NUNES DE ALENCAR,-3,#NE,#NE,45,PSDB,PARTIDO DA SOCIAL DEMOCRACIA BRASILEIRA,-3,#NE,#NE,-3,#NE,#NE,1,ELEITO
1998,1998001,Eleições Ordinárias - 1998,04/10/1998,2,ELEIÇÃO ORDINÁRIA,1,FEDERAL,AC,AC,ACRE,3,GOVERNADOR,100000103000131,13,JORGE NEY VIANA MACEDO NEVES,JORGE VIANA,2,DEFERIDO,COLIGAÇÃO,13,PT,PARTIDO DOS TRABALHADORES,,,,-3,FRENTE POPULAR DO ACRE,PC do B / PDT / PL / PMN / PPS / PSB / PSDB / PT / PT do B,1,ELEITO
1998,1998001,Eleições Ordinárias - 1998,04/10/1998,2,ELEIÇÃO ORDINÁRIA,1,FEDERAL,AL,AL,ALAGOAS,3,GOVERNADOR,200000203000401,40,RONALDO AUGUSTO LESSA SANTOS,RONALDO LESSA,2,DEFERIDO,COLIGAÇÃO,40,PSB,PARTIDO SOCIALISTA BRASILEIRO,,,,-3,ALAGOAS PARA TODOS,PC do B / PDT / PSB / PT,1,ELEITO
1998,1998001,Eleições Ordinárias - 1998,04/10/1998,2,ELEIÇÃO ORDINÁRIA,1,FEDERAL,AM,AM,AMAZONAS,3,GOVERNADOR,400000403000251,25,AMAZONINO ARMANDO MENDES,AMAZONINO MENDES,2,DEFERIDO,COLIGAÇÃO,25,PFL,PARTIDO DA FRENTE LIBERAL,,,,-3,AMAZONAS FORTE 1,PFL / PMDB,1,ELEITO
1998,1998002,Eleições Ordinárias - 1998,25/10/1998,2,ELEIÇÃO ORDINÁRIA,2,FEDERAL,AP,AP,AMAPÁ,3,GOVERNADOR,300000303000401,40,JOÃO ALBERTO RODRIGUES CAPIBERIBE,CAPI,2,DEFERIDO,COLIGAÇÃO,40,PSB,PARTIDO SOCIALISTA BRASILEIRO,,,,-3,AMAPÁ PARA TODOS,PC do B / PPS / PSB / PT,1,ELEITO
1998,1998001,Eleições Ordinárias - 1998,04/10/1998,2,ELEIÇÃO ORDINÁRIA,1,FEDERAL,BA,BA,BAHIA,3,GOVERNADOR,500000503000251,25,CESAR AUGUSTO RABELLO BORGES,CESAR BORGES,2,DEFERIDO,COLIGAÇÃO,25,PFL,PARTIDO DA FRENTE LIBERAL,,,,-3,COLIGAÇÃO LUIS EDUARDO MAGALHÃES,PFL / PL / PMDB / PPB / PRN / PSC / PT do B / PTB,1,ELEITO
1998,1998001,Eleições Ordinárias - 1998,04/10/1998,2,ELEIÇÃO ORDINÁRIA,1,FEDERAL,CE,CE,CEARÁ,3,GOVERNADOR,600000603000451,45,TASSO RIBEIRO JEREISSATI,TASSO,2,DEFERIDO,COLIGAÇÃO,45,PSDB,PARTIDO DA SOCIAL DEMOCRACIA BRASILEIRA,,,,-3,PRA FRENTE CEARÁ,PPB / PSDB,1,ELEITO
1998,1998002,Eleições Ordinárias - 1998,25/10/1998,2,ELEIÇÃO ORDINÁRIA,2,FEDERAL,DF,DF,DISTRITO FEDERAL,3,GOVERNADOR,700000703000151,15,JOAQUIM DOMINGOS RORIZ,RORIZ,2,DEFERIDO,COLIGAÇÃO,15,PMDB,PARTIDO DO MOVIMENTO DEMOCRÁTICO BRASILEIRO,,,,-3,COMUNIDADE UNIDA,PMDB / PPB,1,ELEITO
1998,1998001,Eleições Ordinárias - 1998,04/10/1998,2,ELEIÇÃO ORDINÁRIA,1,FEDERAL,ES,ES,ESPÍRITO SANTO,3,GOVERNADOR,800000803000451,45,JOSE IGNACIO FERREIRA,JOSÉ IGNÁCIO,2,DEFERIDO,COLIGAÇÃO,45,PSDB,PARTIDO DA SOCIAL DEMOCRACIA BRASILEIRA,,,,-3,COLIGAÇÃO PARTIDÁRIA  COMPROMISSO COM O ESPÍRITO SANTO ,PFL / PL / PPB / PSDB / PV,1,ELEITO
1998,1998002,Eleições Ordinárias - 1998,25/10/1998,2,ELEIÇÃO ORDINÁRIA,2,FEDERAL,GO,GO,GOIÁS,3,GOVERNADOR,900000903000451,45,MARCONI FERREIRA PERILLO JUNIOR,MARCONI PERILLO,2,DEFERIDO,COLIGAÇÃO,45,PSDB,PARTIDO DA SOCIAL DEMOCRACIA BRASILEIRA,,,,-3,CERTEZA DE UM TEMPO NOVO,PFL / PPB / PSDB / PSDC / PTB,1,ELEITO
1998,1998001,Eleições Ordinárias - 1998,04/10/1998,2,ELEIÇÃO ORDINÁRIA,1,FEDERAL,MA,MA,MARANHÃO,3,GOVERNADOR,100001003000251,25,ROSEANA SARNEY MURAD,ROSEANA SARNEY,2,DEFERIDO,COLIGAÇÃO,25,PFL,PARTIDO DA FRENTE LIBERAL,,,,-3,MARANHÃO MUITO MAIS,PC do B / PFL / PL / PMDB / PRP / PRTB / PSC / PSD / PSDC,1,ELEITO
1998,1998002,Eleições Ordinárias - 1998,25/10/1998,2,ELEIÇÃO ORDINÁRIA,2,FEDERAL,MG,MG,MINAS GERAIS,3,GOVERNADOR,130001303000151,15,ITAMAR AUGUSTO CAUTIERO FRANCO,ITAMAR FRANCO,2,DEFERIDO,COLIGAÇÃO,15,PMDB,PARTIDO DO MOVIMENTO DEMOCRÁTICO BRASILEIRO,,,,-3,MINAS LEVANTA SUA VOZ,PMDB,1,ELEITO
1998,1998002,Eleições Ordinárias - 1998,25/10/1998,2,ELEIÇÃO ORDINÁRIA,2,FEDERAL,MS,MS,MATO GROSSO DO SUL,3,GOVERNADOR,120001203000131,13,JOSÉ ORCÍRIO MIRANDA DOS SANTOS,ZECA,2,DEFERIDO,COLIGAÇÃO,13,PT,PARTIDO DOS TRABALHADORES,,,,-3,MOVIMENTO MUDA MATO GROSSO DO SUL,PAN / PC do B / PDT / PPS / PSB / PT,1,ELEITO
1998,1998001,Eleições Ordinárias - 1998,04/10/1998,2,ELEIÇÃO ORDINÁRIA,1,FEDERAL,MT,MT,MATO GROSSO,3,GOVERNADOR,110001103000451,45,DANTE MARTINS DE OLIVEIRA,DANTE DE OLIVEIRA,2,DEFERIDO,COLIGAÇÃO,45,PSDB,PARTIDO DA SOCIAL DEMOCRACIA BRASILEIRA,,,,-3,FRENTE CIDADANIA E DESENVOLVIMENTO,PMN / PSDB / PV,1,ELEITO
1998,1998002,Eleições Ordinárias - 1998,25/10/1998,2,ELEIÇÃO ORDINÁRIA,2,FEDERAL,PA,PA,PARÁ,3,GOVERNADOR,140001403000451,45,ALMIR JOSÉ DE OLIVEIRA GABRIEL,ALMIR GABRIEL,2,DEFERIDO,COLIGAÇÃO,45,PSDB,PARTIDO DA SOCIAL DEMOCRACIA BRASILEIRA,,,,-3,COLIGAÇÃO UNIÃO PELO PARÁ,PPB / PSDB / PTB,1,ELEITO
1998,1998001,Eleições Ordinárias - 1998,04/10/1998,2,ELEIÇÃO ORDINÁRIA,1,FEDERAL,PB,PB,PARAÍBA,3,GOVERNADOR,150001503000151,15,JOSE TARGINO MARANHAO,ZE MARANHÃO,4,SUB-JÚDICE,COLIGAÇÃO,15,PMDB,PARTIDO DO MOVIMENTO DEMOCRÁTICO BRASILEIRO,,,,-3,PARAÍBA UNIDA,PMDB,1,ELEITO
1998,1998001,Eleições Ordinárias - 1998,04/10/1998,2,ELEIÇÃO ORDINÁRIA,1,FEDERAL,PE,PE,PERNAMBUCO,3,GOVERNADOR,170001703000151,15,JARBAS DE ANDRADE VASCONCELOS,JARBAS VASCONCELOS,2,DEFERIDO,COLIGAÇÃO,15,PMDB,PARTIDO DO MOVIMENTO DEMOCRÁTICO BRASILEIRO,,,,-3,UNIÃO POR PERNAMBUCO,PFL / PMDB / PPB / PSDC / PST / PTN,1,ELEITO
1998,1998002,Eleições Ordinárias - 1998,25/10/1998,2,ELEIÇÃO ORDINÁRIA,2,FEDERAL,PI,PI,PIAUÍ,3,GOVERNADOR,180001803000251,25,HUGO NAPOLEAO DO REGO NETO,HUGO NAPOLEÃO,2,DEFERIDO,COLIGAÇÃO,25,PFL,PARTIDO DA FRENTE LIBERAL,,,,-3,AVANÇA PIAUÍ,PAN / PFL / PPB / PRP / PSL / PT do B / PV,1,ELEITO
1998,1998001,Eleições Ordinárias - 1998,04/10/1998,2,ELEIÇÃO ORDINÁRIA,1,FEDERAL,PR,PR,PARANÁ,3,GOVERNADOR,160001603000251,25,JAIME LERNER,JAIME LERNER,2,DEFERIDO,COLIGAÇÃO,25,PFL,PARTIDO DA FRENTE LIBERAL,,,,-3,MOVIMENTO PARANÁ SEGUE EM FRENTE,PFL / PTB,1,ELEITO
1998,1998002,Eleições Ordinárias - 1998,25/10/1998,2,ELEIÇÃO ORDINÁRIA,2,FEDERAL,RJ,RJ,RIO DE JANEIRO,3,GOVERNADOR,190001903000121,12,ANTHONY WILLIAM GAROTINHO MATHEUS DE OLIVEIRA,GAROTINHO,2,DEFERIDO,COLIGAÇÃO,12,PDT,PARTIDO DEMOCRÁTICO TRABALHISTA,,,,-3,COLIGAÇÃO MUDA RIO,PDT / PSB / PT,1,ELEITO
1998,1998001,Eleições Ordinárias - 1998,04/10/1998,2,ELEIÇÃO ORDINÁRIA,1,FEDERAL,RN,RN,RIO GRANDE DO NORTE,3,GOVERNADOR,200002003000151,15,GARIBALDI ALVES FILHO,GARIBALDI ALVES FILHO,2,DEFERIDO,COLIGAÇÃO,15,PMDB,PARTIDO DO MOVIMENTO DEMOCRÁTICO BRASILEIRO,,,,-3,UNIDADE POPULAR,PAN / PMDB / PMN / PPB / PPS / PRTB / PT do B,1,ELEITO
1998,1998002,Eleições Ordinárias - 1998,25/10/1998,2,ELEIÇÃO ORDINÁRIA,2,FEDERAL,RO,RO,RONDÔNIA,3,GOVERNADOR,220002203000251,25,JOSE DE ABREU BIANCO,BIANCO,2,DEFERIDO,PARTIDO ISOLADO,25,PFL,PARTIDO DA FRENTE LIBERAL,,,,-3,PARTIDO ISOLADO,PFL,1,ELEITO
1998,1998002,Eleições Ordinárias - 1998,25/10/1998,2,ELEIÇÃO ORDINÁRIA,2,FEDERAL,RR,RR,RORAIMA,3,GOVERNADOR,230002303000111,11,NEUDO RIBEIRO CAMPOS,NEUDO CAMPOS,2,DEFERIDO,COLIGAÇÃO,11,PPB,PARTIDO PROGRESSISTA BRASILEIRO,,,,-3,COLIGAÇÃO RORAIMA EM AÇÃO,PDT / PPB / PSL,1,ELEITO
1998,1998002,Eleições Ordinárias - 1998,25/10/1998,2,ELEIÇÃO ORDINÁRIA,2,FEDERAL,RS,RS,RIO GRANDE DO SUL,3,GOVERNADOR,210002103000131,13,OLIVIO DE OLIVEIRA DUTRA,OLIVIO DUTRA,2,DEFERIDO,COLIGAÇÃO,13,PT,PARTIDO DOS TRABALHADORES,,,,-3,FRENTE POPULAR,PC do B / PCB / PSB / PT,1,ELEITO
1998,1998001,Eleições Ordinárias - 1998,04/10/1998,2,ELEIÇÃO ORDINÁRIA,1,FEDERAL,SC,SC,SANTA CATARINA,3,GOVERNADOR,240002403000111,11,ESPERIDIÃO AMIN HELOU FILHO,ESPERIDIÃO AMIN,2,DEFERIDO,COLIGAÇÃO,11,PPB,PARTIDO PROGRESSISTA BRASILEIRO,,,,-3,MAIS SANTA CATARINA,PFL / PPB,1,ELEITO
1998,1998002,Eleições Ordinárias - 1998,25/10/1998,2,ELEIÇÃO ORDINÁRIA,2,FEDERAL,SE,SE,SERGIPE,3,GOVERNADOR,260002603000451,45,ALBANO DO PRADO PIMENTEL FRANCO,ALBANO DO PRADO FRANCO,2,DEFERIDO,COLIGAÇÃO,45,PSDB,PARTIDO DA SOCIAL DEMOCRACIA BRASILEIRA,,,,-3,UNIÃO POR SERGIPE,PL / PMDB / PMN / PPB / PPS / PSC / PSDB / PV,1,ELEITO
1998,1998002,Eleições Ordinárias - 1998,25/10/1998,2,ELEIÇÃO ORDINÁRIA,2,FEDERAL,SP,SP,SÃO PAULO,3,GOVERNADOR,250002503000451,45,MÁRIO COVAS JUNIOR,MÁRIO COVAS,2,DEFERIDO,COLIGAÇÃO,45,PSDB,PARTIDO DA SOCIAL DEMOCRACIA BRASILEIRA,,,,-3,COLIGAÇÃO  SÃO PAULO NO RUMO CERTO  (PSDB / PTB / PSD),PSDB / PTB,1,ELEITO
1998,1998001,Eleições Ordinárias - 1998,04/10/1998,2,ELEIÇÃO ORDINÁRIA,1,FEDERAL,TO,TO,TOCANTINS,3,GOVERNADOR,270002703000251,25,JOSE WILSON SIQUEIRA CAMPOS,SIQUEIRA CAMPOS,2,DEFERIDO,COLIGAÇÃO,25,PFL,PARTIDO DA FRENTE LIBERAL,,,,-3,UNIÃO DO TOCANTINS,PFL / PPB / PSB / PSC / PSDB / PTB,1,ELEITO
1998,1998001,Eleições Ordinárias - 1998,04/10/1998,2,ELEIÇÃO ORDINÁRIA,1,FEDERAL,BR,BR,BRASIL,1,PRESIDENTE,280002801000451,45,FERNANDO HENRIQUE CARDOSO,FERNANDO HENRIQUE,2,DEFERIDO,COLIGAÇÃO,45,PSDB,PARTIDO DA SOCIAL DEMOCRACIA BRASILEIRA,,,,-3,UNIÃO TRABALHO E PROGRESSO,PFL / PSDB,1,ELEITO
1998,1998001,Eleições Ordinárias - 1998,04/10/1998,2,ELEIÇÃO ORDINÁRIA,1,FEDERAL,MA,MA,MARANHÃO,3,GOVERNADOR,100001003000251,25,ROSEANA SARNEY MURAD,ROSEANA SARNEY,2,DEFERIDO,COLIGAÇÃO,25,PFL,PARTIDO DA FRENTE LIBERAL,,,,-3,MARANHÃO MUITO MAIS,PC do B / PFL / PL / PMDB / PRP / PRTB / PSC / PSD / PSDC,1,ELEITO
1998,1998002,Eleições Ordinárias - 1998,25/10/1998,2,ELEIÇÃO ORDINÁRIA,2,FEDERAL,MG,MG,MINAS GERAIS,3,GOVERNADOR,130001303000151,15,ITAMAR AUGUSTO CAUTIERO FRANCO,ITAMAR FRANCO,2,DEFERIDO,COLIGAÇÃO,15,PMDB,PARTIDO DO MOVIMENTO DEMOCRÁTICO BRASILEIRO,,,,-3,MINAS LEVANTA SUA VOZ,PMDB,1,ELEITO
1998,1998001,Eleições Ordinárias - 1998,04/10/1998,2,ELEIÇÃO ORDINÁRIA,1,FEDERAL,SC,SC,SANTA CATARINA,3,GOVERNADOR,240002403000111,11,ESPERIDIÃO AMIN HELOU FILHO,ESPERIDIÃO AMIN,2,DEFERIDO,COLIGAÇÃO,11,PPB,PARTIDO PROGRESSISTA BRASILEIRO,,,,-3,MAIS SANTA CATARINA,PFL / PPB,1,ELEITO
1998,1998002,Eleições Ordinárias - 1998,25/10/1998,2,ELEIÇÃO ORDINÁRIA,2,FEDERAL,PA,PA,PARÁ,3,GOVERNADOR,140001403000451,45,ALMIR JOSÉ DE OLIVEIRA GABRIEL,ALMIR GABRIEL,2,DEFERIDO,COLIGAÇÃO,45,PSDB,PARTIDO DA SOCIAL DEMOCRACIA BRASILEIRA,,,,-3,COLIGAÇÃO UNIÃO PELO PARÁ,PPB / PSDB / PTB,1,ELEITO
1998,1998002,Eleições Ordinárias - 1998,25/10/1998,2,ELEIÇÃO ORDINÁRIA,2,FEDERAL,RO,RO,RONDÔNIA,3,GOVERNADOR,220002203000251,25,JOSE DE ABREU BIANCO,BIANCO,2,DEFERIDO,PARTIDO ISOLADO,25,PFL,PARTIDO DA FRENTE LIBERAL,,,,-3,PARTIDO ISOLADO,PFL,1,ELEITO
1998,1998002,Eleições Ordinárias - 1998,25/10/1998,2,ELEIÇÃO ORDINÁRIA,2,FEDERAL,AP,AP,AMAPÁ,3,GOVERNADOR,300000303000401,40,JOÃO ALBERTO RODRIGUES CAPIBERIBE,CAPI,2,DEFERIDO,COLIGAÇÃO,40,PSB,PARTIDO SOCIALISTA BRASILEIRO,,,,-3,AMAPÁ PARA TODOS,PC do B / PPS / PSB / PT,1,ELEITO
1998,1998002,Eleições Ordinárias - 1998,25/10/1998,2,ELEIÇÃO ORDINÁRIA,2,FEDERAL,SE,SE,SERGIPE,3,GOVERNADOR,260002603000451,45,ALBANO DO PRADO PIMENTEL FRANCO,ALBANO DO PRADO FRANCO,2,DEFERIDO,COLIGAÇÃO,45,PSDB,PARTIDO DA SOCIAL DEMOCRACIA BRASILEIRA,,,,-3,UNIÃO POR SERGIPE,PL / PMDB / PMN / PPB / PPS / PSC / PSDB / PV,1,ELEITO
1998,1998001,Eleições Ordinárias - 1998,04/10/1998,2,ELEIÇÃO ORDINÁRIA,1,FEDERAL,CE,CE,CEARÁ,3,GOVERNADOR,600000603000451,45,TASSO RIBEIRO JEREISSATI,TASSO,2,DEFERIDO,COLIGAÇÃO,45,PSDB,PARTIDO DA SOCIAL DEMOCRACIA BRASILEIRA,,,,-3,PRA FRENTE CEARÁ,PPB / PSDB,1,ELEITO
1998,1998002,Eleições Ordinárias - 1998,25/10/1998,2,ELEIÇÃO ORDINÁRIA,2,FEDERAL,RJ,RJ,RIO DE JANEIRO,3,GOVERNADOR,190001903000121,12,ANTHONY WILLIAM GAROTINHO MATHEUS DE OLIVEIRA,GAROTINHO,2,DEFERIDO,COLIGAÇÃO,12,PDT,PARTIDO DEMOCRÁTICO TRABALHISTA,,,,-3,COLIGAÇÃO MUDA RIO,PDT / PSB / PT,1,ELEITO
1998,1998001,Eleições Ordinárias - 1998,04/10/1998,2,ELEIÇÃO ORDINÁRIA,1,FEDERAL,AC,AC,ACRE,3,GOVERNADOR,100000103000131,13,JORGE NEY VIANA MACEDO NEVES,JORGE VIANA,2,DEFERIDO,COLIGAÇÃO,13,PT,PARTIDO DOS TRABALHADORES,,,,-3,FRENTE POPULAR DO ACRE,PC do B / PDT / PL / PMN / PPS / PSB / PSDB / PT / PT do B,1,ELEITO
1998,1998001,Eleições Ordinárias - 1998,04/10/1998,2,ELEIÇÃO ORDINÁRIA,1,FEDERAL,BA,BA,BAHIA,3,GOVERNADOR,500000503000251,25,CESAR AUGUSTO RABELLO BORGES,CESAR BORGES,2,DEFERIDO,COLIGAÇÃO,25,PFL,PARTIDO DA FRENTE LIBERAL,,,,-3,COLIGAÇÃO LUIS EDUARDO MAGALHÃES,PFL / PL / PMDB / PPB / PRN / PSC / PT do B / PTB,1,ELEITO
1998,1998001,Eleições Ordinárias - 1998,04/10/1998,2,ELEIÇÃO ORDINÁRIA,1,FEDERAL,MT,MT,MATO GROSSO,3,GOVERNADOR,110001103000451,45,DANTE MARTINS DE OLIVEIRA,DANTE DE OLIVEIRA,2,DEFERIDO,COLIGAÇÃO,45,PSDB,PARTIDO DA SOCIAL DEMOCRACIA BRASILEIRA,,,,-3,FRENTE CIDADANIA E DESENVOLVIMENTO,PMN / PSDB / PV,1,ELEITO
1998,1998001,Eleições Ordinárias - 1998,04/10/1998,2,ELEIÇÃO ORDINÁRIA,1,FEDERAL,PE,PE,PERNAMBUCO,3,GOVERNADOR,170001703000151,15,JARBAS DE ANDRADE VASCONCELOS,JARBAS VASCONCELOS,2,DEFERIDO,COLIGAÇÃO,15,PMDB,PARTIDO DO MOVIMENTO DEMOCRÁTICO BRASILEIRO,,,,-3,UNIÃO POR PERNAMBUCO,PFL / PMDB / PPB / PSDC / PST / PTN,1,ELEITO
1998,1998001,Eleições Ordinárias - 1998,04/10/1998,2,ELEIÇÃO ORDINÁRIA,1,FEDERAL,ES,ES,ESPÍRITO SANTO,3,GOVERNADOR,800000803000451,45,JOSE IGNACIO FERREIRA,JOSÉ IGNÁCIO,2,DEFERIDO,COLIGAÇÃO,45,PSDB,PARTIDO DA SOCIAL DEMOCRACIA BRASILEIRA,,,,-3,COLIGAÇÃO PARTIDÁRIA  COMPROMISSO COM O ESPÍRITO SANTO ,PFL / PL / PPB / PSDB / PV,1,ELEITO
1998,1998001,Eleições Ordinárias - 1998,04/10/1998,2,ELEIÇÃO ORDINÁRIA,1,FEDERAL,AL,AL,ALAGOAS,3,GOVERNADOR,200000203000401,40,RONALDO AUGUSTO LESSA SANTOS,RONALDO LESSA,2,DEFERIDO,COLIGAÇÃO,40,PSB,PARTIDO SOCIALISTA BRASILEIRO,,,,-3,ALAGOAS PARA TODOS,PC do B / PDT / PSB / PT,1,ELEITO
1998,1998001,Eleições Ordinárias - 1998,04/10/1998,2,ELEIÇÃO ORDINÁRIA,1,FEDERAL,PB,PB,PARAÍBA,3,GOVERNADOR,150001503000151,15,JOSE TARGINO MARANHAO,ZE MARANHÃO,4,SUB-JÚDICE,COLIGAÇÃO,15,PMDB,PARTIDO DO MOVIMENTO DEMOCRÁTICO BRASILEIRO,,,,-3,PARAÍBA UNIDA,PMDB,1,ELEITO
1998,1998002,Eleições Ordinárias - 1998,25/10/1998,2,ELEIÇÃO ORDINÁRIA,2,FEDERAL,GO,GO,GOIÁS,3,GOVERNADOR,900000903000451,45,MARCONI FERREIRA PERILLO JUNIOR,MARCONI PERILLO,2,DEFERIDO,COLIGAÇÃO,45,PSDB,PARTIDO DA SOCIAL DEMOCRACIA BRASILEIRA,,,,-3,CERTEZA DE UM TEMPO NOVO,PFL / PPB / PSDB / PSDC / PTB,1,ELEITO
1998,1998002,Eleições Ordinárias - 1998,25/10/1998,2,ELEIÇÃO ORDINÁRIA,2,FEDERAL,RR,RR,RORAIMA,3,GOVERNADOR,230002303000111,11,NEUDO RIBEIRO CAMPOS,NEUDO CAMPOS,2,DEFERIDO,COLIGAÇÃO,11,PPB,PARTIDO PROGRESSISTA BRASILEIRO,,,,-3,COLIGAÇÃO RORAIMA EM AÇÃO,PDT / PPB / PSL,1,ELEITO
1998,1998001,Eleições Ordinárias - 1998,04/10/1998,2,ELEIÇÃO ORDINÁRIA,1,FEDERAL,AM,AM,AMAZONAS,3,GOVERNADOR,400000403000251,25,AMAZONINO ARMANDO MENDES,AMAZONINO MENDES,2,DEFERIDO,COLIGAÇÃO,25,PFL,PARTIDO DA FRENTE LIBERAL,,,,-3,AMAZONAS FORTE 1,PFL / PMDB,1,ELEITO
1998,1998001,Eleições Ordinárias - 1998,04/10/1998,2,ELEIÇÃO ORDINÁRIA,1,FEDERAL,TO,TO,TOCANTINS,3,GOVERNADOR,270002703000251,25,JOSE WILSON SIQUEIRA CAMPOS,SIQUEIRA CAMPOS,2,DEFERIDO,COLIGAÇÃO,25,PFL,PARTIDO DA FRENTE LIBERAL,,,,-3,UNIÃO DO TOCANTINS,PFL / PPB / PSB / PSC / PSDB / PTB,1,ELEITO
1998,1998002,Eleições Ordinárias - 1998,25/10/1998,2,ELEIÇÃO ORDINÁRIA,2,FEDERAL,PI,PI,PIAUÍ,3,GOVERNADOR,180001803000251,25,HUGO NAPOLEAO DO REGO NETO,HUGO NAPOLEÃO,2,DEFERIDO,COLIGAÇÃO,25,PFL,PARTIDO DA FRENTE LIBERAL,,,,-3,AVANÇA PIAUÍ,PAN / PFL / PPB / PRP / PSL / PT do B / PV,1,ELEITO
1998,1998002,Eleições Ordinárias - 1998,25/10/1998,2,ELEIÇÃO ORDINÁRIA,2,FEDERAL,SP,SP,SÃO PAULO,3,GOVERNADOR,250002503000451,45,MÁRIO COVAS JUNIOR,MÁRIO COVAS,2,DEFERIDO,COLIGAÇÃO,45,PSDB,PARTIDO DA SOCIAL DEMOCRACIA BRASILEIRA,,,,-3,COLIGAÇÃO  SÃO PAULO NO RUMO CERTO  (PSDB / PTB / PSD),PSDB / PTB,1,ELEITO
1998,1998002,Eleições Ordinárias - 1998,25/10/1998,2,ELEIÇÃO ORDINÁRIA,2,FEDERAL,MS,MS,MATO GROSSO DO SUL,3,GOVERNADOR,120001203000131,13,JOSÉ ORCÍRIO MIRANDA DOS SANTOS,ZECA,2,DEFERIDO,COLIGAÇÃO,13,PT,PARTIDO DOS TRABALHADORES,,,,-3,MOVIMENTO MUDA MATO GROSSO DO SUL,PAN / PC do B / PDT / PPS / PSB / PT,1,ELEITO
1998,1998001,Eleições Ordinárias - 1998,04/10/1998,2,ELEIÇÃO ORDINÁRIA,1,FEDERAL,PR,PR,PARANÁ,3,GOVERNADOR,160001603000251,25,JAIME LERNER,JAIME LERNER,2,DEFERIDO,COLIGAÇÃO,25,PFL,PARTIDO DA FRENTE LIBERAL,,,,-3,MOVIMENTO PARANÁ SEGUE EM FRENTE,PFL / PTB,1,ELEITO
1998,1998002,Eleições Ordinárias - 1998,25/10/1998,2,ELEIÇÃO ORDINÁRIA,2,FEDERAL,DF,DF,DISTRITO FEDERAL,3,GOVERNADOR,700000703000151,15,JOAQUIM DOMINGOS RORIZ,RORIZ,2,DEFERIDO,COLIGAÇÃO,15,PMDB,PARTIDO DO MOVIMENTO DEMOCRÁTICO BRASILEIRO,,,,-3,COMUNIDADE UNIDA,PMDB / PPB,1,ELEITO
1998,1998001,Eleições Ordinárias - 1998,04/10/1998,2,ELEIÇÃO ORDINÁRIA,1,FEDERAL,RN,RN,RIO GRANDE DO NORTE,3,GOVERNADOR,200002003000151,15,GARIBALDI ALVES FILHO,GARIBALDI ALVES FILHO,2,DEFERIDO,COLIGAÇÃO,15,PMDB,PARTIDO DO MOVIMENTO DEMOCRÁTICO BRASILEIRO,,,,-3,UNIDADE POPULAR,PAN / PMDB / PMN / PPB / PPS / PRTB / PT do B,1,ELEITO
1998,1998002,Eleições Ordinárias - 1998,25/10/1998,2,ELEIÇÃO ORDINÁRIA,2,FEDERAL,RS,RS,RIO GRANDE DO SUL,3,GOVERNADOR,210002103000131,13,OLIVIO DE OLIVEIRA DUTRA,OLIVIO DUTRA,2,DEFERIDO,COLIGAÇÃO,13,PT,PARTIDO DOS TRABALHADORES,,,,-3,FRENTE POPULAR,PC do B / PCB / PSB / PT,1,ELEITO
1998,1998001,Eleições Ordinárias - 1998,04/10/1998,2,ELEIÇÃO ORDINÁRIA,1,FEDERAL,BR,BR,BRASIL,1,PRESIDENTE,280002801000451,45,FERNANDO HENRIQUE CARDOSO,FERNANDO HENRIQUE,2,DEFERIDO,COLIGAÇÃO,45,PSDB,PARTIDO DA SOCIAL DEMOCRACIA BRASILEIRA,,,,-3,UNIÃO TRABALHO E PROGRESSO,PFL / PSDB,1,ELEITO
2002,200201,Eleições Gerais 2002 Primeiro Turno,06/10/2002,2,ELEIÇÃO ORDINÁRIA,1,FEDERAL,AC,AC,ACRE,3,GOVERNADOR,97,13,JORGE NEY VIANA MACEDO NEVES,JORGE VIANA,12,APTO,COLIGAÇÃO,13,PT,PARTIDO DOS TRABALHADORES,,,,10,FRENTE POPULAR DO ACRE - FPA,PT / PV / PT do B / PMN / PC do B / PL / PSDC,1,ELEITO
2002,200201,Eleições Gerais 2002 Primeiro Turno,06/10/2002,2,ELEIÇÃO ORDINÁRIA,1,FEDERAL,AL,AL,ALAGOAS,3,GOVERNADOR,202,40,RONALDO AUGUSTO LESSA SANTOS,RONALDO LESSA,12,APTO,COLIGAÇÃO,40,PSB,PARTIDO SOCIALISTA BRASILEIRO,,,,31,PRA GARANTIR ALAGOAS MELHOR,PSB / PST / PAN / PHS / PSC / PTC / PSDC / PV / PRONA / PRP / PGT / PT do B / PSL,1,ELEITO
2002,200201,Eleições Gerais 2002 Primeiro Turno,06/10/2002,2,ELEIÇÃO ORDINÁRIA,1,FEDERAL,AM,AM,AMAZONAS,3,GOVERNADOR,592,23,CARLOS EDUARDO DE SOUZA BRAGA,EDUARDO BRAGA,12,APTO,COLIGAÇÃO,23,PPS,PARTIDO POPULAR SOCIALISTA,,,,14,COLIGAÇÃO FRENTE TRABALHISTA DO AMAZONAS,PFL / PPS / PTB / PDT / PSL / PTN / PSC / PSD / PSDC / PRP / PHS / PAN / PRONA,1,ELEITO
2002,200202,Eleições Gerais 2002 Segundo Turno,27/10/2002,2,ELEIÇÃO ORDINÁRIA,2,FEDERAL,AP,AP,AMAPA,3,GOVERNADOR,285,12,ANTONIO WALDEZ GOES DA SILVA,WALDEZ,12,APTO,COLIGAÇÃO,12,PDT,PARTIDO DEMOCRÁTICO TRABALHISTA,,,,21,UNIDOS PELO AMAPÁ,PDT / PPB / PTB / PPS / PSD / PT do B / PAN / PSL / PRTB ,1,ELEITO
2002,200201,Eleições Gerais 2002 Primeiro Turno,06/10/2002,2,ELEIÇÃO ORDINÁRIA,1,FEDERAL,BA,BA,BAHIA,3,GOVERNADOR,493,25,PAULO GANEM SOUTO,PAULO SOUTO,12,APTO,COLIGAÇÃO,25,PFL,PARTIDO DA FRENTE LIBERAL,,,,23,"AÇÃO, COMPETÊNCIA, MORALIDADE",PFL / PPB / PTB / PTN / PST ,1,ELEITO
2002,200202,Eleições Gerais 2002 Segundo Turno,27/10/2002,2,ELEIÇÃO ORDINÁRIA,2,FEDERAL,CE,CE,CEARA,3,GOVERNADOR,137,45,LÚCIO GONÇALO DE ALCÂNTARA,LÚCIO ALCÂNTARA,12,APTO,COLIGAÇÃO,45,PSDB,PARTIDO DA SOCIAL DEMOCRACIA BRASILEIRA,,,,10,COLIGAÇÃO  O CEARÁ NÃO PODE PARAR ,PSDB / PPB / PSD / PV ,1,ELEITO
2002,200202,Eleições Gerais 2002 Segundo Turno,27/10/2002,2,ELEIÇÃO ORDINÁRIA,2,FEDERAL,DF,DF,DISTRITO FEDERAL,3,GOVERNADOR,512,15,JOAQUIM DOMINGOS RORIZ,RORIZ,12,APTO,COLIGAÇÃO,15,PMDB,PARTIDO DO MOVIMENTO DEMOCRÁTICO BRASILEIRO,,,,23,COLIGAÇÃO FRENTE BRASÍLIA SOLIDÁRIA,PFL / PMDB / PRP / PSD / PSDB / PSL / PST,1,ELEITO
2002,200201,Eleições Gerais 2002 Primeiro Turno,06/10/2002,2,ELEIÇÃO ORDINÁRIA,1,FEDERAL,ES,ES,ESPIRITO SANTO,3,GOVERNADOR,145,40,PAULO CESAR HARTUNG GOMES,PAULO HARTUNG,12,APTO,COLIGAÇÃO,40,PSB,PARTIDO SOCIALISTA BRASILEIRO,,,,18,FRENTE COMPETÊNCIA PRA MUDAR,PSB / PSD / PSC / PRONA / PT do B / PV / PAN / PSL / PHS,1,ELEITO
2002,200201,Eleições Gerais 2002 Primeiro Turno,06/10/2002,2,ELEIÇÃO ORDINÁRIA,1,FEDERAL,GO,GO,GOIAS,3,GOVERNADOR,406,45,MARCONI FERREIRA PERILLO JUNIOR,MARCONI PERILLO,12,APTO,COLIGAÇÃO,45,PSDB,PARTIDO DA SOCIAL DEMOCRACIA BRASILEIRA,,,,23,TEMPO NOVO PARA FAZER MAIS,PPB / PSL / PST / PSC / PFL / PAN / PSDC / PRTB / PHS / PSD / PRP / PSDB ,1,ELEITO
2002,200201,Eleições Gerais 2002 Primeiro Turno,06/10/2002,2,ELEIÇÃO ORDINÁRIA,1,FEDERAL,MA,MA,MARANHAO,3,GOVERNADOR,356,25,JOSE REINALDO CARNEIRO TAVARES,ZE REINALDO,12,APTO,COLIGAÇÃO,25,PFL,PARTIDO DA FRENTE LIBERAL,,,,14,O MARANHÃO SEGUE EM FRENTE,PFL / PST / PSDC / PSC / PMDB / PSD / PV,1,ELEITO
2002,200201,Eleições Gerais 2002 Primeiro Turno,06/10/2002,2,ELEIÇÃO ORDINÁRIA,1,FEDERAL,MG,MG,MINAS GERAIS,3,GOVERNADOR,910,45,AÉCIO NEVES DA CUNHA,AÉCIO NEVES,12,APTO,COLIGAÇÃO,45,PSDB,PARTIDO DA SOCIAL DEMOCRACIA BRASILEIRA,,,,79,MINAS UNIDA (PSDB/PFL/PPB/PSL/PAN/PRTB/PHS/PV/PTN),PPB / PSL / PTN / PFL / PAN / PRTB / PHS / PV / PSDB,1,ELEITO
2002,200202,Eleições Gerais 2002 Segundo Turno,27/10/2002,2,ELEIÇÃO ORDINÁRIA,2,FEDERAL,MS,MS,MATO GROSSO DO SUL,3,GOVERNADOR,729,13,JOSÉ ORCÍRIO MIRANDA DOS SANTOS,ZECA DO PT,12,APTO,COLIGAÇÃO,13,PT,PARTIDO DOS TRABALHADORES,,,,36,COLIGAÇÃO O NOVO MATO GROSSO DO SUL,PT / PSL / PTN / PSC / PL / PSDC / PSD / PC do B,1,ELEITO
2002,200201,Eleições Gerais 2002 Primeiro Turno,06/10/2002,2,ELEIÇÃO ORDINÁRIA,1,FEDERAL,MT,MT,MATO GROSSO,3,GOVERNADOR,302,23,BLAIRO BORGES MAGGI,BLAIRO MAGGI,12,APTO,COLIGAÇÃO,23,PPS,PARTIDO POPULAR SOCIALISTA,,,,13,COLIGAÇÃO MATO GROSSO MAIS FORTE,PPB / PTN / PSC / PPS / PFL / PAN / PSDC / PRTB / PSD / PV / PRP / PT do B ,1,ELEITO
2002,200202,Eleições Gerais 2002 Segundo Turno,27/10/2002,2,ELEIÇÃO ORDINÁRIA,2,FEDERAL,PA,PA,PARA,3,GOVERNADOR,254,45,SIMÃO ROBISON OLIVEIRA JATENE,JATENE,12,APTO,COLIGAÇÃO,45,PSDB,PARTIDO DA SOCIAL DEMOCRACIA BRASILEIRA,,,,37,COLIGAÇÃO UNIÃO PELO PARÁ,PSDB / PRP / PPB / PT do B / PSD / PV / PST / PFL / PRTB / PRONA / PSDC,1,ELEITO
2002,200202,Eleições Gerais 2002 Segundo Turno,27/10/2002,2,ELEIÇÃO ORDINÁRIA,2,FEDERAL,PB,PB,PARAIBA,3,GOVERNADOR,117,45,CASSIO RODRIGUES DA CUNHA LIMA,CASSIO CUNHA LIMA,12,APTO,COLIGAÇÃO,45,PSDB,PARTIDO DA SOCIAL DEMOCRACIA BRASILEIRA,,,,15,POR AMOR A PARAIBA,PSDB / PFL / PST / PSD / PV / PRTB,1,ELEITO
2002,200201,Eleições Gerais 2002 Primeiro Turno,06/10/2002,2,ELEIÇÃO ORDINÁRIA,1,FEDERAL,PE,PE,PERNAMBUCO,3,GOVERNADOR,243,15,JARBAS DE ANDRADE VASCONCELOS,JARBAS VASCONCELOS,12,APTO,COLIGAÇÃO,15,PMDB,PARTIDO DO MOVIMENTO DEMOCRÁTICO BRASILEIRO,,,,26,UNIÃO POR PERNAMBUCO,PMDB / PFL / PPB / PSDB ,1,ELEITO
2002,200201,Eleições Gerais 2002 Primeiro Turno,06/10/2002,2,ELEIÇÃO ORDINÁRIA,1,FEDERAL,PI,PI,PIAUI,3,GOVERNADOR,408,13,JOSE WELLINGTON BARROSO DE ARAUJO DIAS,WELLINGTON DIAS,12,APTO,COLIGAÇÃO,13,PT,PARTIDO DOS TRABALHADORES,,,,16,A VITORIA QUE O POVO QUER,PT / PTN / PC do B / PL / PT do B / PAN / PCB / PMN,1,ELEITO
2002,200202,Eleições Gerais 2002 Segundo Turno,27/10/2002,2,ELEIÇÃO ORDINÁRIA,2,FEDERAL,PR,PR,PARANA,3,GOVERNADOR,152,15,ROBERTO REQUIÃO DE MELLO E SILVA,ROBERTO REQUIÃO,12,APTO,PARTIDO ISOLADO,15,PMDB,PARTIDO DO MOVIMENTO DEMOCRÁTICO BRASILEIRO,,,,-1,PARTIDO ISOLADO,PMDB,1,ELEITO
2002,200201,Eleições Gerais 2002 Primeiro Turno,06/10/2002,2,ELEIÇÃO ORDINÁRIA,1,FEDERAL,RJ,RJ,RIO DE JANEIRO,3,GOVERNADOR,1211,40,ROSANGELA BARROS ASSED MATHEUS DE OLIVEIRA,ROSINHA GAROTINHO,12,APTO,COLIGAÇÃO,40,PSB,PARTIDO SOCIALISTA BRASILEIRO,,,,88,COLIGAÇÃO RIO ESPERANÇA,PSB / PPB / PST / PTC / PSC / PRP / PSD / PGT,1,ELEITO
2002,200202,Eleições Gerais 2002 Segundo Turno,27/10/2002,2,ELEIÇÃO ORDINÁRIA,2,FEDERAL,RN,RN,RIO GRANDE DO NORTE,3,GOVERNADOR,164,40,WILMA MARIA DE FARIA,VILMA,12,APTO,COLIGAÇÃO,40,PSB,PARTIDO SOCIALISTA BRASILEIRO,,,,9,COLIGAÇÃO VITÓRIA DO POVO,PSB / PGT / PST ,1,ELEITO
2002,200202,Eleições Gerais 2002 Segundo Turno,27/10/2002,2,ELEIÇÃO ORDINÁRIA,2,FEDERAL,RO,RO,RONDONIA,3,GOVERNADOR,271,45,IVO NARCISO CASSOL,IVO CASSOL,12,APTO,PARTIDO ISOLADO,45,PSDB,PARTIDO DA SOCIAL DEMOCRACIA BRASILEIRA,,,,-1,PARTIDO ISOLADO,PSDB,1,ELEITO
2002,200202,Eleições Gerais 2002 Segundo Turno,27/10/2002,2,ELEIÇÃO ORDINÁRIA,2,FEDERAL,RR,RR,RORAIMA,3,GOVERNADOR,388,17,FRANCISCO FLAMARION PORTELA,FLAMARION,12,APTO,COLIGAÇÃO,17,PSL,PARTIDO SOCIAL LIBERAL,,,,12,RORAIMA DE TODOS NÓS,PT / PSL / PST / PTN / PL / PFL / PAN / PSDC / PHS / PMN / PRP / PRONA / PC do B / PT do B,1,ELEITO
2002,200202,Eleições Gerais 2002 Segundo Turno,27/10/2002,2,ELEIÇÃO ORDINÁRIA,2,FEDERAL,RS,RS,RIO GRANDE DO SUL,3,GOVERNADOR,363,15,GERMANO ANTONIO RIGOTTO,RIGOTTO,12,APTO,COLIGAÇÃO,15,PMDB,PARTIDO DO MOVIMENTO DEMOCRÁTICO BRASILEIRO,,,,39,UNIÃO PELO RIO GRANDE,PMDB / PHS / PSDB,1,ELEITO
2002,200202,Eleições Gerais 2002 Segundo Turno,27/10/2002,2,ELEIÇÃO ORDINÁRIA,2,FEDERAL,SC,SC,SANTA CATARINA,3,GOVERNADOR,187,15,LUIZ HENRIQUE DA SILVEIRA,LUIZ HENRIQUE DA SILVEIRA,12,APTO,COLIGAÇÃO,15,PMDB,PARTIDO DO MOVIMENTO DEMOCRÁTICO BRASILEIRO,,,,5,POR TODA SANTA CATARINA,PMDB / PSDB,1,ELEITO
2002,200202,Eleições Gerais 2002 Segundo Turno,27/10/2002,2,ELEIÇÃO ORDINÁRIA,2,FEDERAL,SE,SE,SERGIPE,3,GOVERNADOR,463,25,JOÃO ALVES FILHO,JOÃO ALVES,12,APTO,COLIGAÇÃO,25,PFL,PARTIDO DA FRENTE LIBERAL,,,,8,"COLIGAÇÃO JOÃO NA CABEÇA, SERGIPE NO CORAÇÃO",PPB / PDT / PST / PPS / PFL / PHS / PSD / PT do B ,1,ELEITO
2002,200202,Eleições Gerais 2002 Segundo Turno,27/10/2002,2,ELEIÇÃO ORDINÁRIA,2,FEDERAL,SP,SP,SAO PAULO,3,GOVERNADOR,5515,45,GERALDO JOSE RODRIGUES ALCKMIN FILHO,GERALDO ALCKMIN,12,APTO,COLIGAÇÃO,45,PSDB,PARTIDO DA SOCIAL DEMOCRACIA BRASILEIRA,,,,39,COLIGAÇÃO  SÃO PAULO EM BOAS MÃOS ,PSDB / PFL / PSD ,1,ELEITO
2002,200201,Eleições Gerais 2002 Primeiro Turno,06/10/2002,2,ELEIÇÃO ORDINÁRIA,1,FEDERAL,TO,TO,TOCANTINS,3,GOVERNADOR,71,25,MARCELO DE CARVALHO MIRANDA,MARCELO MIRANDA,12,APTO,COLIGAÇÃO,25,PFL,PARTIDO DA FRENTE LIBERAL,,,,12,UNIÃO DO TOCANTINS,PPB / PSL / PST / PFL / PAN / PRTB / PRP / PRONA / PT do B / PSD / PSDB,1,ELEITO
2002,200202,Eleições Gerais 2002 Segundo Turno,27/10/2002,2,ELEIÇÃO ORDINÁRIA,2,FEDERAL,BR,BR,BRASIL,1,PRESIDENTE,9574,13,LUIZ INACIO LULA DA SILVA,LULA,12,APTO,COLIGAÇÃO,13,PT,PARTIDO DOS TRABALHADORES,,,,12,COLIGAÇÃO  LULA PRESIDENTE ,PT / PL / PC do B / PMN / PCB ,1,ELEITO
2002,200202,Eleições Gerais 2002 Segundo Turno,27/10/2002,2,ELEIÇÃO ORDINÁRIA,2,FEDERAL,RO,RO,RONDONIA,3,GOVERNADOR,271,45,IVO NARCISO CASSOL,IVO CASSOL,12,APTO,PARTIDO ISOLADO,45,PSDB,PARTIDO DA SOCIAL DEMOCRACIA BRASILEIRA,,,,-1,PARTIDO ISOLADO,PSDB,1,ELEITO
2002,200202,Eleições Gerais 2002 Segundo Turno,27/10/2002,2,ELEIÇÃO ORDINÁRIA,2,FEDERAL,PA,PA,PARA,3,GOVERNADOR,254,45,SIMÃO ROBISON OLIVEIRA JATENE,JATENE,12,APTO,COLIGAÇÃO,45,PSDB,PARTIDO DA SOCIAL DEMOCRACIA BRASILEIRA,,,,37,COLIGAÇÃO UNIÃO PELO PARÁ,PSDB / PRP / PPB / PT do B / PSD / PV / PST / PFL / PRTB / PRONA / PSDC,1,ELEITO
2002,200202,Eleições Gerais 2002 Segundo Turno,27/10/2002,2,ELEIÇÃO ORDINÁRIA,2,FEDERAL,SP,SP,SAO PAULO,3,GOVERNADOR,5515,45,GERALDO JOSE RODRIGUES ALCKMIN FILHO,GERALDO ALCKMIN,12,APTO,COLIGAÇÃO,45,PSDB,PARTIDO DA SOCIAL DEMOCRACIA BRASILEIRA,,,,39,COLIGAÇÃO  SÃO PAULO EM BOAS MÃOS ,PSDB / PFL / PSD ,1,ELEITO
2002,200202,Eleições Gerais 2002 Segundo Turno,27/10/2002,2,ELEIÇÃO ORDINÁRIA,2,FEDERAL,PR,PR,PARANA,3,GOVERNADOR,152,15,ROBERTO REQUIÃO DE MELLO E SILVA,ROBERTO REQUIÃO,12,APTO,PARTIDO ISOLADO,15,PMDB,PARTIDO DO MOVIMENTO DEMOCRÁTICO BRASILEIRO,,,,-1,PARTIDO ISOLADO,PMDB,1,ELEITO
2002,200201,Eleições Gerais 2002 Primeiro Turno,06/10/2002,2,ELEIÇÃO ORDINÁRIA,1,FEDERAL,AM,AM,AMAZONAS,3,GOVERNADOR,592,23,CARLOS EDUARDO DE SOUZA BRAGA,EDUARDO BRAGA,12,APTO,COLIGAÇÃO,23,PPS,PARTIDO POPULAR SOCIALISTA,,,,14,COLIGAÇÃO FRENTE TRABALHISTA DO AMAZONAS,PFL / PPS / PTB / PDT / PSL / PTN / PSC / PSD / PSDC / PRP / PHS / PAN / PRONA,1,ELEITO
2002,200202,Eleições Gerais 2002 Segundo Turno,27/10/2002,2,ELEIÇÃO ORDINÁRIA,2,FEDERAL,DF,DF,DISTRITO FEDERAL,3,GOVERNADOR,512,15,JOAQUIM DOMINGOS RORIZ,RORIZ,12,APTO,COLIGAÇÃO,15,PMDB,PARTIDO DO MOVIMENTO DEMOCRÁTICO BRASILEIRO,,,,23,COLIGAÇÃO FRENTE BRASÍLIA SOLIDÁRIA,PFL / PMDB / PRP / PSD / PSDB / PSL / PST,1,ELEITO
2002,200202,Eleições Gerais 2002 Segundo Turno,27/10/2002,2,ELEIÇÃO ORDINÁRIA,2,FEDERAL,MS,MS,MATO GROSSO DO SUL,3,GOVERNADOR,729,13,JOSÉ ORCÍRIO MIRANDA DOS SANTOS,ZECA DO PT,12,APTO,COLIGAÇÃO,13,PT,PARTIDO DOS TRABALHADORES,,,,36,COLIGAÇÃO O NOVO MATO GROSSO DO SUL,PT / PSL / PTN / PSC / PL / PSDC / PSD / PC do B,1,ELEITO
2002,200201,Eleições Gerais 2002 Primeiro Turno,06/10/2002,2,ELEIÇÃO ORDINÁRIA,1,FEDERAL,MA,MA,MARANHAO,3,GOVERNADOR,356,25,JOSE REINALDO CARNEIRO TAVARES,ZE REINALDO,12,APTO,COLIGAÇÃO,25,PFL,PARTIDO DA FRENTE LIBERAL,,,,14,O MARANHÃO SEGUE EM FRENTE,PFL / PST / PSDC / PSC / PMDB / PSD / PV,1,ELEITO
2002,200202,Eleições Gerais 2002 Segundo Turno,27/10/2002,2,ELEIÇÃO ORDINÁRIA,2,FEDERAL,SC,SC,SANTA CATARINA,3,GOVERNADOR,187,15,LUIZ HENRIQUE DA SILVEIRA,LUIZ HENRIQUE DA SILVEIRA,12,APTO,COLIGAÇÃO,15,PMDB,PARTIDO DO MOVIMENTO DEMOCRÁTICO BRASILEIRO,,,,5,POR TODA SANTA CATARINA,PMDB / PSDB,1,ELEITO
2002,200201,Eleições Gerais 2002 Primeiro Turno,06/10/2002,2,ELEIÇÃO ORDINÁRIA,1,FEDERAL,MG,MG,MINAS GERAIS,3,GOVERNADOR,910,45,AÉCIO NEVES DA CUNHA,AÉCIO NEVES,12,APTO,COLIGAÇÃO,45,PSDB,PARTIDO DA SOCIAL DEMOCRACIA BRASILEIRA,,,,79,MINAS UNIDA (PSDB/PFL/PPB/PSL/PAN/PRTB/PHS/PV/PTN),PPB / PSL / PTN / PFL / PAN / PRTB / PHS / PV / PSDB,1,ELEITO
2002,200201,Eleições Gerais 2002 Primeiro Turno,06/10/2002,2,ELEIÇÃO ORDINÁRIA,1,FEDERAL,RJ,RJ,RIO DE JANEIRO,3,GOVERNADOR,1211,40,ROSANGELA BARROS ASSED MATHEUS DE OLIVEIRA,ROSINHA GAROTINHO,12,APTO,COLIGAÇÃO,40,PSB,PARTIDO SOCIALISTA BRASILEIRO,,,,88,COLIGAÇÃO RIO ESPERANÇA,PSB / PPB / PST / PTC / PSC / PRP / PSD / PGT,1,ELEITO
2002,200201,Eleições Gerais 2002 Primeiro Turno,06/10/2002,2,ELEIÇÃO ORDINÁRIA,1,FEDERAL,PE,PE,PERNAMBUCO,3,GOVERNADOR,243,15,JARBAS DE ANDRADE VASCONCELOS,JARBAS VASCONCELOS,12,APTO,COLIGAÇÃO,15,PMDB,PARTIDO DO MOVIMENTO DEMOCRÁTICO BRASILEIRO,,,,26,UNIÃO POR PERNAMBUCO,PMDB / PFL / PPB / PSDB ,1,ELEITO
2002,200202,Eleições Gerais 2002 Segundo Turno,27/10/2002,2,ELEIÇÃO ORDINÁRIA,2,FEDERAL,PB,PB,PARAIBA,3,GOVERNADOR,117,45,CASSIO RODRIGUES DA CUNHA LIMA,CASSIO CUNHA LIMA,12,APTO,COLIGAÇÃO,45,PSDB,PARTIDO DA SOCIAL DEMOCRACIA BRASILEIRA,,,,15,POR AMOR A PARAIBA,PSDB / PFL / PST / PSD / PV / PRTB,1,ELEITO
2002,200201,Eleições Gerais 2002 Primeiro Turno,06/10/2002,2,ELEIÇÃO ORDINÁRIA,1,FEDERAL,BA,BA,BAHIA,3,GOVERNADOR,493,25,PAULO GANEM SOUTO,PAULO SOUTO,12,APTO,COLIGAÇÃO,25,PFL,PARTIDO DA FRENTE LIBERAL,,,,23,"AÇÃO, COMPETÊNCIA, MORALIDADE",PFL / PPB / PTB / PTN / PST ,1,ELEITO
2002,200202,Eleições Gerais 2002 Segundo Turno,27/10/2002,2,ELEIÇÃO ORDINÁRIA,2,FEDERAL,BR,BR,BRASIL,1,PRESIDENTE,9574,13,LUIZ INACIO LULA DA SILVA,LULA,12,APTO,COLIGAÇÃO,13,PT,PARTIDO DOS TRABALHADORES,,,,12,COLIGAÇÃO  LULA PRESIDENTE ,PT / PL / PC do B / PMN / PCB ,1,ELEITO
2002,200201,Eleições Gerais 2002 Primeiro Turno,06/10/2002,2,ELEIÇÃO ORDINÁRIA,1,FEDERAL,AC,AC,ACRE,3,GOVERNADOR,97,13,JORGE NEY VIANA MACEDO NEVES,JORGE VIANA,12,APTO,COLIGAÇÃO,13,PT,PARTIDO DOS TRABALHADORES,,,,10,FRENTE POPULAR DO ACRE - FPA,PT / PV / PT do B / PMN / PC do B / PL / PSDC,1,ELEITO
2002,200201,Eleições Gerais 2002 Primeiro Turno,06/10/2002,2,ELEIÇÃO ORDINÁRIA,1,FEDERAL,TO,TO,TOCANTINS,3,GOVERNADOR,71,25,MARCELO DE CARVALHO MIRANDA,MARCELO MIRANDA,12,APTO,COLIGAÇÃO,25,PFL,PARTIDO DA FRENTE LIBERAL,,,,12,UNIÃO DO TOCANTINS,PPB / PSL / PST / PFL / PAN / PRTB / PRP / PRONA / PT do B / PSD / PSDB,1,ELEITO
2002,200201,Eleições Gerais 2002 Primeiro Turno,06/10/2002,2,ELEIÇÃO ORDINÁRIA,1,FEDERAL,GO,GO,GOIAS,3,GOVERNADOR,406,45,MARCONI FERREIRA PERILLO JUNIOR,MARCONI PERILLO,12,APTO,COLIGAÇÃO,45,PSDB,PARTIDO DA SOCIAL DEMOCRACIA BRASILEIRA,,,,23,TEMPO NOVO PARA FAZER MAIS,PPB / PSL / PST / PSC / PFL / PAN / PSDC / PRTB / PHS / PSD / PRP / PSDB ,1,ELEITO
2002,200201,Eleições Gerais 2002 Primeiro Turno,06/10/2002,2,ELEIÇÃO ORDINÁRIA,1,FEDERAL,PI,PI,PIAUI,3,GOVERNADOR,408,13,JOSE WELLINGTON BARROSO DE ARAUJO DIAS,WELLINGTON DIAS,12,APTO,COLIGAÇÃO,13,PT,PARTIDO DOS TRABALHADORES,,,,16,A VITORIA QUE O POVO QUER,PT / PTN / PC do B / PL / PT do B / PAN / PCB / PMN,1,ELEITO
2002,200201,Eleições Gerais 2002 Primeiro Turno,06/10/2002,2,ELEIÇÃO ORDINÁRIA,1,FEDERAL,ES,ES,ESPIRITO SANTO,3,GOVERNADOR,145,40,PAULO CESAR HARTUNG GOMES,PAULO HARTUNG,12,APTO,COLIGAÇÃO,40,PSB,PARTIDO SOCIALISTA BRASILEIRO,,,,18,FRENTE COMPETÊNCIA PRA MUDAR,PSB / PSD / PSC / PRONA / PT do B / PV / PAN / PSL / PHS,1,ELEITO
2002,200201,Eleições Gerais 2002 Primeiro Turno,06/10/2002,2,ELEIÇÃO ORDINÁRIA,1,FEDERAL,MT,MT,MATO GROSSO,3,GOVERNADOR,302,23,BLAIRO BORGES MAGGI,BLAIRO MAGGI,12,APTO,COLIGAÇÃO,23,PPS,PARTIDO POPULAR SOCIALISTA,,,,13,COLIGAÇÃO MATO GROSSO MAIS FORTE,PPB / PTN / PSC / PPS / PFL / PAN / PSDC / PRTB / PSD / PV / PRP / PT do B ,1,ELEITO
2002,200202,Eleições Gerais 2002 Segundo Turno,27/10/2002,2,ELEIÇÃO ORDINÁRIA,2,FEDERAL,RS,RS,RIO GRANDE DO SUL,3,GOVERNADOR,363,15,GERMANO ANTONIO RIGOTTO,RIGOTTO,12,APTO,COLIGAÇÃO,15,PMDB,PARTIDO DO MOVIMENTO DEMOCRÁTICO BRASILEIRO,,,,39,UNIÃO PELO RIO GRANDE,PMDB / PHS / PSDB,1,ELEITO
2002,200202,Eleições Gerais 2002 Segundo Turno,27/10/2002,2,ELEIÇÃO ORDINÁRIA,2,FEDERAL,RN,RN,RIO GRANDE DO NORTE,3,GOVERNADOR,164,40,WILMA MARIA DE FARIA,VILMA,12,APTO,COLIGAÇÃO,40,PSB,PARTIDO SOCIALISTA BRASILEIRO,,,,9,COLIGAÇÃO VITÓRIA DO POVO,PSB / PGT / PST ,1,ELEITO
2002,200201,Eleições Gerais 2002 Primeiro Turno,06/10/2002,2,ELEIÇÃO ORDINÁRIA,1,FEDERAL,AL,AL,ALAGOAS,3,GOVERNADOR,202,40,RONALDO AUGUSTO LESSA SANTOS,RONALDO LESSA,12,APTO,COLIGAÇÃO,40,PSB,PARTIDO SOCIALISTA BRASILEIRO,,,,31,PRA GARANTIR ALAGOAS MELHOR,PSB / PST / PAN / PHS / PSC / PTC / PSDC / PV / PRONA / PRP / PGT / PT do B / PSL,1,ELEITO
2002,200202,Eleições Gerais 2002 Segundo Turno,27/10/2002,2,ELEIÇÃO ORDINÁRIA,2,FEDERAL,SE,SE,SERGIPE,3,GOVERNADOR,463,25,JOÃO ALVES FILHO,JOÃO ALVES,12,APTO,COLIGAÇÃO,25,PFL,PARTIDO DA FRENTE LIBERAL,,,,8,"COLIGAÇÃO JOÃO NA CABEÇA, SERGIPE NO CORAÇÃO",PPB / PDT / PST / PPS / PFL / PHS / PSD / PT do B ,1,ELEITO
2002,200202,Eleições Gerais 2002 Segundo Turno,27/10/2002,2,ELEIÇÃO ORDINÁRIA,2,FEDERAL,RR,RR,RORAIMA,3,GOVERNADOR,388,17,FRANCISCO FLAMARION PORTELA,FLAMARION,12,APTO,COLIGAÇÃO,17,PSL,PARTIDO SOCIAL LIBERAL,,,,12,RORAIMA DE TODOS NÓS,PT / PSL / PST / PTN / PL / PFL / PAN / PSDC / PHS / PMN / PRP / PRONA / PC do B / PT do B,1,ELEITO
2002,200202,Eleições Gerais 2002 Segundo Turno,27/10/2002,2,ELEIÇÃO ORDINÁRIA,2,FEDERAL,CE,CE,CEARA,3,GOVERNADOR,137,45,LÚCIO GONÇALO DE ALCÂNTARA,LÚCIO ALCÂNTARA,12,APTO,COLIGAÇÃO,45,PSDB,PARTIDO DA SOCIAL DEMOCRACIA BRASILEIRA,,,,10,COLIGAÇÃO  O CEARÁ NÃO PODE PARAR ,PSDB / PPB / PSD / PV ,1,ELEITO
2002,200202,Eleições Gerais 2002 Segundo Turno,27/10/2002,2,ELEIÇÃO ORDINÁRIA,2,FEDERAL,AP,AP,AMAPA,3,GOVERNADOR,285,12,ANTONIO WALDEZ GOES DA SILVA,WALDEZ,12,APTO,COLIGAÇÃO,12,PDT,PARTIDO DEMOCRÁTICO TRABALHISTA,,,,21,UNIDOS PELO AMAPÁ,PDT / PPB / PTB / PPS / PSD / PT do B / PAN / PSL / PRTB ,1,ELEITO
2006,2006001,ELEIÇÕES GERAIS 2006 PRIMEIRO TURNO,01/10/2006,0,ORDINÁRIA,1,FEDERAL,MT,MT,MATO GROSSO,3,GOVERNADOR,10323,23,BLAIRO BORGES MAGGI,BLAIRO MAGGI,12,APTO,COLIGAÇÃO,23,PPS,PARTIDO POPULAR SOCIALISTA,,,,1066,COLIGAÇÃO MATO GROSSO UNIDO E JUSTO,PP / PTB / PMDB / PTN / PL / PPS / PFL / PAN / PRTB / PMN / PTC / PSB / PV,1,ELEITO
2006,2006002,ELEIÇÕES GERAIS 2006 SEGUNDO TURNO,29/10/2006,0,ORDINÁRIA,2,FEDERAL,PR,PR,PARANÁ,3,GOVERNADOR,10135,15,ROBERTO REQUIÃO DE MELLO E SILVA,ROBERTO REQUIÃO,12,APTO,COLIGAÇÃO,15,PMDB,PARTIDO DO MOVIMENTO DEMOCRÁTICO BRASILEIRO,,,,1007,PARANÁ FORTE,PMDB / PSC,1,ELEITO
2006,2006001,ELEIÇÕES GERAIS 2006 PRIMEIRO TURNO,01/10/2006,0,ORDINÁRIA,1,FEDERAL,AL,AL,ALAGOAS,3,GOVERNADOR,10265,45,TEOTONIO BRANDÃO VILELA FILHO,TEOTONIO VILELA FILHO,12,APTO,COLIGAÇÃO,45,PSDB,PARTIDO DA SOCIAL DEMOCRACIA BRASILEIRA,,,,1137,ALAGOAS: PAZ E DESENVOLVIMENTO,PMDB / PPS / PSDB / PT do B,1,ELEITO
2006,2006001,ELEIÇÕES GERAIS 2006 PRIMEIRO TURNO,01/10/2006,0,ORDINÁRIA,1,FEDERAL,SE,SE,SERGIPE,3,GOVERNADOR,10039,13,MARCELO DÉDA CHAGAS,DÉDA,12,APTO,COLIGAÇÃO,13,PT,PARTIDO DOS TRABALHADORES,,,,1090,SERGIPE VAI MUDAR,PT / PTB / PMDB / PL / PSB / PC do B,1,ELEITO
2006,2006001,ELEIÇÕES GERAIS 2006 PRIMEIRO TURNO,01/10/2006,0,ORDINÁRIA,1,FEDERAL,MS,MS,MATO GROSSO DO SUL,3,GOVERNADOR,10053,15,ANDRÉ PUCCINELLI,ANDRÉ PUCCINELLI,12,APTO,COLIGAÇÃO,15,PMDB,PARTIDO DO MOVIMENTO DEMOCRÁTICO BRASILEIRO,,,,1032,"AMOR, TRABALHO E FÉ",PMDB / PSC / PL / PPS / PFL / PAN / PRTB / PMN / PTC / PSDB / PT do B,1,ELEITO
2006,2006001,ELEIÇÕES GERAIS 2006 PRIMEIRO TURNO,01/10/2006,0,ORDINÁRIA,1,FEDERAL,RR,RR,RORAIMA,3,GOVERNADOR,10100,45,OTTOMAR DE SOUSA PINTO,OTTOMAR,12,APTO,COLIGAÇÃO,45,PSDB,PARTIDO DA SOCIAL DEMOCRACIA BRASILEIRA,,,,1005,RORAIMA PRA TODOS,PP / PTB / PL / PFL / PSDB,1,ELEITO
2006,2006001,ELEIÇÕES GERAIS 2006 PRIMEIRO TURNO,01/10/2006,0,ORDINÁRIA,1,FEDERAL,AC,AC,ACRE,3,GOVERNADOR,10027,13,ARNÓBIO MARQUES DE ALMEIDA JUNIOR,BINHO MARQUES,12,APTO,COLIGAÇÃO,13,PT,PARTIDO DOS TRABALHADORES,,,,1007,FRENTE POPULAR DO ACRE I,PP / PT / PL / PRTB / PMN / PSB / PC do B,1,ELEITO
2006,2006002,ELEIÇÕES GERAIS 2006 SEGUNDO TURNO,29/10/2006,0,ORDINÁRIA,2,FEDERAL,RN,RN,RIO GRANDE DO NORTE,3,GOVERNADOR,10006,40,WILMA MARIA DE FARIA,VILMA,12,APTO,COLIGAÇÃO,40,PSB,PARTIDO SOCIALISTA BRASILEIRO,,,,1002,VITÓRIA DO POVO,PSB / PTB / PT / PL / PPS / PHS / PMN / PC do B / PT do B,1,ELEITO
2006,2006002,ELEIÇÕES GERAIS 2006 SEGUNDO TURNO,29/10/2006,0,ORDINÁRIA,2,FEDERAL,PE,PE,PERNAMBUCO,3,GOVERNADOR,10211,40,EDUARDO HENRIQUE ACCIOLY CAMPOS,EDUARDO CAMPOS,12,APTO,COLIGAÇÃO,40,PSB,PARTIDO SOCIALISTA BRASILEIRO,,,,1044,FRENTE POPULAR DE PERNAMBUCO,PP / PDT / PSC / PL / PSB,1,ELEITO
2006,2006002,ELEIÇÕES GERAIS 2006 SEGUNDO TURNO,29/10/2006,0,ORDINÁRIA,2,FEDERAL,MA,MA,MARANHÃO,3,GOVERNADOR,10095,12,JACKSON KEPLER LAGO,JACKSON LAGO,12,APTO,COLIGAÇÃO,12,PDT,PARTIDO DEMOCRÁTICO TRABALHISTA,,,,1032,FRENTE DE LIBERTAÇÃO DO MARANHÃO,PDT / PPS / PAN,1,ELEITO
2006,2006001,ELEIÇÕES GERAIS 2006 PRIMEIRO TURNO,01/10/2006,0,ORDINÁRIA,1,FEDERAL,SP,SP,SÃO PAULO,3,GOVERNADOR,10106,45,JOSÉ SERRA,SERRA,12,APTO,COLIGAÇÃO,45,PSDB,PARTIDO DA SOCIAL DEMOCRACIA BRASILEIRA,,,,1012,COMPROMISSO COM SÃO PAULO,PSDB / PFL / PTB / PPS,1,ELEITO
2006,2006001,ELEIÇÕES GERAIS 2006 PRIMEIRO TURNO,01/10/2006,0,ORDINÁRIA,1,FEDERAL,AP,AP,AMAPÁ,3,GOVERNADOR,10081,12,ANTÔNIO WALDEZ GÓES DA SILVA,WALDEZ,12,APTO,COLIGAÇÃO,12,PDT,PARTIDO DEMOCRÁTICO TRABALHISTA,,,,1022,UNIÃO PELO AMAPÁ,PDT / PP / PMDB / PV / PSC / PRONA,1,ELEITO
2006,2006001,ELEIÇÕES GERAIS 2006 PRIMEIRO TURNO,01/10/2006,0,ORDINÁRIA,1,FEDERAL,PI,PI,PIAUÍ,3,GOVERNADOR,10075,13,JOSÉ WELLINGTON BARROSO DE ARAÚJO DIAS,WELLINGTON DIAS,12,APTO,COLIGAÇÃO,13,PT,PARTIDO DOS TRABALHADORES,,,,1027,COLIGAÇÃO  A VITORIA DA FORÇA DO POVO ,PT / PSB / PTB / PC do B / PL,1,ELEITO
2006,2006002,ELEIÇÕES GERAIS 2006 SEGUNDO TURNO,29/10/2006,0,ORDINÁRIA,2,FEDERAL,RS,RS,RIO GRANDE DO SUL,3,GOVERNADOR,10626,45,YEDA RORATO CRUSIUS,YEDA CRUSIUS,12,APTO,COLIGAÇÃO,45,PSDB,PARTIDO DA SOCIAL DEMOCRACIA BRASILEIRA,,,,1090,RIO GRANDE AFIRMATIVO,PSC / PL / PPS / PFL / PAN / PRTB / PHS / PTC / PSDB / PRONA / PT do B,1,ELEITO
2006,2006001,ELEIÇÕES GERAIS 2006 PRIMEIRO TURNO,01/10/2006,0,ORDINÁRIA,1,FEDERAL,TO,TO,TOCANTINS,3,GOVERNADOR,10254,15,MARCELO DE CARVALHO MIRANDA,MARCELO MIRANDA,12,APTO,COLIGAÇÃO,15,PMDB,PARTIDO DO MOVIMENTO DEMOCRÁTICO BRASILEIRO,,,,1055,ALIANÇA DA VITÓRIA,PMDB / PPS / PFL,1,ELEITO
2006,2006002,ELEIÇÕES GERAIS 2006 SEGUNDO TURNO,29/10/2006,0,ORDINÁRIA,2,FEDERAL,PA,PA,PARÁ,3,GOVERNADOR,10548,13,ANA JULIA DE VASCONCELOS CAREPA,ANA JULIA,12,APTO,COLIGAÇÃO,13,PT,PARTIDO DOS TRABALHADORES,,,,1088,FRENTE POPULAR MUDA PARÁ,PRB / PT / PTN / PSB / PC do B,1,ELEITO
2006,2006001,ELEIÇÕES GERAIS 2006 PRIMEIRO TURNO,01/10/2006,0,ORDINÁRIA,1,FEDERAL,RO,RO,RONDÔNIA,3,GOVERNADOR,10404,23,IVO NARCISO CASSOL,IVO CASSOL,12,APTO,COLIGAÇÃO,23,PPS,PARTIDO POPULAR SOCIALISTA,,,,1039,O TRABALHO CONTINUA,PTN / PPS / PFL / PAN / PV / PRONA,1,ELEITO
2006,2006001,ELEIÇÕES GERAIS 2006 PRIMEIRO TURNO,01/10/2006,0,ORDINÁRIA,1,FEDERAL,ES,ES,ESPÍRITO SANTO,3,GOVERNADOR,10203,15,PAULO CÉSAR HARTUNG GOMES,PAULO HARTUNG,12,APTO,COLIGAÇÃO,15,PMDB,PARTIDO DO MOVIMENTO DEMOCRÁTICO BRASILEIRO,,,,1029, UNIDADE CAPIXABA ,PTB / PMDB / PFL / PSDB,1,ELEITO
2006,2006002,ELEIÇÕES GERAIS 2006 SEGUNDO TURNO,29/10/2006,0,ORDINÁRIA,2,FEDERAL,RJ,RJ,RIO DE JANEIRO,3,GOVERNADOR,10154,15,SERGIO DE OLIVEIRA CABRAL SANTOS FILHO,SERGIO CABRAL,12,APTO,COLIGAÇÃO,15,PMDB,PARTIDO DO MOVIMENTO DEMOCRÁTICO BRASILEIRO,,,,1053,UNIDOS PELO RIO,PP / PTB / PMDB / PSC / PL / PAN / PMN / PTC / PRONA,1,ELEITO
2006,2006002,ELEIÇÕES GERAIS 2006 SEGUNDO TURNO,29/10/2006,0,ORDINÁRIA,2,FEDERAL,PB,PB,PARAÍBA,3,GOVERNADOR,10055,45,CÁSSIO RODRIGUES DA CUNHA LIMA,CÁSSIO,12,APTO,COLIGAÇÃO,45,PSDB,PARTIDO DA SOCIAL DEMOCRACIA BRASILEIRA,,,,1010,POR AMOR À PARAÍBA,PP / PTB / PTN / PL / PFL / PTC / PSDB / PT do B,1,ELEITO
2006,2006001,ELEIÇÕES GERAIS 2006 PRIMEIRO TURNO,01/10/2006,0,ORDINÁRIA,1,FEDERAL,AM,AM,AMAZONAS,3,GOVERNADOR,10587,15,CARLOS EDUARDO DE SOUZA BRAGA,EDUARDO BRAGA,12,APTO,COLIGAÇÃO,15,PMDB,PARTIDO DO MOVIMENTO DEMOCRÁTICO BRASILEIRO,,,,1087,PELO BEM DO AMAZONAS,PP / PTB / PMDB / PRTB / PMN,1,ELEITO
2006,2006001,ELEIÇÕES GERAIS 2006 PRIMEIRO TURNO,01/10/2006,0,ORDINÁRIA,1,FEDERAL,MG,MG,MINAS GERAIS,3,GOVERNADOR,10104,45,AÉCIO NEVES DA CUNHA,AÉCIO NEVES,12,APTO,COLIGAÇÃO,45,PSDB,PARTIDO DA SOCIAL DEMOCRACIA BRASILEIRA,,,,1014,MINAS NÃO PODE PARAR,PP / PTB / PSC / PL / PPS / PFL / PAN / PHS / PSB / PSDB,1,ELEITO
2006,2006001,ELEIÇÕES GERAIS 2006 PRIMEIRO TURNO,01/10/2006,0,ORDINÁRIA,1,FEDERAL,DF,DF,DISTRITO FEDERAL,3,GOVERNADOR,10382,25,JOSÉ ROBERTO ARRUDA,ARRUDA,12,APTO,COLIGAÇÃO,25,PFL,PARTIDO DA FRENTE LIBERAL,,,,1027,AMOR POR BRASÍLIA,PP / PTN / PSC / PL / PPS / PFL / PMN / PRONA,1,ELEITO
2006,2006001,ELEIÇÕES GERAIS 2006 PRIMEIRO TURNO,01/10/2006,0,ORDINÁRIA,1,FEDERAL,CE,CE,CEARÁ,3,GOVERNADOR,10268,40,CID FERREIRA GOMES,CID GOMES,12,APTO,COLIGAÇÃO,40,PSB,PARTIDO SOCIALISTA BRASILEIRO,,,,1057,CEARÁ VOTA PARA CRESCER,PSB / PT / PC do B / PMDB / PRB / PP / PHS / PMN / PV,1,ELEITO
2006,2006002,ELEIÇÕES GERAIS 2006 SEGUNDO TURNO,29/10/2006,0,ORDINÁRIA,2,FEDERAL,SC,SC,SANTA CATARINA,3,GOVERNADOR,10022,15,LUIZ HENRIQUE DA SILVEIRA,LUIZ HENRIQUE DA SILVEIRA,12,APTO,COLIGAÇÃO,15,PMDB,PARTIDO DO MOVIMENTO DEMOCRÁTICO BRASILEIRO,,,,1025,TODOS POR TODA SANTA CATARINA,PMDB / PFL / PSDB / PPS / PRTB / PT do B / PAN / PHS,1,ELEITO
2006,2006002,ELEIÇÕES GERAIS 2006 SEGUNDO TURNO,29/10/2006,0,ORDINÁRIA,2,FEDERAL,GO,GO,GOIÁS,3,GOVERNADOR,10092,11,ALCIDES RODRIGUES FILHO,ALCIDES RODRIGUES,12,APTO,COLIGAÇÃO,11,PP,PARTIDO PROGRESSISTA,,,,1034,COLIGAÇÃO DO TEMPO NOVO,PP / PTB / PTN / PL / PPS / PAN / PRTB / PHS / PMN / PV / PRP / PSDB / PT do B,1,ELEITO
2006,2006001,ELEIÇÕES GERAIS 2006 PRIMEIRO TURNO,01/10/2006,0,ORDINÁRIA,1,FEDERAL,BA,BA,BAHIA,3,GOVERNADOR,10408,13,JAQUES WAGNER,JAQUES WAGNER,12,APTO,COLIGAÇÃO,13,PT,PARTIDO DOS TRABALHADORES,,,,1030,A BAHIA DE TODOS NÓS,PT / PMDB / PC do B / PSB / PPS / PV / PTB / PMN / PRB,1,ELEITO
2006,2006002,ELEIÇÕES GERAIS 2006 SEGUNDO TURNO,29/10/2006,0,ORDINÁRIA,2,FEDERAL,GO,GO,GOIÁS,3,GOVERNADOR,10092,11,ALCIDES RODRIGUES FILHO,ALCIDES RODRIGUES,12,APTO,COLIGAÇÃO,11,PP,PARTIDO PROGRESSISTA,,,,1034,COLIGAÇÃO DO TEMPO NOVO,PP / PTB / PTN / PL / PPS / PAN / PRTB / PHS / PMN / PV / PRP / PSDB / PT do B,1,ELEITO
2006,2006001,ELEIÇÕES GERAIS 2006 PRIMEIRO TURNO,01/10/2006,0,ORDINÁRIA,1,FEDERAL,AM,AM,AMAZONAS,3,GOVERNADOR,10587,15,CARLOS EDUARDO DE SOUZA BRAGA,EDUARDO BRAGA,12,APTO,COLIGAÇÃO,15,PMDB,PARTIDO DO MOVIMENTO DEMOCRÁTICO BRASILEIRO,,,,1087,PELO BEM DO AMAZONAS,PP / PTB / PMDB / PRTB / PMN,1,ELEITO
2006,2006001,ELEIÇÕES GERAIS 2006 PRIMEIRO TURNO,01/10/2006,0,ORDINÁRIA,1,FEDERAL,DF,DF,DISTRITO FEDERAL,3,GOVERNADOR,10382,25,JOSÉ ROBERTO ARRUDA,ARRUDA,12,APTO,COLIGAÇÃO,25,PFL,PARTIDO DA FRENTE LIBERAL,,,,1027,AMOR POR BRASÍLIA,PP / PTN / PSC / PL / PPS / PFL / PMN / PRONA,1,ELEITO
2006,2006001,ELEIÇÕES GERAIS 2006 PRIMEIRO TURNO,01/10/2006,0,ORDINÁRIA,1,FEDERAL,RR,RR,RORAIMA,3,GOVERNADOR,10100,45,OTTOMAR DE SOUSA PINTO,OTTOMAR,12,APTO,COLIGAÇÃO,45,PSDB,PARTIDO DA SOCIAL DEMOCRACIA BRASILEIRA,,,,1005,RORAIMA PRA TODOS,PP / PTB / PL / PFL / PSDB,1,ELEITO
2006,2006001,ELEIÇÕES GERAIS 2006 PRIMEIRO TURNO,01/10/2006,0,ORDINÁRIA,1,FEDERAL,AL,AL,ALAGOAS,3,GOVERNADOR,10265,45,TEOTONIO BRANDÃO VILELA FILHO,TEOTONIO VILELA FILHO,12,APTO,COLIGAÇÃO,45,PSDB,PARTIDO DA SOCIAL DEMOCRACIA BRASILEIRA,,,,1137,ALAGOAS: PAZ E DESENVOLVIMENTO,PMDB / PPS / PSDB / PT do B,1,ELEITO
2006,2006001,ELEIÇÕES GERAIS 2006 PRIMEIRO TURNO,01/10/2006,0,ORDINÁRIA,1,FEDERAL,SE,SE,SERGIPE,3,GOVERNADOR,10039,13,MARCELO DÉDA CHAGAS,DÉDA,12,APTO,COLIGAÇÃO,13,PT,PARTIDO DOS TRABALHADORES,,,,1090,SERGIPE VAI MUDAR,PT / PTB / PMDB / PL / PSB / PC do B,1,ELEITO
2006,2006002,ELEIÇÕES GERAIS 2006 SEGUNDO TURNO,29/10/2006,0,ORDINÁRIA,2,FEDERAL,RN,RN,RIO GRANDE DO NORTE,3,GOVERNADOR,10006,40,WILMA MARIA DE FARIA,VILMA,12,APTO,COLIGAÇÃO,40,PSB,PARTIDO SOCIALISTA BRASILEIRO,,,,1002,VITÓRIA DO POVO,PSB / PTB / PT / PL / PPS / PHS / PMN / PC do B / PT do B,1,ELEITO
2006,2006002,ELEIÇÕES GERAIS 2006 SEGUNDO TURNO,29/10/2006,0,ORDINÁRIA,2,FEDERAL,RJ,RJ,RIO DE JANEIRO,3,GOVERNADOR,10154,15,SERGIO DE OLIVEIRA CABRAL SANTOS FILHO,SERGIO CABRAL,12,APTO,COLIGAÇÃO,15,PMDB,PARTIDO DO MOVIMENTO DEMOCRÁTICO BRASILEIRO,,,,1053,UNIDOS PELO RIO,PP / PTB / PMDB / PSC / PL / PAN / PMN / PTC / PRONA,1,ELEITO
2006,2006002,ELEIÇÕES GERAIS 2006 SEGUNDO TURNO,29/10/2006,0,ORDINÁRIA,2,FEDERAL,MA,MA,MARANHÃO,3,GOVERNADOR,10095,12,JACKSON KEPLER LAGO,JACKSON LAGO,12,APTO,COLIGAÇÃO,12,PDT,PARTIDO DEMOCRÁTICO TRABALHISTA,,,,1032,FRENTE DE LIBERTAÇÃO DO MARANHÃO,PDT / PPS / PAN,1,ELEITO
2006,2006001,ELEIÇÕES GERAIS 2006 PRIMEIRO TURNO,01/10/2006,0,ORDINÁRIA,1,FEDERAL,RO,RO,RONDÔNIA,3,GOVERNADOR,10404,23,IVO NARCISO CASSOL,IVO CASSOL,12,APTO,COLIGAÇÃO,23,PPS,PARTIDO POPULAR SOCIALISTA,,,,1039,O TRABALHO CONTINUA,PTN / PPS / PFL / PAN / PV / PRONA,1,ELEITO
2006,2006001,ELEIÇÕES GERAIS 2006 PRIMEIRO TURNO,01/10/2006,0,ORDINÁRIA,1,FEDERAL,PI,PI,PIAUÍ,3,GOVERNADOR,10075,13,JOSÉ WELLINGTON BARROSO DE ARAÚJO DIAS,WELLINGTON DIAS,12,APTO,COLIGAÇÃO,13,PT,PARTIDO DOS TRABALHADORES,,,,1027,COLIGAÇÃO  A VITORIA DA FORÇA DO POVO ,PT / PSB / PTB / PC do B / PL,1,ELEITO
2006,2006002,ELEIÇÕES GERAIS 2006 SEGUNDO TURNO,29/10/2006,0,ORDINÁRIA,2,FEDERAL,PE,PE,PERNAMBUCO,3,GOVERNADOR,10211,40,EDUARDO HENRIQUE ACCIOLY CAMPOS,EDUARDO CAMPOS,12,APTO,COLIGAÇÃO,40,PSB,PARTIDO SOCIALISTA BRASILEIRO,,,,1044,FRENTE POPULAR DE PERNAMBUCO,PP / PDT / PSC / PL / PSB,1,ELEITO
2006,2006001,ELEIÇÕES GERAIS 2006 PRIMEIRO TURNO,01/10/2006,0,ORDINÁRIA,1,FEDERAL,AP,AP,AMAPÁ,3,GOVERNADOR,10081,12,ANTÔNIO WALDEZ GÓES DA SILVA,WALDEZ,12,APTO,COLIGAÇÃO,12,PDT,PARTIDO DEMOCRÁTICO TRABALHISTA,,,,1022,UNIÃO PELO AMAPÁ,PDT / PP / PMDB / PV / PSC / PRONA,1,ELEITO
2006,2006001,ELEIÇÕES GERAIS 2006 PRIMEIRO TURNO,01/10/2006,0,ORDINÁRIA,1,FEDERAL,SP,SP,SÃO PAULO,3,GOVERNADOR,10106,45,JOSÉ SERRA,SERRA,12,APTO,COLIGAÇÃO,45,PSDB,PARTIDO DA SOCIAL DEMOCRACIA BRASILEIRA,,,,1012,COMPROMISSO COM SÃO PAULO,PSDB / PFL / PTB / PPS,1,ELEITO
2006,2006001,ELEIÇÕES GERAIS 2006 PRIMEIRO TURNO,01/10/2006,0,ORDINÁRIA,1,FEDERAL,TO,TO,TOCANTINS,3,GOVERNADOR,10254,15,MARCELO DE CARVALHO MIRANDA,MARCELO MIRANDA,12,APTO,COLIGAÇÃO,15,PMDB,PARTIDO DO MOVIMENTO DEMOCRÁTICO BRASILEIRO,,,,1055,ALIANÇA DA VITÓRIA,PMDB / PPS / PFL,1,ELEITO
2006,2006001,ELEIÇÕES GERAIS 2006 PRIMEIRO TURNO,01/10/2006,0,ORDINÁRIA,1,FEDERAL,MT,MT,MATO GROSSO,3,GOVERNADOR,10323,23,BLAIRO BORGES MAGGI,BLAIRO MAGGI,12,APTO,COLIGAÇÃO,23,PPS,PARTIDO POPULAR SOCIALISTA,,,,1066,COLIGAÇÃO MATO GROSSO UNIDO E JUSTO,PP / PTB / PMDB / PTN / PL / PPS / PFL / PAN / PRTB / PMN / PTC / PSB / PV,1,ELEITO
2006,2006001,ELEIÇÕES GERAIS 2006 PRIMEIRO TURNO,01/10/2006,0,ORDINÁRIA,1,FEDERAL,AC,AC,ACRE,3,GOVERNADOR,10027,13,ARNÓBIO MARQUES DE ALMEIDA JUNIOR,BINHO MARQUES,12,APTO,COLIGAÇÃO,13,PT,PARTIDO DOS TRABALHADORES,,,,1007,FRENTE POPULAR DO ACRE I,PP / PT / PL / PRTB / PMN / PSB / PC do B,1,ELEITO
2006,2006001,ELEIÇÕES GERAIS 2006 PRIMEIRO TURNO,01/10/2006,0,ORDINÁRIA,1,FEDERAL,ES,ES,ESPÍRITO SANTO,3,GOVERNADOR,10203,15,PAULO CÉSAR HARTUNG GOMES,PAULO HARTUNG,12,APTO,COLIGAÇÃO,15,PMDB,PARTIDO DO MOVIMENTO DEMOCRÁTICO BRASILEIRO,,,,1029, UNIDADE CAPIXABA ,PTB / PMDB / PFL / PSDB,1,ELEITO
2006,2006001,ELEIÇÕES GERAIS 2006 PRIMEIRO TURNO,01/10/2006,0,ORDINÁRIA,1,FEDERAL,MS,MS,MATO GROSSO DO SUL,3,GOVERNADOR,10053,15,ANDRÉ PUCCINELLI,ANDRÉ PUCCINELLI,12,APTO,COLIGAÇÃO,15,PMDB,PARTIDO DO MOVIMENTO DEMOCRÁTICO BRASILEIRO,,,,1032,"AMOR, TRABALHO E FÉ",PMDB / PSC / PL / PPS / PFL / PAN / PRTB / PMN / PTC / PSDB / PT do B,1,ELEITO
2006,2006001,ELEIÇÕES GERAIS 2006 PRIMEIRO TURNO,01/10/2006,0,ORDINÁRIA,1,FEDERAL,BA,BA,BAHIA,3,GOVERNADOR,10408,13,JAQUES WAGNER,JAQUES WAGNER,12,APTO,COLIGAÇÃO,13,PT,PARTIDO DOS TRABALHADORES,,,,1030,A BAHIA DE TODOS NÓS,PT / PMDB / PC do B / PSB / PPS / PV / PTB / PMN / PRB,1,ELEITO
2006,2006001,ELEIÇÕES GERAIS 2006 PRIMEIRO TURNO,01/10/2006,0,ORDINÁRIA,1,FEDERAL,MG,MG,MINAS GERAIS,3,GOVERNADOR,10104,45,AÉCIO NEVES DA CUNHA,AÉCIO NEVES,12,APTO,COLIGAÇÃO,45,PSDB,PARTIDO DA SOCIAL DEMOCRACIA BRASILEIRA,,,,1014,MINAS NÃO PODE PARAR,PP / PTB / PSC / PL / PPS / PFL / PAN / PHS / PSB / PSDB,1,ELEITO
2006,2006002,ELEIÇÕES GERAIS 2006 SEGUNDO TURNO,29/10/2006,0,ORDINÁRIA,2,FEDERAL,PB,PB,PARAÍBA,3,GOVERNADOR,10055,45,CÁSSIO RODRIGUES DA CUNHA LIMA,CÁSSIO,12,APTO,COLIGAÇÃO,45,PSDB,PARTIDO DA SOCIAL DEMOCRACIA BRASILEIRA,,,,1010,POR AMOR À PARAÍBA,PP / PTB / PTN / PL / PFL / PTC / PSDB / PT do B,1,ELEITO
2006,2006002,ELEIÇÕES GERAIS 2006 SEGUNDO TURNO,29/10/2006,0,ORDINÁRIA,2,FEDERAL,SC,SC,SANTA CATARINA,3,GOVERNADOR,10022,15,LUIZ HENRIQUE DA SILVEIRA,LUIZ HENRIQUE DA SILVEIRA,12,APTO,COLIGAÇÃO,15,PMDB,PARTIDO DO MOVIMENTO DEMOCRÁTICO BRASILEIRO,,,,1025,TODOS POR TODA SANTA CATARINA,PMDB / PFL / PSDB / PPS / PRTB / PT do B / PAN / PHS,1,ELEITO
2006,2006002,ELEIÇÕES GERAIS 2006 SEGUNDO TURNO,29/10/2006,0,ORDINÁRIA,2,FEDERAL,RS,RS,RIO GRANDE DO SUL,3,GOVERNADOR,10626,45,YEDA RORATO CRUSIUS,YEDA CRUSIUS,12,APTO,COLIGAÇÃO,45,PSDB,PARTIDO DA SOCIAL DEMOCRACIA BRASILEIRA,,,,1090,RIO GRANDE AFIRMATIVO,PSC / PL / PPS / PFL / PAN / PRTB / PHS / PTC / PSDB / PRONA / PT do B,1,ELEITO
2006,2006002,ELEIÇÕES GERAIS 2006 SEGUNDO TURNO,29/10/2006,0,ORDINÁRIA,2,FEDERAL,PR,PR,PARANÁ,3,GOVERNADOR,10135,15,ROBERTO REQUIÃO DE MELLO E SILVA,ROBERTO REQUIÃO,12,APTO,COLIGAÇÃO,15,PMDB,PARTIDO DO MOVIMENTO DEMOCRÁTICO BRASILEIRO,,,,1007,PARANÁ FORTE,PMDB / PSC,1,ELEITO
2006,2006002,ELEIÇÕES GERAIS 2006 SEGUNDO TURNO,29/10/2006,0,ORDINÁRIA,2,FEDERAL,PA,PA,PARÁ,3,GOVERNADOR,10548,13,ANA JULIA DE VASCONCELOS CAREPA,ANA JULIA,12,APTO,COLIGAÇÃO,13,PT,PARTIDO DOS TRABALHADORES,,,,1088,FRENTE POPULAR MUDA PARÁ,PRB / PT / PTN / PSB / PC do B,1,ELEITO
2006,2006001,ELEIÇÕES GERAIS 2006 PRIMEIRO TURNO,01/10/2006,0,ORDINÁRIA,1,FEDERAL,CE,CE,CEARÁ,3,GOVERNADOR,10268,40,CID FERREIRA GOMES,CID GOMES,12,APTO,COLIGAÇÃO,40,PSB,PARTIDO SOCIALISTA BRASILEIRO,,,,1057,CEARÁ VOTA PARA CRESCER,PSB / PT / PC do B / PMDB / PRB / PP / PHS / PMN / PV,1,ELEITO
2010,37,Eleições 2010,03/10/2010,2,ELEIÇÃO ORDINÁRIA,1,FEDERAL,AC,AC,ACRE,3,GOVERNADOR,10000000122,13,SEBASTIÃO AFONSO VIANA MACEDO NEVES,TIÃO VIANA,12,APTO,COLIGAÇÃO,13,PT,PARTIDO DOS TRABALHADORES,,,,10000000005,FPA I,PC do B / PDT / PHS / PP / PR / PRB / PRP / PSB / PSDC / PT / PTB / PTC / PTN / PV,1,ELEITO
2010,38,Eleições 2010,31/10/2010,2,ELEIÇÃO ORDINÁRIA,2,FEDERAL,AL,AL,ALAGOAS,3,GOVERNADOR,20000000301,45,TEOTONIO BRANDAO VILELA FILHO,TEOTONIO VILELA,12,APTO,COLIGAÇÃO,45,PSDB,PARTIDO DA SOCIAL DEMOCRACIA BRASILEIRA,,,,20000000010,FRENTE PELO BEM DE ALAGOAS,DEM / PP / PPS / PSB / PSC / PSDB,1,ELEITO
2010,37,Eleições 2010,03/10/2010,2,ELEIÇÃO ORDINÁRIA,1,FEDERAL,AM,AM,AMAZONAS,3,GOVERNADOR,40000000289,33,OMAR JOSE ABDEL AZIZ,OMAR AZIZ,12,APTO,COLIGAÇÃO,33,PMN,PARTIDO DA MOBILIZAÇÃO NACIONAL,,,,40000000009,AVANÇA AMAZONAS,DEM / PC do B / PHS / PMDB / PMN / PP / PRB / PRP / PRTB / PSC / PTB / PTC / PTN,1,ELEITO
2010,38,Eleições 2010,31/10/2010,2,ELEIÇÃO ORDINÁRIA,2,FEDERAL,AP,AP,AMAPÁ,3,GOVERNADOR,30000000011,40,CARLOS CAMILO GOES CAPIBERIBE,CAMILO CAPIBERIBE,12,APTO,COLIGAÇÃO,40,PSB,PARTIDO SOCIALISTA BRASILEIRO,,,,30000000003,Frente Popular,PSB / PT,1,ELEITO
2010,37,Eleições 2010,03/10/2010,2,ELEIÇÃO ORDINÁRIA,1,FEDERAL,BA,BA,BAHIA,3,GOVERNADOR,50000000914,13,JAQUES WAGNER,WAGNER,12,APTO,COLIGAÇÃO,13,PT,PARTIDO DOS TRABALHADORES,,,,50000000046,PRA BAHIA SEGUIR EM FRENTE,PC do B / PDT / PHS / PP / PRB / PSB / PSL / PT,1,ELEITO
2010,37,Eleições 2010,03/10/2010,2,ELEIÇÃO ORDINÁRIA,1,FEDERAL,CE,CE,CEARÁ,3,GOVERNADOR,60000000152,40,CID FERREIRA GOMES,CID GOMES,12,APTO,COLIGAÇÃO,40,PSB,PARTIDO SOCIALISTA BRASILEIRO,,,,60000000006,POR UM CEARA MELHOR PRA TODOS,PC do B / PDT / PMDB / PRB / PSB / PSC / PT,1,ELEITO
2010,38,Eleições 2010,31/10/2010,2,ELEIÇÃO ORDINÁRIA,2,FEDERAL,DF,DF,DISTRITO FEDERAL,3,GOVERNADOR,70000000645,13,AGNELO SANTOS QUEIROZ FILHO,AGNELO,12,APTO,COLIGAÇÃO,13,PT,PARTIDO DOS TRABALHADORES,,,,70000000017,NOVO CAMINHO,PC do B / PDT / PHS / PMDB / PPS / PRB / PRP / PSB / PT / PTB / PTC,1,ELEITO
2010,37,Eleições 2010,03/10/2010,2,ELEIÇÃO ORDINÁRIA,1,FEDERAL,ES,ES,ESPÍRITO SANTO,3,GOVERNADOR,80000000182,40,JOSÉ RENATO CASAGRANDE,RENATO CASAGRANDE,12,APTO,COLIGAÇÃO,40,PSB,PARTIDO SOCIALISTA BRASILEIRO,,,,80000000006,JUNTOS PELO FUTURO,PC do B / PDT / PHS / PMDB / PP / PR / PRB / PRP / PSB / PSC / PSDC / PT / PT do B / PTC / PTN / PV,1,ELEITO
2010,38,Eleições 2010,31/10/2010,2,ELEIÇÃO ORDINÁRIA,2,FEDERAL,GO,GO,GOIÁS,3,GOVERNADOR,90000000113,45,MARCONI FERREIRA PERILLO JÚNIOR,MARCONI PERILLO,12,APTO,COLIGAÇÃO,45,PSDB,PARTIDO DA SOCIAL DEMOCRACIA BRASILEIRA,,,,90000000004,GOIÁS QUER MAIS,DEM / PHS / PMN / PPS / PRB / PRTB / PSDB / PSL / PT do B / PTB / PTC,1,ELEITO
2010,37,Eleições 2010,03/10/2010,2,ELEIÇÃO ORDINÁRIA,1,FEDERAL,MA,MA,MARANHÃO,3,GOVERNADOR,100000000204,15,ROSEANA SARNEY MURAD,ROSEANA,12,APTO,COLIGAÇÃO,15,PMDB,PARTIDO DO MOVIMENTO DEMOCRÁTICO BRASILEIRO,,,,100000000004,O MARANHÃO NÃO PODE PARAR,DEM / PHS / PMDB / PMN / PP / PR / PRB / PRP / PRTB / PSC / PSL / PT / PT do B / PTB / PTN / PV,1,ELEITO
2010,37,Eleições 2010,03/10/2010,2,ELEIÇÃO ORDINÁRIA,1,FEDERAL,MG,MG,MINAS GERAIS,3,GOVERNADOR,130000000950,45,ANTONIO AUGUSTO JUNHO ANASTASIA,ANTONIO ANASTASIA,12,APTO,COLIGAÇÃO,45,PSDB,PARTIDO DA SOCIAL DEMOCRACIA BRASILEIRA,,,,130000000010,SOMOS MINAS GERAIS,DEM / PDT / PMN / PP / PPS / PR / PSB / PSC / PSDB / PSDC / PSL / PTB,1,ELEITO
2010,37,Eleições 2010,03/10/2010,2,ELEIÇÃO ORDINÁRIA,1,FEDERAL,MS,MS,MATO GROSSO DO SUL,3,GOVERNADOR,120000000001,15,ANDRE PUCCINELLI,ANDRE PUCCINELLI,12,APTO,COLIGAÇÃO,15,PMDB,PARTIDO DO MOVIMENTO DEMOCRÁTICO BRASILEIRO,,,,120000000001,"AMOR, TRABALHO E FÉ",DEM / PHS / PMDB / PMN / PPS / PR / PRB / PRTB / PSB / PSDB / PT do B / PTB / PTC / PTN,1,ELEITO
2010,37,Eleições 2010,03/10/2010,2,ELEIÇÃO ORDINÁRIA,1,FEDERAL,MT,MT,MATO GROSSO,3,GOVERNADOR,110000000010,15,SILVAL DA CUNHA BARBOSA,SILVAL BARBOSA,12,APTO,COLIGAÇÃO,15,PMDB,PARTIDO DO MOVIMENTO DEMOCRÁTICO BRASILEIRO,,,,110000000002,MATO GROSSO EM PRIMEIRO LUGAR,PC do B / PHS / PMDB / PP / PR / PRB / PRP / PSC / PT / PTC / PTN,1,ELEITO
2010,38,Eleições 2010,31/10/2010,2,ELEIÇÃO ORDINÁRIA,2,FEDERAL,PA,PA,PARÁ,3,GOVERNADOR,140000000317,45,SIMÃO ROBSON OLIVEIRA JATENE,SIMAO JATENE,12,APTO,COLIGAÇÃO,45,PSDB,PARTIDO DA SOCIAL DEMOCRACIA BRASILEIRA,,,,140000000010,JUNTOS COM O POVO,DEM / PMN / PPS / PRP / PRTB / PSDB / PSDC,1,ELEITO
2010,38,Eleições 2010,31/10/2010,2,ELEIÇÃO ORDINÁRIA,2,FEDERAL,PB,PB,PARAÍBA,3,GOVERNADOR,150000000286,40,RICARDO VIEIRA COUTINHO,RICARDO COUTINHO,12,APTO,COLIGAÇÃO,40,PSB,PARTIDO SOCIALISTA BRASILEIRO,,,,150000000016,Uma Nova Paraíba,DEM / PDT / PPS / PRP / PSB / PSDB / PTC / PTN / PV,1,ELEITO
2010,37,Eleições 2010,03/10/2010,2,ELEIÇÃO ORDINÁRIA,1,FEDERAL,PE,PE,PERNAMBUCO,3,GOVERNADOR,170000000001,40,EDUARDO HENRIQUE ACCIOLY CAMPOS,EDUARDO CAMPOS,12,APTO,COLIGAÇÃO,40,PSB,PARTIDO SOCIALISTA BRASILEIRO,,,,170000000001,FRENTE POPULAR DE PERNAMBUCO,PC do B / PDT / PHS / PP / PR / PRB / PRP / PSB / PSC / PSDC / PSL / PT / PT do B / PTB / PTC,1,ELEITO
2010,38,Eleições 2010,31/10/2010,2,ELEIÇÃO ORDINÁRIA,2,FEDERAL,PI,PI,PIAUÍ,3,GOVERNADOR,180000000334,40,WILSON NUNES MARTINS,WILSON MARTINS,12,APTO,COLIGAÇÃO,40,PSB,PARTIDO SOCIALISTA BRASILEIRO,,,,180000000013,PARA O PIAUÍ SEGUIR MUDANDO,PC do B / PMDB / PR / PRB / PRP / PSB / PT / PTN,1,ELEITO
2010,37,Eleições 2010,03/10/2010,2,ELEIÇÃO ORDINÁRIA,1,FEDERAL,PR,PR,PARANÁ,3,GOVERNADOR,160000001071,45,CARLOS ALBERTO RICHA,BETO RICHA,12,APTO,COLIGAÇÃO,45,PSDB,PARTIDO DA SOCIAL DEMOCRACIA BRASILEIRA,,,,160000000023,COLIGAÇÃO NOVO PARANÁ,DEM / PHS / PMN / PP / PPS / PRB / PRP / PSB / PSDB / PSDC / PSL / PTB / PTC / PTN,1,ELEITO
2010,37,Eleições 2010,03/10/2010,2,ELEIÇÃO ORDINÁRIA,1,FEDERAL,RJ,RJ,RIO DE JANEIRO,3,GOVERNADOR,190000000130,15,SERGIO DE OLIVEIRA CABRAL SANTOS FILHO,SERGIO CABRAL,12,APTO,COLIGAÇÃO,15,PMDB,PARTIDO DO MOVIMENTO DEMOCRÁTICO BRASILEIRO,,,,190000000004,JUNTOS PELO RIO,PC do B / PDT / PHS / PMDB / PMN / PP / PRP / PRTB / PSB / PSC / PSDC / PSL / PT / PTB / PTC / PTN,1,ELEITO
2010,37,Eleições 2010,03/10/2010,2,ELEIÇÃO ORDINÁRIA,1,FEDERAL,RN,RN,RIO GRANDE DO NORTE,3,GOVERNADOR,200000000178,25,ROSALBA CIARLINI ROSADO,ROSALBA CIARLINI,12,APTO,COLIGAÇÃO,25,DEM,DEMOCRATAS,,,,200000000009,FORÇA DA UNIÃO,DEM / PMN / PSC / PSDB / PSL / PTN,1,ELEITO
2010,38,Eleições 2010,31/10/2010,2,ELEIÇÃO ORDINÁRIA,2,FEDERAL,RO,RO,RONDÔNIA,3,GOVERNADOR,220000000001,15,CONFUCIO AIRES DE MOURA,CONFUCIO MOURA,12,APTO,COLIGAÇÃO,15,PMDB,PARTIDO DO MOVIMENTO DEMOCRÁTICO BRASILEIRO,,,,220000000001,ALIANÇA POR UMA RONDÔNIA MELHOR PARA TODOS,DEM / PC do B / PDT / PMDB / PRTB,1,ELEITO
2010,38,Eleições 2010,31/10/2010,2,ELEIÇÃO ORDINÁRIA,2,FEDERAL,RR,RR,RORAIMA,3,GOVERNADOR,230000000057,45,JOSE DE ANCHIETA JUNIOR,ANCHIETA,12,APTO,COLIGAÇÃO,45,PSDB,PARTIDO DA SOCIAL DEMOCRACIA BRASILEIRA,,,,230000000008,União por Roraima,DEM / PMDB / PPS / PR / PSDB / PTN,1,ELEITO
2010,37,Eleições 2010,03/10/2010,2,ELEIÇÃO ORDINÁRIA,1,FEDERAL,RS,RS,RIO GRANDE DO SUL,3,GOVERNADOR,210000000471,13,TARSO FERNANDO HERZ GENRO,TARSO GENRO,12,APTO,COLIGAÇÃO,13,PT,PARTIDO DOS TRABALHADORES,,,,210000000013,UNIDADE POPULAR PELO RIO GRANDE,PC do B / PR / PSB / PT,1,ELEITO
2010,37,Eleições 2010,03/10/2010,2,ELEIÇÃO ORDINÁRIA,1,FEDERAL,SC,SC,SANTA CATARINA,3,GOVERNADOR,240000000201,25,JOÃO RAIMUNDO COLOMBO,RAIMUNDO COLOMBO,12,APTO,COLIGAÇÃO,25,DEM,DEMOCRATAS,,,,240000000021,AS PESSOAS EM PRIMEIRO LUGAR,DEM / PMDB / PPS / PRP / PSC / PSDB / PSL / PTB / PTC,1,ELEITO
2010,37,Eleições 2010,03/10/2010,2,ELEIÇÃO ORDINÁRIA,1,FEDERAL,SE,SE,SERGIPE,3,GOVERNADOR,260000000173,13,MARCELO DEDA CHAGAS,DEDA,12,APTO,COLIGAÇÃO,13,PT,PARTIDO DOS TRABALHADORES,,,,260000000013,PARA SERGIPE CONTINUAR SEGUINDO EM FRENTE,PC do B / PDT / PMDB / PR / PRB / PSB / PSC / PSL / PT / PTC,1,ELEITO
2010,37,Eleições 2010,03/10/2010,2,ELEIÇÃO ORDINÁRIA,1,FEDERAL,SP,SP,SÃO PAULO,3,GOVERNADOR,250000001512,45,GERALDO JOSE RODRIGUES ALCKMIN FILHO,GERALDO ALCKMIN,12,APTO,COLIGAÇÃO,45,PSDB,PARTIDO DA SOCIAL DEMOCRACIA BRASILEIRA,,,,250000000037,UNIDOS POR SÃO PAULO,DEM / PHS / PMDB / PMN / PPS / PSC / PSDB,1,ELEITO
2010,37,Eleições 2010,03/10/2010,2,ELEIÇÃO ORDINÁRIA,1,FEDERAL,TO,TO,TOCANTINS,3,GOVERNADOR,270000000075,45,JOSÉ WILSON SIQUEIRA CAMPOS,SIQUEIRA CAMPOS,12,APTO,COLIGAÇÃO,45,PSDB,PARTIDO DA SOCIAL DEMOCRACIA BRASILEIRA,,,,270000000003,Tocantins Levado a Sério,DEM / PMN / PR / PRB / PRTB / PSC / PSDB / PT do B / PTB / PTC / PTN / PV,1,ELEITO
2010,38,Eleições 2010,31/10/2010,2,ELEIÇÃO ORDINÁRIA,2,FEDERAL,BR,BR,BRASIL,1,PRESIDENTE,280000000005,13,DILMA VANA ROUSSEFF,DILMA,12,APTO,COLIGAÇÃO,13,PT,PARTIDO DOS TRABALHADORES,,,,280000000003,PARA O BRASIL SEGUIR MUDANDO,PC do B / PDT / PMDB / PR / PRB / PSB / PSC / PT / PTC / PTN,1,ELEITO
2010,38,Eleições 2010,31/10/2010,2,ELEIÇÃO ORDINÁRIA,2,FEDERAL,AP,AP,AMAPÁ,3,GOVERNADOR,30000000011,40,CARLOS CAMILO GOES CAPIBERIBE,CAMILO CAPIBERIBE,12,APTO,COLIGAÇÃO,40,PSB,PARTIDO SOCIALISTA BRASILEIRO,,,,30000000003,Frente Popular,PSB / PT,1,ELEITO
2010,38,Eleições 2010,31/10/2010,2,ELEIÇÃO ORDINÁRIA,2,FEDERAL,GO,GO,GOIÁS,3,GOVERNADOR,90000000113,45,MARCONI FERREIRA PERILLO JÚNIOR,MARCONI PERILLO,12,APTO,COLIGAÇÃO,45,PSDB,PARTIDO DA SOCIAL DEMOCRACIA BRASILEIRA,,,,90000000004,GOIÁS QUER MAIS,DEM / PHS / PMN / PPS / PRB / PRTB / PSDB / PSL / PT do B / PTB / PTC,1,ELEITO
2010,38,Eleições 2010,31/10/2010,2,ELEIÇÃO ORDINÁRIA,2,FEDERAL,AL,AL,ALAGOAS,3,GOVERNADOR,20000000301,45,TEOTONIO BRANDAO VILELA FILHO,TEOTONIO VILELA,12,APTO,COLIGAÇÃO,45,PSDB,PARTIDO DA SOCIAL DEMOCRACIA BRASILEIRA,,,,20000000010,FRENTE PELO BEM DE ALAGOAS,DEM / PP / PPS / PSB / PSC / PSDB,1,ELEITO
2010,37,Eleições 2010,03/10/2010,2,ELEIÇÃO ORDINÁRIA,1,FEDERAL,MT,MT,MATO GROSSO,3,GOVERNADOR,110000000010,15,SILVAL DA CUNHA BARBOSA,SILVAL BARBOSA,12,APTO,COLIGAÇÃO,15,PMDB,PARTIDO DO MOVIMENTO DEMOCRÁTICO BRASILEIRO,,,,110000000002,MATO GROSSO EM PRIMEIRO LUGAR,PC do B / PHS / PMDB / PP / PR / PRB / PRP / PSC / PT / PTC / PTN,1,ELEITO
2010,37,Eleições 2010,03/10/2010,2,ELEIÇÃO ORDINÁRIA,1,FEDERAL,TO,TO,TOCANTINS,3,GOVERNADOR,270000000075,45,JOSÉ WILSON SIQUEIRA CAMPOS,SIQUEIRA CAMPOS,12,APTO,COLIGAÇÃO,45,PSDB,PARTIDO DA SOCIAL DEMOCRACIA BRASILEIRA,,,,270000000003,Tocantins Levado a Sério,DEM / PMN / PR / PRB / PRTB / PSC / PSDB / PT do B / PTB / PTC / PTN / PV,1,ELEITO
2010,37,Eleições 2010,03/10/2010,2,ELEIÇÃO ORDINÁRIA,1,FEDERAL,PE,PE,PERNAMBUCO,3,GOVERNADOR,170000000001,40,EDUARDO HENRIQUE ACCIOLY CAMPOS,EDUARDO CAMPOS,12,APTO,COLIGAÇÃO,40,PSB,PARTIDO SOCIALISTA BRASILEIRO,,,,170000000001,FRENTE POPULAR DE PERNAMBUCO,PC do B / PDT / PHS / PP / PR / PRB / PRP / PSB / PSC / PSDC / PSL / PT / PT do B / PTB / PTC,1,ELEITO
2010,37,Eleições 2010,03/10/2010,2,ELEIÇÃO ORDINÁRIA,1,FEDERAL,RJ,RJ,RIO DE JANEIRO,3,GOVERNADOR,190000000130,15,SERGIO DE OLIVEIRA CABRAL SANTOS FILHO,SERGIO CABRAL,12,APTO,COLIGAÇÃO,15,PMDB,PARTIDO DO MOVIMENTO DEMOCRÁTICO BRASILEIRO,,,,190000000004,JUNTOS PELO RIO,PC do B / PDT / PHS / PMDB / PMN / PP / PRP / PRTB / PSB / PSC / PSDC / PSL / PT / PTB / PTC / PTN,1,ELEITO
2010,37,Eleições 2010,03/10/2010,2,ELEIÇÃO ORDINÁRIA,1,FEDERAL,ES,ES,ESPÍRITO SANTO,3,GOVERNADOR,80000000182,40,JOSÉ RENATO CASAGRANDE,RENATO CASAGRANDE,12,APTO,COLIGAÇÃO,40,PSB,PARTIDO SOCIALISTA BRASILEIRO,,,,80000000006,JUNTOS PELO FUTURO,PC do B / PDT / PHS / PMDB / PP / PR / PRB / PRP / PSB / PSC / PSDC / PT / PT do B / PTC / PTN / PV,1,ELEITO
2010,38,Eleições 2010,31/10/2010,2,ELEIÇÃO ORDINÁRIA,2,FEDERAL,DF,DF,DISTRITO FEDERAL,3,GOVERNADOR,70000000645,13,AGNELO SANTOS QUEIROZ FILHO,AGNELO,12,APTO,COLIGAÇÃO,13,PT,PARTIDO DOS TRABALHADORES,,,,70000000017,NOVO CAMINHO,PC do B / PDT / PHS / PMDB / PPS / PRB / PRP / PSB / PT / PTB / PTC,1,ELEITO
2010,37,Eleições 2010,03/10/2010,2,ELEIÇÃO ORDINÁRIA,1,FEDERAL,AC,AC,ACRE,3,GOVERNADOR,10000000122,13,SEBASTIÃO AFONSO VIANA MACEDO NEVES,TIÃO VIANA,12,APTO,COLIGAÇÃO,13,PT,PARTIDO DOS TRABALHADORES,,,,10000000005,FPA I,PC do B / PDT / PHS / PP / PR / PRB / PRP / PSB / PSDC / PT / PTB / PTC / PTN / PV,1,ELEITO
2010,37,Eleições 2010,03/10/2010,2,ELEIÇÃO ORDINÁRIA,1,FEDERAL,SE,SE,SERGIPE,3,GOVERNADOR,260000000173,13,MARCELO DEDA CHAGAS,DEDA,12,APTO,COLIGAÇÃO,13,PT,PARTIDO DOS TRABALHADORES,,,,260000000013,PARA SERGIPE CONTINUAR SEGUINDO EM FRENTE,PC do B / PDT / PMDB / PR / PRB / PSB / PSC / PSL / PT / PTC,1,ELEITO
2010,38,Eleições 2010,31/10/2010,2,ELEIÇÃO ORDINÁRIA,2,FEDERAL,BR,BR,BRASIL,1,PRESIDENTE,280000000005,13,DILMA VANA ROUSSEFF,DILMA,12,APTO,COLIGAÇÃO,13,PT,PARTIDO DOS TRABALHADORES,,,,280000000003,PARA O BRASIL SEGUIR MUDANDO,PC do B / PDT / PMDB / PR / PRB / PSB / PSC / PT / PTC / PTN,1,ELEITO
2010,37,Eleições 2010,03/10/2010,2,ELEIÇÃO ORDINÁRIA,1,FEDERAL,CE,CE,CEARÁ,3,GOVERNADOR,60000000152,40,CID FERREIRA GOMES,CID GOMES,12,APTO,COLIGAÇÃO,40,PSB,PARTIDO SOCIALISTA BRASILEIRO,,,,60000000006,POR UM CEARA MELHOR PRA TODOS,PC do B / PDT / PMDB / PRB / PSB / PSC / PT,1,ELEITO
2010,37,Eleições 2010,03/10/2010,2,ELEIÇÃO ORDINÁRIA,1,FEDERAL,BA,BA,BAHIA,3,GOVERNADOR,50000000914,13,JAQUES WAGNER,WAGNER,12,APTO,COLIGAÇÃO,13,PT,PARTIDO DOS TRABALHADORES,,,,50000000046,PRA BAHIA SEGUIR EM FRENTE,PC do B / PDT / PHS / PP / PRB / PSB / PSL / PT,1,ELEITO
2010,38,Eleições 2010,31/10/2010,2,ELEIÇÃO ORDINÁRIA,2,FEDERAL,RO,RO,RONDÔNIA,3,GOVERNADOR,220000000001,15,CONFUCIO AIRES DE MOURA,CONFUCIO MOURA,12,APTO,COLIGAÇÃO,15,PMDB,PARTIDO DO MOVIMENTO DEMOCRÁTICO BRASILEIRO,,,,220000000001,ALIANÇA POR UMA RONDÔNIA MELHOR PARA TODOS,DEM / PC do B / PDT / PMDB / PRTB,1,ELEITO
2010,37,Eleições 2010,03/10/2010,2,ELEIÇÃO ORDINÁRIA,1,FEDERAL,SC,SC,SANTA CATARINA,3,GOVERNADOR,240000000201,25,JOÃO RAIMUNDO COLOMBO,RAIMUNDO COLOMBO,12,APTO,COLIGAÇÃO,25,DEM,DEMOCRATAS,,,,240000000021,AS PESSOAS EM PRIMEIRO LUGAR,DEM / PMDB / PPS / PRP / PSC / PSDB / PSL / PTB / PTC,1,ELEITO
2010,37,Eleições 2010,03/10/2010,2,ELEIÇÃO ORDINÁRIA,1,FEDERAL,SP,SP,SÃO PAULO,3,GOVERNADOR,250000001512,45,GERALDO JOSE RODRIGUES ALCKMIN FILHO,GERALDO ALCKMIN,12,APTO,COLIGAÇÃO,45,PSDB,PARTIDO DA SOCIAL DEMOCRACIA BRASILEIRA,,,,250000000037,UNIDOS POR SÃO PAULO,DEM / PHS / PMDB / PMN / PPS / PSC / PSDB,1,ELEITO
2010,37,Eleições 2010,03/10/2010,2,ELEIÇÃO ORDINÁRIA,1,FEDERAL,MS,MS,MATO GROSSO DO SUL,3,GOVERNADOR,120000000001,15,ANDRE PUCCINELLI,ANDRE PUCCINELLI,12,APTO,COLIGAÇÃO,15,PMDB,PARTIDO DO MOVIMENTO DEMOCRÁTICO BRASILEIRO,,,,120000000001,"AMOR, TRABALHO E FÉ",DEM / PHS / PMDB / PMN / PPS / PR / PRB / PRTB / PSB / PSDB / PT do B / PTB / PTC / PTN,1,ELEITO
2010,38,Eleições 2010,31/10/2010,2,ELEIÇÃO ORDINÁRIA,2,FEDERAL,PI,PI,PIAUÍ,3,GOVERNADOR,180000000334,40,WILSON NUNES MARTINS,WILSON MARTINS,12,APTO,COLIGAÇÃO,40,PSB,PARTIDO SOCIALISTA BRASILEIRO,,,,180000000013,PARA O PIAUÍ SEGUIR MUDANDO,PC do B / PMDB / PR / PRB / PRP / PSB / PT / PTN,1,ELEITO
2010,37,Eleições 2010,03/10/2010,2,ELEIÇÃO ORDINÁRIA,1,FEDERAL,RS,RS,RIO GRANDE DO SUL,3,GOVERNADOR,210000000471,13,TARSO FERNANDO HERZ GENRO,TARSO GENRO,12,APTO,COLIGAÇÃO,13,PT,PARTIDO DOS TRABALHADORES,,,,210000000013,UNIDADE POPULAR PELO RIO GRANDE,PC do B / PR / PSB / PT,1,ELEITO
2010,37,Eleições 2010,03/10/2010,2,ELEIÇÃO ORDINÁRIA,1,FEDERAL,MG,MG,MINAS GERAIS,3,GOVERNADOR,130000000950,45,ANTONIO AUGUSTO JUNHO ANASTASIA,ANTONIO ANASTASIA,12,APTO,COLIGAÇÃO,45,PSDB,PARTIDO DA SOCIAL DEMOCRACIA BRASILEIRA,,,,130000000010,SOMOS MINAS GERAIS,DEM / PDT / PMN / PP / PPS / PR / PSB / PSC / PSDB / PSDC / PSL / PTB,1,ELEITO
2010,37,Eleições 2010,03/10/2010,2,ELEIÇÃO ORDINÁRIA,1,FEDERAL,MA,MA,MARANHÃO,3,GOVERNADOR,100000000204,15,ROSEANA SARNEY MURAD,ROSEANA,12,APTO,COLIGAÇÃO,15,PMDB,PARTIDO DO MOVIMENTO DEMOCRÁTICO BRASILEIRO,,,,100000000004,O MARANHÃO NÃO PODE PARAR,DEM / PHS / PMDB / PMN / PP / PR / PRB / PRP / PRTB / PSC / PSL / PT / PT do B / PTB / PTN / PV,1,ELEITO
2010,37,Eleições 2010,03/10/2010,2,ELEIÇÃO ORDINÁRIA,1,FEDERAL,RN,RN,RIO GRANDE DO NORTE,3,GOVERNADOR,200000000178,25,ROSALBA CIARLINI ROSADO,ROSALBA CIARLINI,12,APTO,COLIGAÇÃO,25,DEM,DEMOCRATAS,,,,200000000009,FORÇA DA UNIÃO,DEM / PMN / PSC / PSDB / PSL / PTN,1,ELEITO
2010,38,Eleições 2010,31/10/2010,2,ELEIÇÃO ORDINÁRIA,2,FEDERAL,PA,PA,PARÁ,3,GOVERNADOR,140000000317,45,SIMÃO ROBSON OLIVEIRA JATENE,SIMAO JATENE,12,APTO,COLIGAÇÃO,45,PSDB,PARTIDO DA SOCIAL DEMOCRACIA BRASILEIRA,,,,140000000010,JUNTOS COM O POVO,DEM / PMN / PPS / PRP / PRTB / PSDB / PSDC,1,ELEITO
2010,38,Eleições 2010,31/10/2010,2,ELEIÇÃO ORDINÁRIA,2,FEDERAL,PB,PB,PARAÍBA,3,GOVERNADOR,150000000286,40,RICARDO VIEIRA COUTINHO,RICARDO COUTINHO,12,APTO,COLIGAÇÃO,40,PSB,PARTIDO SOCIALISTA BRASILEIRO,,,,150000000016,Uma Nova Paraíba,DEM / PDT / PPS / PRP / PSB / PSDB / PTC / PTN / PV,1,ELEITO
2010,37,Eleições 2010,03/10/2010,2,ELEIÇÃO ORDINÁRIA,1,FEDERAL,AM,AM,AMAZONAS,3,GOVERNADOR,40000000289,33,OMAR JOSE ABDEL AZIZ,OMAR AZIZ,12,APTO,COLIGAÇÃO,33,PMN,PARTIDO DA MOBILIZAÇÃO NACIONAL,,,,40000000009,AVANÇA AMAZONAS,DEM / PC do B / PHS / PMDB / PMN / PP / PRB / PRP / PRTB / PSC / PTB / PTC / PTN,1,ELEITO
2010,37,Eleições 2010,03/10/2010,2,ELEIÇÃO ORDINÁRIA,1,FEDERAL,PR,PR,PARANÁ,3,GOVERNADOR,160000001071,45,CARLOS ALBERTO RICHA,BETO RICHA,12,APTO,COLIGAÇÃO,45,PSDB,PARTIDO DA SOCIAL DEMOCRACIA BRASILEIRA,,,,160000000023,COLIGAÇÃO NOVO PARANÁ,DEM / PHS / PMN / PP / PPS / PRB / PRP / PSB / PSDB / PSDC / PSL / PTB / PTC / PTN,1,ELEITO
2010,38,Eleições 2010,31/10/2010,2,ELEIÇÃO ORDINÁRIA,2,FEDERAL,RR,RR,RORAIMA,3,GOVERNADOR,230000000057,45,JOSE DE ANCHIETA JUNIOR,ANCHIETA,12,APTO,COLIGAÇÃO,45,PSDB,PARTIDO DA SOCIAL DEMOCRACIA BRASILEIRA,,,,230000000008,União por Roraima,DEM / PMDB / PPS / PR / PSDB / PTN,1,ELEITO
2014,143,Eleições Gerais 2014,05/10/2014,2,ELEIÇÃO ORDINÁRIA,1,FEDERAL,TO,TO,TOCANTINS,3,GOVERNADOR,270000000009,15,MARCELO DE CARVALHO MIRANDA,MARCELO MIRANDA,12,APTO,COLIGAÇÃO,15,PMDB,PARTIDO DO MOVIMENTO DEMOCRÁTICO BRASILEIRO,-1,#NULO#,#NULO#,270000000002,A EXPERIENCIA FAZ A MUDANÇA,PMDB / PT / PSD / PV,1,ELEITO
2014,305,Eleição Suplementar Governador - TO,24/06/2018,1,ELEIÇÃO SUPLEMENTAR,2,ESTADUAL,TO,TO,TOCANTINS,3,GOVERNADOR,270000010435,31,MAURO CARLESSE,MAURO CARLESSE,12,APTO,COLIGAÇÃO,31,PHS,PARTIDO HUMANISTA DA SOLIDARIEDADE,-1,#NULO#,#NULO#,270000001028,GOVERNO DE ATITUDE,PHS / DEM / PTC / PRB / PMN / PP / PPS,1,ELEITO
2014,143,Eleições Gerais 2014,05/10/2014,2,ELEIÇÃO ORDINÁRIA,1,FEDERAL,PR,PR,PARANÁ,3,GOVERNADOR,160000000558,45,CARLOS ALBERTO RICHA,BETO RICHA,12,APTO,COLIGAÇÃO,45,PSDB,PARTIDO DA SOCIAL DEMOCRACIA BRASILEIRA,-1,#NULO#,#NULO#,160000000015,Todos Pelo Paraná,PSDB / PROS / DEM / PSB / PSD / PTB / PP / PPS / PSC / PR / SD / PSL / PSDC / PMN / PHS / PATRIOTA / PT do B,1,ELEITO
2014,143,Eleições Gerais 2014,05/10/2014,2,ELEIÇÃO ORDINÁRIA,1,FEDERAL,PE,PE,PERNAMBUCO,3,GOVERNADOR,170000000024,40,PAULO HENRIQUE SARAIVA CÂMARA,PAULO CÂMARA,12,APTO,COLIGAÇÃO,40,PSB,PARTIDO SOCIALISTA BRASILEIRO,-1,#NULO#,#NULO#,170000000003,Frente Popular de Pernambuco,PMDB / PC do B / PSB / PTC / PRP / PV / PTN / PR / PSD / PPS / PSDB / SD / PPL / DEM / PHS / PSDC / PROS / PP / PATRIOTA / PRTB / PSL,1,ELEITO
2014,144,Eleições Gerais 2014,26/10/2014,2,ELEIÇÃO ORDINÁRIA,2,FEDERAL,AM,AM,AMAZONAS,3,GOVERNADOR,40000000487,90,JOSÉ MELO DE OLIVEIRA,JOSÉ MELO,12,APTO,COLIGAÇÃO,90,PROS,PARTIDO REPUBLICANO DA ORDEM SOCIAL,-1,#NULO#,#NULO#,40000000049,Fazendo Mais Por Nossa Gente,PROS / DEM / PSL / PTN / PSC / PR / PRTB / PHS / PTC / PV / PRP / PSDB / PATRIOTA / PSD / SD / PT do B,1,ELEITO
2014,269,Eleição Suplementar Governador AM,27/08/2017,1,ELEIÇÃO SUPLEMENTAR,2,ESTADUAL,AM,AM,AMAZONAS,3,GOVERNADOR,40000012067,12,AMAZONINO ARMANDO MENDES,AMAZONINO MENDES,12,APTO,COLIGAÇÃO,12,PDT,PARTIDO DEMOCRÁTICO TRABALHISTA,-1,#NULO#,#NULO#,40000000786,MOVIMENTO PELA RECONSTRUÇÃO DO AMAZONAS,PDT / DEM / PV / PSDB / PSD / PRB / PSC,1,ELEITO
2014,143,Eleições Gerais 2014,05/10/2014,2,ELEIÇÃO ORDINÁRIA,1,FEDERAL,SP,SP,SÃO PAULO,3,GOVERNADOR,250000001672,45,GERALDO JOSE RODRIGUES ALCKMIN FILHO,GERALDO ALCKMIN,12,APTO,COLIGAÇÃO,45,PSDB,PARTIDO DA SOCIAL DEMOCRACIA BRASILEIRA,-1,#NULO#,#NULO#,250000000036,Aqui é São Paulo,PSDB / DEM / PATRIOTA / PMN / PT do B / PTC / PTN / SD / PPS / PRB / PSB / PSC / PSDC / PSL,1,ELEITO
2014,143,Eleições Gerais 2014,05/10/2014,2,ELEIÇÃO ORDINÁRIA,1,FEDERAL,AL,AL,ALAGOAS,3,GOVERNADOR,20000000202,15,JOSE RENAN VASCONCELOS CALHEIROS FILHO,RENAN FILHO,12,APTO,COLIGAÇÃO,15,PMDB,PARTIDO DO MOVIMENTO DEMOCRÁTICO BRASILEIRO,-1,#NULO#,#NULO#,20000000009,COM O POVO PRA ALAGOAS MUDAR,PV / PT do B / PMDB / PROS / PC do B / PSC / PHS / PTB / PSD / PDT / PT,1,ELEITO
2014,143,Eleições Gerais 2014,05/10/2014,2,ELEIÇÃO ORDINÁRIA,1,FEDERAL,SE,SE,SERGIPE,3,GOVERNADOR,260000000077,15,JACKSON BARRETO DE LIMA,JACKSON BARRETO,12,APTO,COLIGAÇÃO,15,PMDB,PARTIDO DO MOVIMENTO DEMOCRÁTICO BRASILEIRO,-1,#NULO#,#NULO#,260000000010,AGORA É O POVO,PT / PSD / PC do B / PRTB / PDT / PRP / PROS / PSDC / PMDB / PSB / PRB,1,ELEITO
2014,143,Eleições Gerais 2014,05/10/2014,2,ELEIÇÃO ORDINÁRIA,1,FEDERAL,BA,BA,BAHIA,3,GOVERNADOR,50000000401,13,RUI COSTA DOS SANTOS,RUI COSTA,12,APTO,COLIGAÇÃO,13,PT,PARTIDO DOS TRABALHADORES,-1,#NULO#,#NULO#,50000000007,PRA BAHIA MUDAR MAIS,PT / PP / PSD / PDT / PR / PC do B / PTB / PMN,1,ELEITO
2014,144,Eleições Gerais 2014,26/10/2014,2,ELEIÇÃO ORDINÁRIA,2,FEDERAL,AP,AP,AMAPÁ,3,GOVERNADOR,30000000088,12,ANTÔNIO WALDEZ GÓES DA SILVA,WALDEZ,12,APTO,COLIGAÇÃO,12,PDT,PARTIDO DEMOCRÁTICO TRABALHISTA,-1,#NULO#,#NULO#,30000000006,A FORÇA DO POVO,PP / PDT / PMDB,1,ELEITO
2014,144,Eleições Gerais 2014,26/10/2014,2,ELEIÇÃO ORDINÁRIA,2,FEDERAL,AC,AC,ACRE,3,GOVERNADOR,10000000152,13,SEBASTIÃO AFONSO VIANA MACEDO NEVES,TIÃO VIANA,12,APTO,COLIGAÇÃO,13,PT,PARTIDO DOS TRABALHADORES,-1,#NULO#,#NULO#,10000000026,Frente Popular do Acre,PDT / PRB / PT / PSL / PTN / PSDC / PHS / PSB / PRP / PATRIOTA / PPL / PC do B / PROS / PTB,1,ELEITO
2014,144,Eleições Gerais 2014,26/10/2014,2,ELEIÇÃO ORDINÁRIA,2,FEDERAL,BR,BR,BRASIL,1,PRESIDENTE,280000000083,13,DILMA VANA ROUSSEFF,DILMA,12,APTO,COLIGAÇÃO,13,PT,PARTIDO DOS TRABALHADORES,-1,#NULO#,#NULO#,280000000082,COLIGAÇÃO COM A FORÇA DO POVO,PT / PMDB / PSD / PP / PR / PROS / PDT / PC do B / PRB,1,ELEITO
2014,144,Eleições Gerais 2014,26/10/2014,2,ELEIÇÃO ORDINÁRIA,2,FEDERAL,DF,DF,DISTRITO FEDERAL,3,GOVERNADOR,70000000434,40,RODRIGO SOBRAL ROLLEMBERG,ROLLEMBERG,12,APTO,COLIGAÇÃO,40,PSB,PARTIDO SOCIALISTA BRASILEIRO,-1,#NULO#,#NULO#,70000000018,SOMOS TODOS BRASÍLIA,PSB / SD / PDT / PSD,1,ELEITO
2014,143,Eleições Gerais 2014,05/10/2014,2,ELEIÇÃO ORDINÁRIA,1,FEDERAL,ES,ES,ESPÍRITO SANTO,3,GOVERNADOR,80000000427,15,PAULO CESAR HARTUNG GOMES,PAULO HARTUNG,12,APTO,COLIGAÇÃO,15,PMDB,PARTIDO DO MOVIMENTO DEMOCRÁTICO BRASILEIRO,-1,#NULO#,#NULO#,80000000011,O ESPIRITO SANTO PODE MUITO MAIS,PMDB / PSDB / DEM / SD / PATRIOTA / PROS / PRP,1,ELEITO
2014,144,Eleições Gerais 2014,26/10/2014,2,ELEIÇÃO ORDINÁRIA,2,FEDERAL,CE,CE,CEARÁ,3,GOVERNADOR,60000000764,13,CAMILO SOBREIRA DE SANTANA,CAMILO,12,APTO,COLIGAÇÃO,13,PT,PARTIDO DOS TRABALHADORES,-1,#NULO#,#NULO#,60000000019,PARA O CEARA SEGUIR MUDANDO,PRB / PP / PDT / PT / PTB / PSL / PRTB / PHS / PMN / PTC / PV / PATRIOTA / PPL / PSD / PC do B / PT do B / SD / PROS,1,ELEITO
2014,143,Eleições Gerais 2014,05/10/2014,2,ELEIÇÃO ORDINÁRIA,1,FEDERAL,GO,GO,GOIÁS,3,GOVERNADOR,90000000637,45,MARCONI FERREIRA PERILLO JUNIOR,MARCONI PERILLO,12,APTO,COLIGAÇÃO,45,PSDB,PARTIDO DA SOCIAL DEMOCRACIA BRASILEIRA,-1,#NULO#,#NULO#,90000000026,Garantia de um Futuro Melhor para Goiás,PRB / PP / PDT / PTB / PSL / PR / PPS / PHS / PMN / PTC / PV / PSDB / PATRIOTA / PSD / PT do B / PROS,1,ELEITO
2014,143,Eleições Gerais 2014,05/10/2014,2,ELEIÇÃO ORDINÁRIA,1,FEDERAL,MG,MG,MINAS GERAIS,3,GOVERNADOR,130000000829,13,FERNANDO DAMATA PIMENTEL,FERNANDO PIMENTEL,12,APTO,COLIGAÇÃO,13,PT,PARTIDO DOS TRABALHADORES,-1,#NULO#,#NULO#,130000000016,MINAS PRA VOCÊ,PT / PMDB / PC do B / PROS / PRB,1,ELEITO
2014,144,Eleições Gerais 2014,26/10/2014,2,ELEIÇÃO ORDINÁRIA,2,FEDERAL,AM,AM,AMAZONAS,3,GOVERNADOR,40000000487,90,JOSÉ MELO DE OLIVEIRA,JOSÉ MELO,12,APTO,COLIGAÇÃO,90,PROS,PARTIDO REPUBLICANO DA ORDEM SOCIAL,-1,#NULO#,#NULO#,40000000049,Fazendo Mais Por Nossa Gente,PROS / DEM / PSL / PTN / PSC / PR / PRTB / PHS / PTC / PV / PRP / PSDB / PATRIOTA / PSD / SD / PT do B,1,ELEITO
2014,144,Eleições Gerais 2014,26/10/2014,2,ELEIÇÃO ORDINÁRIA,2,FEDERAL,AP,AP,AMAPÁ,3,GOVERNADOR,30000000088,12,ANTÔNIO WALDEZ GÓES DA SILVA,WALDEZ,12,APTO,COLIGAÇÃO,12,PDT,PARTIDO DEMOCRÁTICO TRABALHISTA,-1,#NULO#,#NULO#,30000000006,A FORÇA DO POVO,PP / PDT / PMDB,1,ELEITO
2014,143,Eleições Gerais 2014,05/10/2014,2,ELEIÇÃO ORDINÁRIA,1,FEDERAL,PE,PE,PERNAMBUCO,3,GOVERNADOR,170000000024,40,PAULO HENRIQUE SARAIVA CÂMARA,PAULO CÂMARA,12,APTO,COLIGAÇÃO,40,PSB,PARTIDO SOCIALISTA BRASILEIRO,-1,#NULO#,#NULO#,170000000003,Frente Popular de Pernambuco,PMDB / PC do B / PSB / PTC / PRP / PV / PTN / PR / PSD / PPS / PSDB / SD / PPL / DEM / PHS / PSDC / PROS / PP / PATRIOTA / PRTB / PSL,1,ELEITO
2014,144,Eleições Gerais 2014,26/10/2014,2,ELEIÇÃO ORDINÁRIA,2,FEDERAL,CE,CE,CEARÁ,3,GOVERNADOR,60000000764,13,CAMILO SOBREIRA DE SANTANA,CAMILO,12,APTO,COLIGAÇÃO,13,PT,PARTIDO DOS TRABALHADORES,-1,#NULO#,#NULO#,60000000019,PARA O CEARA SEGUIR MUDANDO,PRB / PP / PDT / PT / PTB / PSL / PRTB / PHS / PMN / PTC / PV / PATRIOTA / PPL / PSD / PC do B / PT do B / SD / PROS,1,ELEITO
2014,143,Eleições Gerais 2014,05/10/2014,2,ELEIÇÃO ORDINÁRIA,1,FEDERAL,MA,MA,MARANHÃO,3,GOVERNADOR,100000000014,65,FLAVIO DINO DE CASTRO E COSTA,FLAVIO DINO,12,APTO,COLIGAÇÃO,65,PC do B,PARTIDO COMUNISTA DO BRASIL,-1,#NULO#,#NULO#,100000000002,TODOS PELO MARANHÃO,PP / SD / PROS / PSDB / PC do B / PSB / PDT / PTC / PPS,1,ELEITO
2014,143,Eleições Gerais 2014,05/10/2014,2,ELEIÇÃO ORDINÁRIA,1,FEDERAL,TO,TO,TOCANTINS,3,GOVERNADOR,270000000009,15,MARCELO DE CARVALHO MIRANDA,MARCELO MIRANDA,12,APTO,COLIGAÇÃO,15,PMDB,PARTIDO DO MOVIMENTO DEMOCRÁTICO BRASILEIRO,-1,#NULO#,#NULO#,270000000002,A EXPERIENCIA FAZ A MUDANÇA,PMDB / PT / PSD / PV,1,ELEITO
2014,143,Eleições Gerais 2014,05/10/2014,2,ELEIÇÃO ORDINÁRIA,1,FEDERAL,AL,AL,ALAGOAS,3,GOVERNADOR,20000000202,15,JOSE RENAN VASCONCELOS CALHEIROS FILHO,RENAN FILHO,12,APTO,COLIGAÇÃO,15,PMDB,PARTIDO DO MOVIMENTO DEMOCRÁTICO BRASILEIRO,-1,#NULO#,#NULO#,20000000009,COM O POVO PRA ALAGOAS MUDAR,PV / PT do B / PMDB / PROS / PC do B / PSC / PHS / PTB / PSD / PDT / PT,1,ELEITO
2014,143,Eleições Gerais 2014,05/10/2014,2,ELEIÇÃO ORDINÁRIA,1,FEDERAL,BA,BA,BAHIA,3,GOVERNADOR,50000000401,13,RUI COSTA DOS SANTOS,RUI COSTA,12,APTO,COLIGAÇÃO,13,PT,PARTIDO DOS TRABALHADORES,-1,#NULO#,#NULO#,50000000007,PRA BAHIA MUDAR MAIS,PT / PP / PSD / PDT / PR / PC do B / PTB / PMN,1,ELEITO
2014,143,Eleições Gerais 2014,05/10/2014,2,ELEIÇÃO ORDINÁRIA,1,FEDERAL,SP,SP,SÃO PAULO,3,GOVERNADOR,250000001672,45,GERALDO JOSE RODRIGUES ALCKMIN FILHO,GERALDO ALCKMIN,12,APTO,COLIGAÇÃO,45,PSDB,PARTIDO DA SOCIAL DEMOCRACIA BRASILEIRA,-1,#NULO#,#NULO#,250000000036,Aqui é São Paulo,PSDB / DEM / PATRIOTA / PMN / PT do B / PTC / PTN / SD / PPS / PRB / PSB / PSC / PSDC / PSL,1,ELEITO
2014,144,Eleições Gerais 2014,26/10/2014,2,ELEIÇÃO ORDINÁRIA,2,FEDERAL,RJ,RJ,RIO DE JANEIRO,3,GOVERNADOR,190000001649,15,LUIZ FERNANDO DE SOUZA,LUIZ FERNANDO PEZÃO,12,APTO,COLIGAÇÃO,15,PMDB,PARTIDO DO MOVIMENTO DEMOCRÁTICO BRASILEIRO,-1,#NULO#,#NULO#,190000000024,O RIO EM 1. LUGAR,PMDB / PP / PSC / PTB / PSL / PPS / PTN / DEM / PSDC / PHS / PMN / PTC / PRP / PSDB / PATRIOTA / PSD / SD,1,ELEITO
2014,144,Eleições Gerais 2014,26/10/2014,2,ELEIÇÃO ORDINÁRIA,2,FEDERAL,PA,PA,PARÁ,3,GOVERNADOR,140000000828,45,SIMÃO ROBISON OLIVEIRA JATENE,SIMÃO JATENE,12,APTO,COLIGAÇÃO,45,PSDB,PARTIDO DA SOCIAL DEMOCRACIA BRASILEIRA,-1,#NULO#,#NULO#,140000000026,JUNTOS COM O POVO,PSDB / PSD / PSB / PP / SD / PRB / PSC / PTB / PPS / PATRIOTA / PMN / PTC / PSDC / PT do B / PRP,1,ELEITO
2014,144,Eleições Gerais 2014,26/10/2014,2,ELEIÇÃO ORDINÁRIA,2,FEDERAL,AC,AC,ACRE,3,GOVERNADOR,10000000152,13,SEBASTIÃO AFONSO VIANA MACEDO NEVES,TIÃO VIANA,12,APTO,COLIGAÇÃO,13,PT,PARTIDO DOS TRABALHADORES,-1,#NULO#,#NULO#,10000000026,Frente Popular do Acre,PDT / PRB / PT / PSL / PTN / PSDC / PHS / PSB / PRP / PATRIOTA / PPL / PC do B / PROS / PTB,1,ELEITO
2014,143,Eleições Gerais 2014,05/10/2014,2,ELEIÇÃO ORDINÁRIA,1,FEDERAL,PR,PR,PARANÁ,3,GOVERNADOR,160000000558,45,CARLOS ALBERTO RICHA,BETO RICHA,12,APTO,COLIGAÇÃO,45,PSDB,PARTIDO DA SOCIAL DEMOCRACIA BRASILEIRA,-1,#NULO#,#NULO#,160000000015,Todos Pelo Paraná,PSDB / PROS / DEM / PSB / PSD / PTB / PP / PPS / PSC / PR / SD / PSL / PSDC / PMN / PHS / PATRIOTA / PT do B,1,ELEITO
2014,144,Eleições Gerais 2014,26/10/2014,2,ELEIÇÃO ORDINÁRIA,2,FEDERAL,GO,GO,GOIÁS,3,GOVERNADOR,90000000637,45,MARCONI FERREIRA PERILLO JUNIOR,MARCONI PERILLO,12,APTO,COLIGAÇÃO,45,PSDB,PARTIDO DA SOCIAL DEMOCRACIA BRASILEIRA,-1,#NULO#,#NULO#,90000000026,Garantia de um Futuro Melhor para Goiás,PRB / PP / PDT / PTB / PSL / PR / PPS / PHS / PMN / PTC / PV / PSDB / PATRIOTA / PSD / PT do B / PROS,1,ELEITO
2014,144,Eleições Gerais 2014,26/10/2014,2,ELEIÇÃO ORDINÁRIA,2,FEDERAL,DF,DF,DISTRITO FEDERAL,3,GOVERNADOR,70000000434,40,RODRIGO SOBRAL ROLLEMBERG,ROLLEMBERG,12,APTO,COLIGAÇÃO,40,PSB,PARTIDO SOCIALISTA BRASILEIRO,-1,#NULO#,#NULO#,70000000018,SOMOS TODOS BRASÍLIA,PSB / SD / PDT / PSD,1,ELEITO
2014,143,Eleições Gerais 2014,05/10/2014,2,ELEIÇÃO ORDINÁRIA,1,FEDERAL,ES,ES,ESPÍRITO SANTO,3,GOVERNADOR,80000000427,15,PAULO CESAR HARTUNG GOMES,PAULO HARTUNG,12,APTO,COLIGAÇÃO,15,PMDB,PARTIDO DO MOVIMENTO DEMOCRÁTICO BRASILEIRO,-1,#NULO#,#NULO#,80000000011,O ESPIRITO SANTO PODE MUITO MAIS,PMDB / PSDB / DEM / SD / PATRIOTA / PROS / PRP,1,ELEITO
2014,144,Eleições Gerais 2014,26/10/2014,2,ELEIÇÃO ORDINÁRIA,2,FEDERAL,RN,RN,RIO GRANDE DO NORTE,3,GOVERNADOR,200000000242,55,ROBINSON MESQUITA DE FARIA,ROBINSON FARIA,12,APTO,COLIGAÇÃO,55,PSD,PARTIDO SOCIAL DEMOCRÁTICO,-1,#NULO#,#NULO#,200000000010,LIDERADOS PELO POVO,PSD / PT / PC do B / PT do B / PP / PATRIOTA / PRTB / PTC,1,ELEITO
2014,144,Eleições Gerais 2014,26/10/2014,2,ELEIÇÃO ORDINÁRIA,2,FEDERAL,RR,RR,RORAIMA,3,GOVERNADOR,230000000804,11,MARIA SUELY SILVA CAMPOS,SUELY CAMPOS,12,APTO,COLIGAÇÃO,11,PP,PARTIDO PROGRESSISTA,-1,#NULO#,#NULO#,230000000001, SALVE RORAIMA ,PP / PTB / DEM,1,ELEITO
2014,144,Eleições Gerais 2014,26/10/2014,2,ELEIÇÃO ORDINÁRIA,2,FEDERAL,RS,RS,RIO GRANDE DO SUL,3,GOVERNADOR,210000000083,15,JOSÉ IVO SARTORI,JOSÉ IVO SARTORI,12,APTO,COLIGAÇÃO,15,PMDB,PARTIDO DO MOVIMENTO DEMOCRÁTICO BRASILEIRO,-1,#NULO#,#NULO#,210000000003,O NOVO CAMINHO PARA O RIO GRANDE,PMDB / PSD / PPS / PSB / PHS / PT do B / PSL / PSDC,1,ELEITO
2014,143,Eleições Gerais 2014,05/10/2014,2,ELEIÇÃO ORDINÁRIA,1,FEDERAL,SE,SE,SERGIPE,3,GOVERNADOR,260000000077,15,JACKSON BARRETO DE LIMA,JACKSON BARRETO,12,APTO,COLIGAÇÃO,15,PMDB,PARTIDO DO MOVIMENTO DEMOCRÁTICO BRASILEIRO,-1,#NULO#,#NULO#,260000000010,AGORA É O POVO,PT / PSD / PC do B / PRTB / PDT / PRP / PROS / PSDC / PMDB / PSB / PRB,1,ELEITO
2014,144,Eleições Gerais 2014,26/10/2014,2,ELEIÇÃO ORDINÁRIA,2,FEDERAL,BR,BR,BRASIL,1,PRESIDENTE,280000000083,13,DILMA VANA ROUSSEFF,DILMA,12,APTO,COLIGAÇÃO,13,PT,PARTIDO DOS TRABALHADORES,-1,#NULO#,#NULO#,280000000082,COLIGAÇÃO COM A FORÇA DO POVO,PT / PMDB / PSD / PP / PR / PROS / PDT / PC do B / PRB,1,ELEITO
2014,143,Eleições Gerais 2014,05/10/2014,2,ELEIÇÃO ORDINÁRIA,1,FEDERAL,PI,PI,PIAUÍ,3,GOVERNADOR,180000000212,13,JOSÉ WELLINGTON BARROSO DE ARAÚJO DIAS,WELLINGTON DIAS,12,APTO,COLIGAÇÃO,13,PT,PARTIDO DOS TRABALHADORES,-1,#NULO#,#NULO#,180000000010,A VITÓRIA COM A FORÇA DO POVO,PT / PP / PTB / PHS / PR / PROS / PRP / SD,1,ELEITO
2014,269,Eleição Suplementar Governador AM,27/08/2017,1,ELEIÇÃO SUPLEMENTAR,2,ESTADUAL,AM,AM,AMAZONAS,3,GOVERNADOR,40000012067,12,AMAZONINO ARMANDO MENDES,AMAZONINO MENDES,12,APTO,COLIGAÇÃO,12,PDT,PARTIDO DEMOCRÁTICO TRABALHISTA,-1,#NULO#,#NULO#,40000000786,MOVIMENTO PELA RECONSTRUÇÃO DO AMAZONAS,PDT / DEM / PV / PSDB / PSD / PRB / PSC,1,ELEITO
2014,305,Eleição Suplementar Governador - TO,24/06/2018,1,ELEIÇÃO SUPLEMENTAR,2,ESTADUAL,TO,TO,TOCANTINS,3,GOVERNADOR,270000010435,31,MAURO CARLESSE,MAURO CARLESSE,12,APTO,COLIGAÇÃO,31,PHS,PARTIDO HUMANISTA DA SOLIDARIEDADE,-1,#NULO#,#NULO#,270000001028,GOVERNO DE ATITUDE,PHS / DEM / PTC / PRB / PMN / PP / PPS,1,ELEITO
2014,143,Eleições Gerais 2014,05/10/2014,2,ELEIÇÃO ORDINÁRIA,1,FEDERAL,SC,SC,SANTA CATARINA,3,GOVERNADOR,240000000207,55,JOÃO RAIMUNDO COLOMBO,RAIMUNDO COLOMBO,12,APTO,COLIGAÇÃO,55,PSD,PARTIDO SOCIAL DEMOCRÁTICO,-1,#NULO#,#NULO#,240000000023,COLIGAÇÃO SANTA CATARINA EM PRIMEIRO LUGAR,PSD / PRB / PMDB / PR / PTB / PSC / PSDC / PROS / PV / PC do B / PDT / DEM,1,ELEITO
2014,144,Eleições Gerais 2014,26/10/2014,2,ELEIÇÃO ORDINÁRIA,2,FEDERAL,RO,RO,RONDÔNIA,3,GOVERNADOR,220000000187,15,CONFUCIO AIRES MOURA,CONFUCIO MOURA,12,APTO,COLIGAÇÃO,15,PMDB,PARTIDO DO MOVIMENTO DEMOCRÁTICO BRASILEIRO,-1,#NULO#,#NULO#,220000000010,RONDONIA NO CAMINHO CERTO,PMDB / PDT / PSB / PTN / PTB / PC do B / PRTB / PSL / PRP,1,ELEITO
2014,144,Eleições Gerais 2014,26/10/2014,2,ELEIÇÃO ORDINÁRIA,2,FEDERAL,MS,MS,MATO GROSSO DO SUL,3,GOVERNADOR,120000000022,45,REINALDO AZAMBUJA SILVA,REINALDO AZAMBUJA,12,APTO,COLIGAÇÃO,45,PSDB,PARTIDO DA SOCIAL DEMOCRACIA BRASILEIRA,-1,#NULO#,#NULO#,120000000021,NOVO TEMPO,PSDB / DEM / PSD / SD / PPS / PMN,1,ELEITO
2014,144,Eleições Gerais 2014,26/10/2014,2,ELEIÇÃO ORDINÁRIA,2,FEDERAL,PB,PB,PARAÍBA,3,GOVERNADOR,150000000052,40,RICARDO VIEIRA COUTINHO,RICARDO COUTINHO,12,APTO,COLIGAÇÃO,40,PSB,PARTIDO SOCIALISTA BRASILEIRO,-1,#NULO#,#NULO#,150000000004,A FORÇA DO TRABALHO,PSB / PT / PDT / DEM / PRTB / PRP / PV / PSL / PC do B / PHS / PPL,1,ELEITO
2014,143,Eleições Gerais 2014,05/10/2014,2,ELEIÇÃO ORDINÁRIA,1,FEDERAL,MT,MT,MATO GROSSO,3,GOVERNADOR,110000000001,12,JOSÉ PEDRO GONÇALVES TAQUES,PEDRO TAQUES,12,APTO,COLIGAÇÃO,12,PDT,PARTIDO DEMOCRÁTICO TRABALHISTA,-1,#NULO#,#NULO#,110000000001,CORAGEM E ATITUDE PRA MUDAR,PDT / PP / DEM / PSDB / PSB / PPS / PV / PTB / PSDC / PSC / PRP / PSL / PRB,1,ELEITO
2014,143,Eleições Gerais 2014,05/10/2014,2,ELEIÇÃO ORDINÁRIA,1,FEDERAL,GO,GO,GOIÁS,3,GOVERNADOR,90000000637,45,MARCONI FERREIRA PERILLO JUNIOR,MARCONI PERILLO,12,APTO,COLIGAÇÃO,45,PSDB,PARTIDO DA SOCIAL DEMOCRACIA BRASILEIRA,-1,#NULO#,#NULO#,90000000026,Garantia de um Futuro Melhor para Goiás,PRB / PP / PDT / PTB / PSL / PR / PPS / PHS / PMN / PTC / PV / PSDB / PATRIOTA / PSD / PT do B / PROS,1,ELEITO
2014,144,Eleições Gerais 2014,26/10/2014,2,ELEIÇÃO ORDINÁRIA,2,FEDERAL,GO,GO,GOIÁS,3,GOVERNADOR,90000000637,45,MARCONI FERREIRA PERILLO JUNIOR,MARCONI PERILLO,12,APTO,COLIGAÇÃO,45,PSDB,PARTIDO DA SOCIAL DEMOCRACIA BRASILEIRA,-1,#NULO#,#NULO#,90000000026,Garantia de um Futuro Melhor para Goiás,PRB / PP / PDT / PTB / PSL / PR / PPS / PHS / PMN / PTC / PV / PSDB / PATRIOTA / PSD / PT do B / PROS,1,ELEITO
2014,144,Eleições Gerais 2014,26/10/2014,2,ELEIÇÃO ORDINÁRIA,2,FEDERAL,PA,PA,PARÁ,3,GOVERNADOR,140000000828,45,SIMÃO ROBISON OLIVEIRA JATENE,SIMÃO JATENE,12,APTO,COLIGAÇÃO,45,PSDB,PARTIDO DA SOCIAL DEMOCRACIA BRASILEIRA,-1,#NULO#,#NULO#,140000000026,JUNTOS COM O POVO,PSDB / PSD / PSB / PP / SD / PRB / PSC / PTB / PPS / PATRIOTA / PMN / PTC / PSDC / PT do B / PRP,1,ELEITO
2014,144,Eleições Gerais 2014,26/10/2014,2,ELEIÇÃO ORDINÁRIA,2,FEDERAL,MS,MS,MATO GROSSO DO SUL,3,GOVERNADOR,120000000022,45,REINALDO AZAMBUJA SILVA,REINALDO AZAMBUJA,12,APTO,COLIGAÇÃO,45,PSDB,PARTIDO DA SOCIAL DEMOCRACIA BRASILEIRA,-1,#NULO#,#NULO#,120000000021,NOVO TEMPO,PSDB / DEM / PSD / SD / PPS / PMN,1,ELEITO
2014,143,Eleições Gerais 2014,05/10/2014,2,ELEIÇÃO ORDINÁRIA,1,FEDERAL,MA,MA,MARANHÃO,3,GOVERNADOR,100000000014,65,FLAVIO DINO DE CASTRO E COSTA,FLAVIO DINO,12,APTO,COLIGAÇÃO,65,PC do B,PARTIDO COMUNISTA DO BRASIL,-1,#NULO#,#NULO#,100000000002,TODOS PELO MARANHÃO,PP / SD / PROS / PSDB / PC do B / PSB / PDT / PTC / PPS,1,ELEITO
2014,143,Eleições Gerais 2014,05/10/2014,2,ELEIÇÃO ORDINÁRIA,1,FEDERAL,MT,MT,MATO GROSSO,3,GOVERNADOR,110000000001,12,JOSÉ PEDRO GONÇALVES TAQUES,PEDRO TAQUES,12,APTO,COLIGAÇÃO,12,PDT,PARTIDO DEMOCRÁTICO TRABALHISTA,-1,#NULO#,#NULO#,110000000001,CORAGEM E ATITUDE PRA MUDAR,PDT / PP / DEM / PSDB / PSB / PPS / PV / PTB / PSDC / PSC / PRP / PSL / PRB,1,ELEITO
2014,143,Eleições Gerais 2014,05/10/2014,2,ELEIÇÃO ORDINÁRIA,1,FEDERAL,MG,MG,MINAS GERAIS,3,GOVERNADOR,130000000829,13,FERNANDO DAMATA PIMENTEL,FERNANDO PIMENTEL,12,APTO,COLIGAÇÃO,13,PT,PARTIDO DOS TRABALHADORES,-1,#NULO#,#NULO#,130000000016,MINAS PRA VOCÊ,PT / PMDB / PC do B / PROS / PRB,1,ELEITO
2014,144,Eleições Gerais 2014,26/10/2014,2,ELEIÇÃO ORDINÁRIA,2,FEDERAL,PB,PB,PARAÍBA,3,GOVERNADOR,150000000052,40,RICARDO VIEIRA COUTINHO,RICARDO COUTINHO,12,APTO,COLIGAÇÃO,40,PSB,PARTIDO SOCIALISTA BRASILEIRO,-1,#NULO#,#NULO#,150000000004,A FORÇA DO TRABALHO,PSB / PT / PDT / DEM / PRTB / PRP / PV / PSL / PC do B / PHS / PPL,1,ELEITO
2014,144,Eleições Gerais 2014,26/10/2014,2,ELEIÇÃO ORDINÁRIA,2,FEDERAL,RJ,RJ,RIO DE JANEIRO,3,GOVERNADOR,190000001649,15,LUIZ FERNANDO DE SOUZA,LUIZ FERNANDO PEZÃO,12,APTO,COLIGAÇÃO,15,PMDB,PARTIDO DO MOVIMENTO DEMOCRÁTICO BRASILEIRO,-1,#NULO#,#NULO#,190000000024,O RIO EM 1. LUGAR,PMDB / PP / PSC / PTB / PSL / PPS / PTN / DEM / PSDC / PHS / PMN / PTC / PRP / PSDB / PATRIOTA / PSD / SD,1,ELEITO
2014,143,Eleições Gerais 2014,05/10/2014,2,ELEIÇÃO ORDINÁRIA,1,FEDERAL,PI,PI,PIAUÍ,3,GOVERNADOR,180000000212,13,JOSÉ WELLINGTON BARROSO DE ARAÚJO DIAS,WELLINGTON DIAS,12,APTO,COLIGAÇÃO,13,PT,PARTIDO DOS TRABALHADORES,-1,#NULO#,#NULO#,180000000010,A VITÓRIA COM A FORÇA DO POVO,PT / PP / PTB / PHS / PR / PROS / PRP / SD,1,ELEITO
2014,144,Eleições Gerais 2014,26/10/2014,2,ELEIÇÃO ORDINÁRIA,2,FEDERAL,RN,RN,RIO GRANDE DO NORTE,3,GOVERNADOR,200000000242,55,ROBINSON MESQUITA DE FARIA,ROBINSON FARIA,12,APTO,COLIGAÇÃO,55,PSD,PARTIDO SOCIAL DEMOCRÁTICO,-1,#NULO#,#NULO#,200000000010,LIDERADOS PELO POVO,PSD / PT / PC do B / PT do B / PP / PATRIOTA / PRTB / PTC,1,ELEITO
2014,144,Eleições Gerais 2014,26/10/2014,2,ELEIÇÃO ORDINÁRIA,2,FEDERAL,RS,RS,RIO GRANDE DO SUL,3,GOVERNADOR,210000000083,15,JOSÉ IVO SARTORI,JOSÉ IVO SARTORI,12,APTO,COLIGAÇÃO,15,PMDB,PARTIDO DO MOVIMENTO DEMOCRÁTICO BRASILEIRO,-1,#NULO#,#NULO#,210000000003,O NOVO CAMINHO PARA O RIO GRANDE,PMDB / PSD / PPS / PSB / PHS / PT do B / PSL / PSDC,1,ELEITO
2014,143,Eleições Gerais 2014,05/10/2014,2,ELEIÇÃO ORDINÁRIA,1,FEDERAL,SC,SC,SANTA CATARINA,3,GOVERNADOR,240000000207,55,JOÃO RAIMUNDO COLOMBO,RAIMUNDO COLOMBO,12,APTO,COLIGAÇÃO,55,PSD,PARTIDO SOCIAL DEMOCRÁTICO,-1,#NULO#,#NULO#,240000000023,COLIGAÇÃO SANTA CATARINA EM PRIMEIRO LUGAR,PSD / PRB / PMDB / PR / PTB / PSC / PSDC / PROS / PV / PC do B / PDT / DEM,1,ELEITO
2014,144,Eleições Gerais 2014,26/10/2014,2,ELEIÇÃO ORDINÁRIA,2,FEDERAL,RO,RO,RONDÔNIA,3,GOVERNADOR,220000000187,15,CONFUCIO AIRES MOURA,CONFUCIO MOURA,12,APTO,COLIGAÇÃO,15,PMDB,PARTIDO DO MOVIMENTO DEMOCRÁTICO BRASILEIRO,-1,#NULO#,#NULO#,220000000010,RONDONIA NO CAMINHO CERTO,PMDB / PDT / PSB / PTN / PTB / PC do B / PRTB / PSL / PRP,1,ELEITO
2014,144,Eleições Gerais 2014,26/10/2014,2,ELEIÇÃO ORDINÁRIA,2,FEDERAL,RR,RR,RORAIMA,3,GOVERNADOR,230000000804,11,MARIA SUELY SILVA CAMPOS,SUELY CAMPOS,12,APTO,COLIGAÇÃO,11,PP,PARTIDO PROGRESSISTA,-1,#NULO#,#NULO#,230000000001, SALVE RORAIMA ,PP / PTB / DEM,1,ELEITO
2018,297,Eleições Gerais Estaduais 2018,07/10/2018,2,ELEIÇÃO ORDINÁRIA,1,ESTADUAL,AL,AL,ALAGOAS,3,GOVERNADOR,20000621744,15,JOSE RENAN VASCONCELOS CALHEIROS FILHO,RENAN FILHO,12,APTO,COLIGAÇÃO,15,MDB,MOVIMENTO DEMOCRÁTICO BRASILEIRO,-1,#NULO#,#NULO#,20000050568,Avança Mais Alagoas,MDB / PODE / PPS / PDT / PR / PTB / PHS / PT / PV / PRP / PRTB / PSD / DC / PC do B / AVANTE / PMN / SOLIDARIEDADE,1,ELEITO
2018,297,Eleições Gerais Estaduais 2018,07/10/2018,2,ELEIÇÃO ORDINÁRIA,1,ESTADUAL,ES,ES,ESPÍRITO SANTO,3,GOVERNADOR,80000625512,40,JOSE RENATO CASAGRANDE,RENATO CASAGRANDE,12,APTO,COLIGAÇÃO,40,PSB,PARTIDO SOCIALISTA BRASILEIRO,-1,#NULO#,#NULO#,80000050688,ESPIRITO SANTO MAIS IGUAL,PSB / PHS / PROS / PV / PSC / AVANTE / PTC / PPS / PSDB / DEM / PDT / PP / PC do B / PPL / DC / SOLIDARIEDADE / PRP / PSD,1,ELEITO
2018,298,Eleições Gerais Estaduais 2018,28/10/2018,2,ELEIÇÃO ORDINÁRIA,2,ESTADUAL,DF,DF,DISTRITO FEDERAL,3,GOVERNADOR,70000614515,15,IBANEIS ROCHA BARROS JUNIOR,IBANEIS,12,APTO,COLIGAÇÃO,15,MDB,MOVIMENTO DEMOCRÁTICO BRASILEIRO,-1,#NULO#,#NULO#,70000050385,PRA FAZER A DIFERENÇA,MDB / PP / AVANTE / PSL / PPL,1,ELEITO
2018,297,Eleições Gerais Estaduais 2018,07/10/2018,2,ELEIÇÃO ORDINÁRIA,1,ESTADUAL,CE,CE,CEARÁ,3,GOVERNADOR,60000610979,13,CAMILO SOBREIRA DE SANTANA,CAMILO,12,APTO,COLIGAÇÃO,13,PT,PARTIDO DOS TRABALHADORES,-1,#NULO#,#NULO#,60000050294,POR UM CEARA CADA VEZ MAIS FORTE,PT / PDT / PP / PSB / PR / PTB / DEM / PC do B / PPS / PRP / PV / PMN / PPL / PATRIOTA / PRTB / PMB,1,ELEITO
2018,297,Eleições Gerais Estaduais 2018,07/10/2018,2,ELEIÇÃO ORDINÁRIA,1,ESTADUAL,BA,BA,BAHIA,3,GOVERNADOR,50000607711,13,RUI COSTA DOS SANTOS,RUI COSTA,12,APTO,COLIGAÇÃO,13,PT,PARTIDO DOS TRABALHADORES,-1,#NULO#,#NULO#,50000050202,MAIS TRABALHO POR TODA A BAHIA,PT / PP / PDT / PSD / PSB / PC do B / PR / PMB / PRP / PODE / AVANTE / PMN / PROS / PTC,1,ELEITO
2018,298,Eleições Gerais Estaduais 2018,28/10/2018,2,ELEIÇÃO ORDINÁRIA,2,ESTADUAL,AM,AM,AMAZONAS,3,GOVERNADOR,40000610391,20,WILSON MIRANDA LIMA,WILSON LIMA,12,APTO,COLIGAÇÃO,20,PSC,PARTIDO SOCIAL CRISTÃO,-1,#NULO#,#NULO#,40000050275,TRANSFORMAÇÃO POR UM NOVO AMAZONAS,PSC / PRTB / REDE,1,ELEITO
2018,298,Eleições Gerais Estaduais 2018,28/10/2018,2,ELEIÇÃO ORDINÁRIA,2,ESTADUAL,AP,AP,AMAPÁ,3,GOVERNADOR,30000613618,12,ANTONIO WALDEZ GÓES DA SILVA,WALDEZ,12,APTO,COLIGAÇÃO,12,PDT,PARTIDO DEMOCRÁTICO TRABALHISTA,-1,#NULO#,#NULO#,30000050363,COM A FORÇA DO POVO POR MAIS CONQUISTAS,PDT / PROS / PTB / MDB / DC / PRB / PRP / PC do B / PMB,1,ELEITO
2018,298,Eleições Gerais Estaduais 2018,28/10/2018,2,ELEIÇÃO ORDINÁRIA,2,ESTADUAL,SC,SC,SANTA CATARINA,3,GOVERNADOR,240000609724,17,CARLOS MOISÉS DA SILVA,COMANDANTE MOISÉS,12,APTO,PARTIDO ISOLADO,17,PSL,PARTIDO SOCIAL LIBERAL,-1,#NULO#,#NULO#,240000050254,PARTIDO ISOLADO,PSL,1,ELEITO
2018,298,Eleições Gerais Estaduais 2018,28/10/2018,2,ELEIÇÃO ORDINÁRIA,2,ESTADUAL,MS,MS,MATO GROSSO DO SUL,3,GOVERNADOR,120000606863,45,REINALDO AZAMBUJA SILVA,REINALDO AZAMBUJA,12,APTO,COLIGAÇÃO,45,PSDB,PARTIDO DA SOCIAL DEMOCRACIA BRASILEIRA,-1,#NULO#,#NULO#,120000050184,AVANÇAR COM RESPONSABILIDADE,PMN / DEM / PP / PSB / PTB / PSDB / PATRIOTA / PSD / PPS / AVANTE / SOLIDARIEDADE / PROS,1,ELEITO
2018,298,Eleições Gerais Estaduais 2018,28/10/2018,2,ELEIÇÃO ORDINÁRIA,2,ESTADUAL,RN,RN,RIO GRANDE DO NORTE,3,GOVERNADOR,200000606727,13,MARIA DE FATIMA BEZERRA,FATIMA BEZERRA,12,APTO,COLIGAÇÃO,13,PT,PARTIDO DOS TRABALHADORES,-1,#NULO#,#NULO#,200000050182,DO LADO CERTO,PT / PC do B / PHS,1,ELEITO
2018,298,Eleições Gerais Estaduais 2018,28/10/2018,2,ELEIÇÃO ORDINÁRIA,2,ESTADUAL,RJ,RJ,RIO DE JANEIRO,3,GOVERNADOR,190000612301,20,WILSON JOSÉ WITZEL,WILSON WITZEL,12,APTO,COLIGAÇÃO,20,PSC,PARTIDO SOCIAL CRISTÃO,-1,#NULO#,#NULO#,190000050329,"MAIS ORDEM, MAIS PROGRESSO",PSC / PROS,1,ELEITO
2018,297,Eleições Gerais Estaduais 2018,07/10/2018,2,ELEIÇÃO ORDINÁRIA,1,ESTADUAL,AC,AC,ACRE,3,GOVERNADOR,10000603056,11,GLADSON DE LIMA CAMELI,GLADSON CAMELI,12,APTO,COLIGAÇÃO,11,PP,PROGRESSISTAS,-1,#NULO#,#NULO#,10000050087,MUDANÇA E COMPETÊNCIA,PP / MDB / PSDB / DEM / PSD / PTB / PMN / SOLIDARIEDADE / PTC / PR / PPS,1,ELEITO
2018,297,Eleições Gerais Estaduais 2018,07/10/2018,2,ELEIÇÃO ORDINÁRIA,1,ESTADUAL,ES,ES,ESPÍRITO SANTO,3,GOVERNADOR,80000625512,40,JOSE RENATO CASAGRANDE,RENATO CASAGRANDE,12,APTO,COLIGAÇÃO,40,PSB,PARTIDO SOCIALISTA BRASILEIRO,-1,#NULO#,#NULO#,80000050688,ESPIRITO SANTO MAIS IGUAL,PSB / PHS / PROS / PV / PSC / AVANTE / PTC / PPS / PSDB / DEM / PDT / PP / PC do B / PPL / DC / SOLIDARIEDADE / PRP / PSD,1,ELEITO
2018,297,Eleições Gerais Estaduais 2018,07/10/2018,2,ELEIÇÃO ORDINÁRIA,1,ESTADUAL,GO,GO,GOIÁS,3,GOVERNADOR,90000613470,25,RONALDO RAMOS CAIADO,RONALDO CAIADO,12,APTO,COLIGAÇÃO,25,DEM,DEMOCRATAS,-1,#NULO#,#NULO#,90000050358,A MUDANÇA É AGORA,DEM / PRP / PROS / PMN / PMB / PSC / DC / PSL / PODE / PTC / PRTB / PDT,1,ELEITO
2018,297,Eleições Gerais Estaduais 2018,07/10/2018,2,ELEIÇÃO ORDINÁRIA,1,ESTADUAL,BA,BA,BAHIA,3,GOVERNADOR,50000607711,13,RUI COSTA DOS SANTOS,RUI COSTA,12,APTO,COLIGAÇÃO,13,PT,PARTIDO DOS TRABALHADORES,-1,#NULO#,#NULO#,50000050202,MAIS TRABALHO POR TODA A BAHIA,PT / PP / PDT / PSD / PSB / PC do B / PR / PMB / PRP / PODE / AVANTE / PMN / PROS / PTC,1,ELEITO
2018,298,Eleições Gerais Estaduais 2018,28/10/2018,2,ELEIÇÃO ORDINÁRIA,2,ESTADUAL,SP,SP,SÃO PAULO,3,GOVERNADOR,250000612596,45,JOÃO AGRIPINO DA COSTA DORIA JUNIOR,JOÃO DORIA,12,APTO,COLIGAÇÃO,45,PSDB,PARTIDO DA SOCIAL DEMOCRACIA BRASILEIRA,-1,#NULO#,#NULO#,250000050340,AceleraSP,PSDB / DEM / PSD / PRB / PP / PTC,1,ELEITO
2018,297,Eleições Gerais Estaduais 2018,07/10/2018,2,ELEIÇÃO ORDINÁRIA,1,ESTADUAL,MT,MT,MATO GROSSO,3,GOVERNADOR,110000612713,25,MAURO MENDES FERREIRA,MAURO MENDES,12,APTO,COLIGAÇÃO,25,DEM,DEMOCRATAS,-1,#NULO#,#NULO#,110000050344,PRA MUDAR MATO GROSSO,DEM / PSD / PDT / PSC / MDB / PMB / PHS / PTC,1,ELEITO
2018,297,Eleições Gerais Estaduais 2018,07/10/2018,2,ELEIÇÃO ORDINÁRIA,1,ESTADUAL,PR,PR,PARANÁ,3,GOVERNADOR,160000609226,55,CARLOS ROBERTO MASSA JUNIOR,RATINHO JUNIOR,12,APTO,COLIGAÇÃO,55,PSD,PARTIDO SOCIAL DEMOCRÁTICO,-1,#NULO#,#NULO#,160000050237,PARANA INOVADOR,PSD / PSC / PV / PR / PRB / PHS / PPS / PODE / AVANTE,1,ELEITO
2018,297,Eleições Gerais Estaduais 2018,07/10/2018,2,ELEIÇÃO ORDINÁRIA,1,ESTADUAL,PI,PI,PIAUÍ,3,GOVERNADOR,180000614002,13,JOSÉ WELLINGTON BARROSO DE ARAÚJO DIAS,WELLINGTON DIAS,12,APTO,COLIGAÇÃO,13,PT,PARTIDO DOS TRABALHADORES,-1,#NULO#,#NULO#,180000050374,A Vitória Com a Força do Povo ,PT / MDB / PP / PR / PDT / PSD / PC do B / PTB / PRTB,1,ELEITO
2018,297,Eleições Gerais Estaduais 2018,07/10/2018,2,ELEIÇÃO ORDINÁRIA,1,ESTADUAL,AL,AL,ALAGOAS,3,GOVERNADOR,20000621744,15,JOSE RENAN VASCONCELOS CALHEIROS FILHO,RENAN FILHO,12,APTO,COLIGAÇÃO,15,MDB,MOVIMENTO DEMOCRÁTICO BRASILEIRO,-1,#NULO#,#NULO#,20000050568,Avança Mais Alagoas,MDB / PODE / PPS / PDT / PR / PTB / PHS / PT / PV / PRP / PRTB / PSD / DC / PC do B / AVANTE / PMN / SOLIDARIEDADE,1,ELEITO
2018,297,Eleições Gerais Estaduais 2018,07/10/2018,2,ELEIÇÃO ORDINÁRIA,1,ESTADUAL,PB,PB,PARAÍBA,3,GOVERNADOR,150000603508,40,JOÃO AZEVEDO LINS FILHO,JOÃO,12,APTO,COLIGAÇÃO,40,PSB,PARTIDO SOCIALISTA BRASILEIRO,-1,#NULO#,#NULO#,150000050096,A FORÇA DO TRABALHO,PSB / PDT / PT / DEM / PTB / PRP / PODE / PRB / PC do B / AVANTE / PPS / REDE / PMN / PROS,1,ELEITO
2018,298,Eleições Gerais Estaduais 2018,28/10/2018,2,ELEIÇÃO ORDINÁRIA,2,ESTADUAL,RR,RR,RORAIMA,3,GOVERNADOR,230000609415,17,ANTONIO OLIVERIO GARCIA DE ALMEIDA,ANTONIO DENARIUM,12,APTO,COLIGAÇÃO,17,PSL,PARTIDO SOCIAL LIBERAL,-1,#NULO#,#NULO#,230000050244,AGORA É RORAIMA COM TUDO,PSL / PRB / PTC / PRP / PROS / PSC / PPL / PATRIOTA,1,ELEITO
2018,296,Eleição Geral Federal 2018,28/10/2018,2,ELEIÇÃO ORDINÁRIA,2,FEDERAL,BR,BR,BRASIL,1,PRESIDENTE,280000614517,17,JAIR MESSIAS BOLSONARO,JAIR BOLSONARO,12,APTO,COLIGAÇÃO,17,PSL,PARTIDO SOCIAL LIBERAL,-1,#NULO#,#NULO#,280000050386,"BRASIL ACIMA DE TUDO, DEUS ACIMA DE TODOS",PSL / PRTB,1,ELEITO
2018,298,Eleições Gerais Estaduais 2018,28/10/2018,2,ELEIÇÃO ORDINÁRIA,2,ESTADUAL,RO,RO,RONDÔNIA,3,GOVERNADOR,220000625838,17,MARCOS JOSE ROCHA DOS SANTOS,CORONEL MARCOS ROCHA,12,APTO,PARTIDO ISOLADO,17,PSL,PARTIDO SOCIAL LIBERAL,-1,#NULO#,#NULO#,220000050702,PARTIDO ISOLADO,PSL,1,ELEITO
2018,297,Eleições Gerais Estaduais 2018,07/10/2018,2,ELEIÇÃO ORDINÁRIA,1,ESTADUAL,CE,CE,CEARÁ,3,GOVERNADOR,60000610979,13,CAMILO SOBREIRA DE SANTANA,CAMILO,12,APTO,COLIGAÇÃO,13,PT,PARTIDO DOS TRABALHADORES,-1,#NULO#,#NULO#,60000050294,POR UM CEARA CADA VEZ MAIS FORTE,PT / PDT / PP / PSB / PR / PTB / DEM / PC do B / PPS / PRP / PV / PMN / PPL / PATRIOTA / PRTB / PMB,1,ELEITO
2018,298,Eleições Gerais Estaduais 2018,28/10/2018,2,ELEIÇÃO ORDINÁRIA,2,ESTADUAL,DF,DF,DISTRITO FEDERAL,3,GOVERNADOR,70000614515,15,IBANEIS ROCHA BARROS JUNIOR,IBANEIS,12,APTO,COLIGAÇÃO,15,MDB,MOVIMENTO DEMOCRÁTICO BRASILEIRO,-1,#NULO#,#NULO#,70000050385,PRA FAZER A DIFERENÇA,MDB / PP / AVANTE / PSL / PPL,1,ELEITO
2018,298,Eleições Gerais Estaduais 2018,28/10/2018,2,ELEIÇÃO ORDINÁRIA,2,ESTADUAL,AP,AP,AMAPÁ,3,GOVERNADOR,30000613618,12,ANTONIO WALDEZ GÓES DA SILVA,WALDEZ,12,APTO,COLIGAÇÃO,12,PDT,PARTIDO DEMOCRÁTICO TRABALHISTA,-1,#NULO#,#NULO#,30000050363,COM A FORÇA DO POVO POR MAIS CONQUISTAS,PDT / PROS / PTB / MDB / DC / PRB / PRP / PC do B / PMB,1,ELEITO
2018,298,Eleições Gerais Estaduais 2018,28/10/2018,2,ELEIÇÃO ORDINÁRIA,2,ESTADUAL,PA,PA,PARÁ,3,GOVERNADOR,140000621334,15,HELDER ZAHLUTH BARBALHO,HELDER,12,APTO,COLIGAÇÃO,15,MDB,MOVIMENTO DEMOCRÁTICO BRASILEIRO,-1,#NULO#,#NULO#,140000050556,O PARÁ DAQUI PRA FRENTE,MDB / PP / PRB / PR / PSC / PTB / PHS / PMB / PODE / DC / PTC / PATRIOTA / PSD / AVANTE / PSL / PROS,1,ELEITO
2018,298,Eleições Gerais Estaduais 2018,28/10/2018,2,ELEIÇÃO ORDINÁRIA,2,ESTADUAL,AM,AM,AMAZONAS,3,GOVERNADOR,40000610391,20,WILSON MIRANDA LIMA,WILSON LIMA,12,APTO,COLIGAÇÃO,20,PSC,PARTIDO SOCIAL CRISTÃO,-1,#NULO#,#NULO#,40000050275,TRANSFORMAÇÃO POR UM NOVO AMAZONAS,PSC / PRTB / REDE,1,ELEITO
2018,298,Eleições Gerais Estaduais 2018,28/10/2018,2,ELEIÇÃO ORDINÁRIA,2,ESTADUAL,MG,MG,MINAS GERAIS,3,GOVERNADOR,130000600702,30,ROMEU ZEMA NETO,ROMEU ZEMA,12,APTO,PARTIDO ISOLADO,30,NOVO,PARTIDO NOVO,-1,#NULO#,#NULO#,130000050025,PARTIDO ISOLADO,NOVO,1,ELEITO
2018,297,Eleições Gerais Estaduais 2018,07/10/2018,2,ELEIÇÃO ORDINÁRIA,1,ESTADUAL,MA,MA,MARANHÃO,3,GOVERNADOR,100000603926,65,FLÁVIO DINO DE CASTRO E COSTA,FLÁVIO DINO,12,APTO,COLIGAÇÃO,65,PC do B,PARTIDO COMUNISTA DO BRASIL,-1,#NULO#,#NULO#,100000050110,TODOS PELO MARANHÃO,PC do B / PRB / PDT / PPS / DEM / PSB / PR / PP / PROS / PT / PTB / PATRIOTA / PTC / SOLIDARIEDADE / PPL / AVANTE,1,ELEITO
2018,297,Eleições Gerais Estaduais 2018,07/10/2018,2,ELEIÇÃO ORDINÁRIA,1,ESTADUAL,PE,PE,PERNAMBUCO,3,GOVERNADOR,170000604547,40,PAULO HENRIQUE SARAIVA CÂMARA,PAULO CÂMARA,12,APTO,COLIGAÇÃO,40,PSB,PARTIDO SOCIALISTA BRASILEIRO,-1,#NULO#,#NULO#,170000050130,FRENTE POPULAR DE PERNAMBUCO,PSB / PC do B / PT / MDB / PP / PR / PMN / PTC / PRP / PATRIOTA / PSD / PPL / SOLIDARIEDADE,1,ELEITO
2018,298,Eleições Gerais Estaduais 2018,28/10/2018,2,ELEIÇÃO ORDINÁRIA,2,ESTADUAL,RS,RS,RIO GRANDE DO SUL,3,GOVERNADOR,210000622367,45,EDUARDO FIGUEIREDO CAVALHEIRO LEITE,EDUARDO LEITE,12,APTO,COLIGAÇÃO,45,PSDB,PARTIDO DA SOCIAL DEMOCRACIA BRASILEIRA,-1,#NULO#,#NULO#,210000050594,RIO GRANDE DA GENTE,PSDB / PTB / PRB / PPS / PHS / REDE / PP,1,ELEITO
2018,297,Eleições Gerais Estaduais 2018,07/10/2018,2,ELEIÇÃO ORDINÁRIA,1,ESTADUAL,TO,TO,TOCANTINS,3,GOVERNADOR,270000618815,31,MAURO CARLESSE,MAURO CARLESSE,12,APTO,COLIGAÇÃO,31,PHS,PARTIDO HUMANISTA DA SOLIDARIEDADE,-1,#NULO#,#NULO#,270000050486,GOVERNO DE ATITUDE,PHS / SOLIDARIEDADE / PP / DEM / PTC / PRB / AVANTE / PATRIOTA / PROS,1,ELEITO
2018,298,Eleições Gerais Estaduais 2018,28/10/2018,2,ELEIÇÃO ORDINÁRIA,2,ESTADUAL,SE,SE,SERGIPE,3,GOVERNADOR,260000623573,55,BELIVALDO CHAGAS SILVA,BELIVALDO,12,APTO,COLIGAÇÃO,55,PSD,PARTIDO SOCIAL DEMOCRÁTICO,-1,#NULO#,#NULO#,260000050630,PRA SERGIPE AVANÇAR,PP / MDB / DC / PC do B / PSD / PT / PHS,1,ELEITO
2018,297,Eleições Gerais Estaduais 2018,07/10/2018,2,ELEIÇÃO ORDINÁRIA,1,ESTADUAL,TO,TO,TOCANTINS,3,GOVERNADOR,270000618815,31,MAURO CARLESSE,MAURO CARLESSE,12,APTO,COLIGAÇÃO,31,PHS,PARTIDO HUMANISTA DA SOLIDARIEDADE,-1,#NULO#,#NULO#,270000050486,GOVERNO DE ATITUDE,PHS / SOLIDARIEDADE / PP / DEM / PTC / PRB / AVANTE / PATRIOTA / PROS,1,ELEITO
2018,298,Eleições Gerais Estaduais 2018,28/10/2018,2,ELEIÇÃO ORDINÁRIA,2,ESTADUAL,SP,SP,SÃO PAULO,3,GOVERNADOR,250000612596,45,JOÃO AGRIPINO DA COSTA DORIA JUNIOR,JOÃO DORIA,12,APTO,COLIGAÇÃO,45,PSDB,PARTIDO DA SOCIAL DEMOCRACIA BRASILEIRA,-1,#NULO#,#NULO#,250000050340,AceleraSP,PSDB / DEM / PSD / PRB / PP / PTC,1,ELEITO
2018,298,Eleições Gerais Estaduais 2018,28/10/2018,2,ELEIÇÃO ORDINÁRIA,2,ESTADUAL,SE,SE,SERGIPE,3,GOVERNADOR,260000623573,55,BELIVALDO CHAGAS SILVA,BELIVALDO,12,APTO,COLIGAÇÃO,55,PSD,PARTIDO SOCIAL DEMOCRÁTICO,-1,#NULO#,#NULO#,260000050630,PRA SERGIPE AVANÇAR,PP / MDB / DC / PC do B / PSD / PT / PHS,1,ELEITO
2018,298,Eleições Gerais Estaduais 2018,28/10/2018,2,ELEIÇÃO ORDINÁRIA,2,ESTADUAL,SC,SC,SANTA CATARINA,3,GOVERNADOR,240000609724,17,CARLOS MOISÉS DA SILVA,COMANDANTE MOISÉS,12,APTO,PARTIDO ISOLADO,17,PSL,PARTIDO SOCIAL LIBERAL,-1,#NULO#,#NULO#,240000050254,PARTIDO ISOLADO,PSL,1,ELEITO
2018,298,Eleições Gerais Estaduais 2018,28/10/2018,2,ELEIÇÃO ORDINÁRIA,2,ESTADUAL,RS,RS,RIO GRANDE DO SUL,3,GOVERNADOR,210000622367,45,EDUARDO FIGUEIREDO CAVALHEIRO LEITE,EDUARDO LEITE,12,APTO,COLIGAÇÃO,45,PSDB,PARTIDO DA SOCIAL DEMOCRACIA BRASILEIRA,-1,#NULO#,#NULO#,210000050594,RIO GRANDE DA GENTE,PSDB / PTB / PRB / PPS / PHS / REDE / PP,1,ELEITO
2018,298,Eleições Gerais Estaduais 2018,28/10/2018,2,ELEIÇÃO ORDINÁRIA,2,ESTADUAL,RR,RR,RORAIMA,3,GOVERNADOR,230000609415,17,ANTONIO OLIVERIO GARCIA DE ALMEIDA,ANTONIO DENARIUM,12,APTO,COLIGAÇÃO,17,PSL,PARTIDO SOCIAL LIBERAL,-1,#NULO#,#NULO#,230000050244,AGORA É RORAIMA COM TUDO,PSL / PRB / PTC / PRP / PROS / PSC / PPL / PATRIOTA,1,ELEITO
2018,296,Eleição Geral Federal 2018,28/10/2018,2,ELEIÇÃO ORDINÁRIA,2,FEDERAL,BR,BR,BRASIL,1,PRESIDENTE,280000614517,17,JAIR MESSIAS BOLSONARO,JAIR BOLSONARO,12,APTO,COLIGAÇÃO,17,PSL,PARTIDO SOCIAL LIBERAL,-1,#NULO#,#NULO#,280000050386,"BRASIL ACIMA DE TUDO, DEUS ACIMA DE TODOS",PSL / PRTB,1,ELEITO
2018,297,Eleições Gerais Estaduais 2018,07/10/2018,2,ELEIÇÃO ORDINÁRIA,1,ESTADUAL,AC,AC,ACRE,3,GOVERNADOR,10000603056,11,GLADSON DE LIMA CAMELI,GLADSON CAMELI,12,APTO,COLIGAÇÃO,11,PP,PROGRESSISTAS,-1,#NULO#,#NULO#,10000050087,MUDANÇA E COMPETÊNCIA,PP / MDB / PSDB / DEM / PSD / PTB / PMN / SOLIDARIEDADE / PTC / PR / PPS,1,ELEITO
2018,298,Eleições Gerais Estaduais 2018,28/10/2018,2,ELEIÇÃO ORDINÁRIA,2,ESTADUAL,RO,RO,RONDÔNIA,3,GOVERNADOR,220000625838,17,MARCOS JOSE ROCHA DOS SANTOS,CORONEL MARCOS ROCHA,12,APTO,PARTIDO ISOLADO,17,PSL,PARTIDO SOCIAL LIBERAL,-1,#NULO#,#NULO#,220000050702,PARTIDO ISOLADO,PSL,1,ELEITO
2018,298,Eleições Gerais Estaduais 2018,28/10/2018,2,ELEIÇÃO ORDINÁRIA,2,ESTADUAL,RJ,RJ,RIO DE JANEIRO,3,GOVERNADOR,190000612301,20,WILSON JOSÉ WITZEL,WILSON WITZEL,12,APTO,COLIGAÇÃO,20,PSC,PARTIDO SOCIAL CRISTÃO,-1,#NULO#,#NULO#,190000050329,"MAIS ORDEM, MAIS PROGRESSO",PSC / PROS,1,ELEITO
2018,297,Eleições Gerais Estaduais 2018,07/10/2018,2,ELEIÇÃO ORDINÁRIA,1,ESTADUAL,PR,PR,PARANÁ,3,GOVERNADOR,160000609226,55,CARLOS ROBERTO MASSA JUNIOR,RATINHO JUNIOR,12,APTO,COLIGAÇÃO,55,PSD,PARTIDO SOCIAL DEMOCRÁTICO,-1,#NULO#,#NULO#,160000050237,PARANA INOVADOR,PSD / PSC / PV / PR / PRB / PHS / PPS / PODE / AVANTE,1,ELEITO
2018,298,Eleições Gerais Estaduais 2018,28/10/2018,2,ELEIÇÃO ORDINÁRIA,2,ESTADUAL,RN,RN,RIO GRANDE DO NORTE,3,GOVERNADOR,200000606727,13,MARIA DE FATIMA BEZERRA,FATIMA BEZERRA,12,APTO,COLIGAÇÃO,13,PT,PARTIDO DOS TRABALHADORES,-1,#NULO#,#NULO#,200000050182,DO LADO CERTO,PT / PC do B / PHS,1,ELEITO
2018,297,Eleições Gerais Estaduais 2018,07/10/2018,2,ELEIÇÃO ORDINÁRIA,1,ESTADUAL,PI,PI,PIAUÍ,3,GOVERNADOR,180000614002,13,JOSÉ WELLINGTON BARROSO DE ARAÚJO DIAS,WELLINGTON DIAS,12,APTO,COLIGAÇÃO,13,PT,PARTIDO DOS TRABALHADORES,-1,#NULO#,#NULO#,180000050374,A Vitória Com a Força do Povo ,PT / MDB / PP / PR / PDT / PSD / PC do B / PTB / PRTB,1,ELEITO
2018,297,Eleições Gerais Estaduais 2018,07/10/2018,2,ELEIÇÃO ORDINÁRIA,1,ESTADUAL,PE,PE,PERNAMBUCO,3,GOVERNADOR,170000604547,40,PAULO HENRIQUE SARAIVA CÂMARA,PAULO CÂMARA,12,APTO,COLIGAÇÃO,40,PSB,PARTIDO SOCIALISTA BRASILEIRO,-1,#NULO#,#NULO#,170000050130,FRENTE POPULAR DE PERNAMBUCO,PSB / PC do B / PT / MDB / PP / PR / PMN / PTC / PRP / PATRIOTA / PSD / PPL / SOLIDARIEDADE,1,ELEITO
2018,297,Eleições Gerais Estaduais 2018,07/10/2018,2,ELEIÇÃO ORDINÁRIA,1,ESTADUAL,MT,MT,MATO GROSSO,3,GOVERNADOR,110000612713,25,MAURO MENDES FERREIRA,MAURO MENDES,12,APTO,COLIGAÇÃO,25,DEM,DEMOCRATAS,-1,#NULO#,#NULO#,110000050344,PRA MUDAR MATO GROSSO,DEM / PSD / PDT / PSC / MDB / PMB / PHS / PTC,1,ELEITO
2018,298,Eleições Gerais Estaduais 2018,28/10/2018,2,ELEIÇÃO ORDINÁRIA,2,ESTADUAL,MS,MS,MATO GROSSO DO SUL,3,GOVERNADOR,120000606863,45,REINALDO AZAMBUJA SILVA,REINALDO AZAMBUJA,12,APTO,COLIGAÇÃO,45,PSDB,PARTIDO DA SOCIAL DEMOCRACIA BRASILEIRA,-1,#NULO#,#NULO#,120000050184,AVANÇAR COM RESPONSABILIDADE,PMN / DEM / PP / PSB / PTB / PSDB / PATRIOTA / PSD / PPS / AVANTE / SOLIDARIEDADE / PROS,1,ELEITO
2018,298,Eleições Gerais Estaduais 2018,28/10/2018,2,ELEIÇÃO ORDINÁRIA,2,ESTADUAL,PA,PA,PARÁ,3,GOVERNADOR,140000621334,15,HELDER ZAHLUTH BARBALHO,HELDER,12,APTO,COLIGAÇÃO,15,MDB,MOVIMENTO DEMOCRÁTICO BRASILEIRO,-1,#NULO#,#NULO#,140000050556,O PARÁ DAQUI PRA FRENTE,MDB / PP / PRB / PR / PSC / PTB / PHS / PMB / PODE / DC / PTC / PATRIOTA / PSD / AVANTE / PSL / PROS,1,ELEITO
2018,297,Eleições Gerais Estaduais 2018,07/10/2018,2,ELEIÇÃO ORDINÁRIA,1,ESTADUAL,MA,MA,MARANHÃO,3,GOVERNADOR,100000603926,65,FLÁVIO DINO DE CASTRO E COSTA,FLÁVIO DINO,12,APTO,COLIGAÇÃO,65,PC do B,PARTIDO COMUNISTA DO BRASIL,-1,#NULO#,#NULO#,100000050110,TODOS PELO MARANHÃO,PC do B / PRB / PDT / PPS / DEM / PSB / PR / PP / PROS / PT / PTB / PATRIOTA / PTC / SOLIDARIEDADE / PPL / AVANTE,1,ELEITO
2018,297,Eleições Gerais Estaduais 2018,07/10/2018,2,ELEIÇÃO ORDINÁRIA,1,ESTADUAL,PB,PB,PARAÍBA,3,GOVERNADOR,150000603508,40,JOÃO AZEVEDO LINS FILHO,JOÃO,12,APTO,COLIGAÇÃO,40,PSB,PARTIDO SOCIALISTA BRASILEIRO,-1,#NULO#,#NULO#,150000050096,A FORÇA DO TRABALHO,PSB / PDT / PT / DEM / PTB / PRP / PODE / PRB / PC do B / AVANTE / PPS / REDE / PMN / PROS,1,ELEITO
2018,298,Eleições Gerais Estaduais 2018,28/10/2018,2,ELEIÇÃO ORDINÁRIA,2,ESTADUAL,MG,MG,MINAS GERAIS,3,GOVERNADOR,130000600702,30,ROMEU ZEMA NETO,ROMEU ZEMA,12,APTO,PARTIDO ISOLADO,30,NOVO,PARTIDO NOVO,-1,#NULO#,#NULO#,130000050025,PARTIDO ISOLADO,NOVO,1,ELEITO
2018,297,Eleições Gerais Estaduais 2018,07/10/2018,2,ELEIÇÃO ORDINÁRIA,1,ESTADUAL,GO,GO,GOIÁS,3,GOVERNADOR,90000613470,25,RONALDO RAMOS CAIADO,RONALDO CAIADO,12,APTO,COLIGAÇÃO,25,DEM,DEMOCRATAS,-1,#NULO#,#NULO#,90000050358,A MUDANÇA É AGORA,DEM / PRP / PROS / PMN / PMB / PSC / DC / PSL / PODE / PTC / PRTB / PDT,1,ELEITO
2022,547,Eleições Gerais Estaduais 2022,30/10/2022,2,ELEIÇÃO ORDINÁRIA,2,ESTADUAL,RS,RS,RIO GRANDE DO SUL,3,GOVERNADOR,210001609847,45,EDUARDO FIGUEIREDO CAVALHEIRO LEITE,EDUARDO LEITE,12,APTO,COLIGAÇÃO,45,PSDB,PARTIDO DA SOCIAL DEMOCRACIA BRASILEIRA,1,Federação PSDB Cidadania,PSDB/CIDADANIA,210001681474,Um só Rio Grande,Federação PSDB Cidadania (PSDB / CIDADANIA) / MDB / PSD / PODE / UNIÃO,1,ELEITO
2022,547,Eleições Gerais Estaduais 2022,30/10/2022,2,ELEIÇÃO ORDINÁRIA,2,ESTADUAL,SC,SC,SANTA CATARINA,3,GOVERNADOR,240001611127,22,JORGINHO DOS SANTOS MELLO,JORGINHO MELLO,12,APTO,PARTIDO ISOLADO,22,PL,PARTIDO LIBERAL,-1,#NULO,#NULO,240001681558,PARTIDO ISOLADO,PL,1,ELEITO
2022,547,Eleições Gerais Estaduais 2022,30/10/2022,2,ELEIÇÃO ORDINÁRIA,2,ESTADUAL,RO,RO,RONDÔNIA,3,GOVERNADOR,220001609511,44,MARCOS JOSÉ ROCHA DOS SANTOS,CORONEL MARCOS ROCHA,12,APTO,COLIGAÇÃO,44,UNIÃO,UNIÃO BRASIL,-1,#NULO,#NULO,220001681463,"COMPROMISSO, TRABALHO E FÉ",UNIÃO / REPUBLICANOS / AVANTE / MDB / PATRIOTA / PSC / Federação PSDB Cidadania (PSDB / CIDADANIA),1,ELEITO
2022,546,Eleições Gerais Estaduais 2022,02/10/2022,2,ELEIÇÃO ORDINÁRIA,1,ESTADUAL,RR,RR,RORAIMA,3,GOVERNADOR,230001604255,11,ANTONIO OLIVERIO GARCIA DE ALMEIDA,ANTONIO DENARIUM,12,APTO,COLIGAÇÃO,11,PP,PROGRESSISTAS,-1,#NULO,#NULO,230001681236,RORAIMA TRABALHANDO E DEUS ABENÇOANDO,PSD / PP / PRTB / REPUBLICANOS / UNIÃO / Federação PSDB Cidadania (PSDB / CIDADANIA),1,ELEITO
2022,547,Eleições Gerais Estaduais 2022,30/10/2022,2,ELEIÇÃO ORDINÁRIA,2,ESTADUAL,SE,SE,SERGIPE,3,GOVERNADOR,260001612779,55,FÁBIO CRUZ MITIDIERI,FÁBIO,12,APTO,COLIGAÇÃO,55,PSD,PARTIDO SOCIAL DEMOCRÁTICO,-1,#NULO,#NULO,260001681641,NOVO TEMPO PRA SERGIPE,PDT / PSC / UNIÃO / REPUBLICANOS / PP / PSD / AVANTE,1,ELEITO
2022,547,Eleições Gerais Estaduais 2022,30/10/2022,2,ELEIÇÃO ORDINÁRIA,2,ESTADUAL,SP,SP,SÃO PAULO,3,GOVERNADOR,250001615967,10,TARCISIO GOMES DE FREITAS,TARCÍSIO,12,APTO,COLIGAÇÃO,10,REPUBLICANOS,REPUBLICANOS,-1,#NULO,#NULO,250001681815,SÃO PAULO PODE MAIS,REPUBLICANOS / PL / PSD / PTB / PSC / PMN,1,ELEITO
2022,546,Eleições Gerais Estaduais 2022,02/10/2022,2,ELEIÇÃO ORDINÁRIA,1,ESTADUAL,TO,TO,TOCANTINS,3,GOVERNADOR,270001652198,10,WANDERLEI BARBOSA CASTRO,WANDERLEI BARBOSA,12,APTO,COLIGAÇÃO,10,REPUBLICANOS,REPUBLICANOS,-1,#NULO,#NULO,270001683381,União pelo Tocantins,Federação PSDB Cidadania (PSDB / CIDADANIA) / UNIÃO / PDT / SOLIDARIEDADE / PTB / REPUBLICANOS / PSC,1,ELEITO
2022,546,Eleições Gerais Estaduais 2022,02/10/2022,2,ELEIÇÃO ORDINÁRIA,1,ESTADUAL,PI,PI,PIAUÍ,3,GOVERNADOR,180001604027,13,RAFAEL TAJRA FONTELES,RAFAEL FONTELES,12,APTO,COLIGAÇÃO,13,PT,PARTIDO DOS TRABALHADORES,2,Federação Brasil da Esperança - FE BRASIL,PT/PC do B/PV,180001681220,A FORÇA DO POVO,Federação Brasil da Esperança - FE BRASIL (PT / PC do B / PV) / MDB / PSD / SOLIDARIEDADE / PSB / PROS / AGIR,1,ELEITO
2022,546,Eleições Gerais Estaduais 2022,02/10/2022,2,ELEIÇÃO ORDINÁRIA,1,ESTADUAL,PR,PR,PARANÁ,3,GOVERNADOR,160001614467,55,CARLOS ROBERTO MASSA JUNIOR,CARLOS MASSA RATINHO JUNIOR,12,APTO,COLIGAÇÃO,55,PSD,PARTIDO SOCIAL DEMOCRÁTICO,-1,#NULO,#NULO,160001681734,A MUDANÇA NÃO PARA. PRA FRENTE PARANÁ,REPUBLICANOS / MDB / SOLIDARIEDADE / PL / PSD / UNIÃO / PMB / PP / AGIR / PROS / PTB,1,ELEITO
2022,546,Eleições Gerais Estaduais 2022,02/10/2022,2,ELEIÇÃO ORDINÁRIA,1,ESTADUAL,RN,RN,RIO GRANDE DO NORTE,3,GOVERNADOR,200001608810,13,MARIA DE FATIMA BEZERRA,FATIMA BEZERRA,12,APTO,COLIGAÇÃO,13,PT,PARTIDO DOS TRABALHADORES,2,Federação Brasil da Esperança - FE BRASIL,PT/PC do B/PV,200001681405,O MELHOR VAI COMEÇAR!,Federação Brasil da Esperança - FE BRASIL (PT / PC do B / PV) / PDT / MDB / PROS / REPUBLICANOS,1,ELEITO
2022,545,Eleição Geral Federal 2022,30/10/2022,2,ELEIÇÃO ORDINÁRIA,2,FEDERAL,BR,BR,BRASIL,1,PRESIDENTE,280001607829,13,LUIZ INÁCIO LULA DA SILVA,LULA,12,APTO,COLIGAÇÃO,13,PT,PARTIDO DOS TRABALHADORES,2,Federação Brasil da Esperança - FE BRASIL,PT/PC do B/PV,280001681359,COLIGAÇÃO BRASIL DA ESPERANÇA,Federação Brasil da Esperança - FE BRASIL (PT / PC do B / PV) / SOLIDARIEDADE / Federação PSOL REDE (PSOL / REDE) / PSB / AGIR / AVANTE / PROS,1,ELEITO
2022,546,Eleições Gerais Estaduais 2022,02/10/2022,2,ELEIÇÃO ORDINÁRIA,1,ESTADUAL,RJ,RJ,RIO DE JANEIRO,3,GOVERNADOR,190001615753,22,CLÁUDIO BOMFIM DE CASTRO E SILVA,CLÁUDIO CASTRO,3,INAPTO,COLIGAÇÃO,22,PL,PARTIDO LIBERAL,-1,#NULO,#NULO,190001681793,RIO UNIDO E MAIS FORTE,AVANTE / DC / MDB / PL / PMN / PODE / PP / PROS / PRTB / PSC / PTB / REPUBLICANOS / SOLIDARIEDADE / UNIÃO,1,ELEITO
2022,547,Eleições Gerais Estaduais 2022,30/10/2022,2,ELEIÇÃO ORDINÁRIA,2,ESTADUAL,PE,PE,PERNAMBUCO,3,GOVERNADOR,170001604087,45,RAQUEL TEIXEIRA LYRA LUCENA,RAQUEL LYRA,12,APTO,COLIGAÇÃO,45,PSDB,PARTIDO DA SOCIAL DEMOCRACIA BRASILEIRA,1,Federação PSDB Cidadania,PSDB/CIDADANIA,170001685619,Pernambuco Quer Mudar,Federação PSDB Cidadania (PSDB / CIDADANIA) / PRTB,1,ELEITO
2022,546,Eleições Gerais Estaduais 2022,02/10/2022,2,ELEIÇÃO ORDINÁRIA,1,ESTADUAL,PI,PI,PIAUÍ,3,GOVERNADOR,180001604027,13,RAFAEL TAJRA FONTELES,RAFAEL FONTELES,12,APTO,COLIGAÇÃO,13,PT,PARTIDO DOS TRABALHADORES,2,Federação Brasil da Esperança - FE BRASIL,PT/PC do B/PV,180001681220,A FORÇA DO POVO,Federação Brasil da Esperança - FE BRASIL (PT / PC do B / PV) / MDB / PSD / SOLIDARIEDADE / PSB / PROS / AGIR,1,ELEITO
2022,546,Eleições Gerais Estaduais 2022,02/10/2022,2,ELEIÇÃO ORDINÁRIA,1,ESTADUAL,PA,PA,PARÁ,3,GOVERNADOR,140001651993,15,HELDER ZAHLUTH BARBALHO,HELDER,12,APTO,COLIGAÇÃO,15,MDB,MOVIMENTO DEMOCRÁTICO BRASILEIRO,-1,#NULO,#NULO,140001683371,PRA SEGUIR EM FRENTE,MDB / Federação PSDB Cidadania (PSDB / CIDADANIA) / Federação Brasil da Esperança - FE BRASIL (PT / PC do B / PV) / PP / PSD / PDT / REPUBLICANOS / AVANTE / PODE / UNIÃO / DC / PTB / PSB,1,ELEITO
2022,546,Eleições Gerais Estaduais 2022,02/10/2022,2,ELEIÇÃO ORDINÁRIA,1,ESTADUAL,MT,MT,MATO GROSSO,3,GOVERNADOR,110001643543,44,MAURO MENDES FERREIRA,MAURO MENDES,12,APTO,COLIGAÇÃO,44,UNIÃO,UNIÃO BRASIL,-1,#NULO,#NULO,110001683074,"Coligação Mato Grosso Avançando,  Sua Vida Melhorando",Federação PSDB Cidadania (PSDB / CIDADANIA) / UNIÃO / REPUBLICANOS / PL / MDB / PODE / PSB / PROS,1,ELEITO
2022,547,Eleições Gerais Estaduais 2022,30/10/2022,2,ELEIÇÃO ORDINÁRIA,2,ESTADUAL,SE,SE,SERGIPE,3,GOVERNADOR,260001612779,55,FÁBIO CRUZ MITIDIERI,FÁBIO,12,APTO,COLIGAÇÃO,55,PSD,PARTIDO SOCIAL DEMOCRÁTICO,-1,#NULO,#NULO,260001681641,NOVO TEMPO PRA SERGIPE,PDT / PSC / UNIÃO / REPUBLICANOS / PP / PSD / AVANTE,1,ELEITO
2022,546,Eleições Gerais Estaduais 2022,02/10/2022,2,ELEIÇÃO ORDINÁRIA,1,ESTADUAL,MA,MA,MARANHÃO,3,GOVERNADOR,100001667487,40,CARLOS ORLEANS BRANDÃO JÚNIOR,CARLOS BRANDÃO,12,APTO,COLIGAÇÃO,40,PSB,PARTIDO SOCIALISTA BRASILEIRO,-1,#NULO,#NULO,100001683774,PARA O BEM DO MARANHÃO,PSB / MDB / PP / PATRIOTA / PODE / Federação Brasil da Esperança - FE BRASIL (PT / PC do B / PV) / Federação PSDB Cidadania (PSDB / CIDADANIA),1,ELEITO
2022,546,Eleições Gerais Estaduais 2022,02/10/2022,2,ELEIÇÃO ORDINÁRIA,1,ESTADUAL,GO,GO,GOIÁS,3,GOVERNADOR,90001646326,44,RONALDO RAMOS CAIADO,RONALDO CAIADO,12,APTO,COLIGAÇÃO,44,UNIÃO,UNIÃO BRASIL,-1,#NULO,#NULO,90001683181,Pra Seguir em Frente,MDB / UNIÃO / PODE / PTB / PSC / PSD / AVANTE / PRTB / PP / SOLIDARIEDADE / PROS / PDT,1,ELEITO
2022,547,Eleições Gerais Estaduais 2022,30/10/2022,2,ELEIÇÃO ORDINÁRIA,2,ESTADUAL,PB,PB,PARAÍBA,3,GOVERNADOR,150001613757,40,JOÃO AZEVEDO LINS FILHO,JOÃO,12,APTO,COLIGAÇÃO,40,PSB,PARTIDO SOCIALISTA BRASILEIRO,-1,#NULO,#NULO,150001681688,JUNTOS PELA PARAÍBA,PSB / AGIR / PP / AVANTE / PMN / PSD / SOLIDARIEDADE / PODE / REPUBLICANOS / PATRIOTA / PROS,1,ELEITO
2022,546,Eleições Gerais Estaduais 2022,02/10/2022,2,ELEIÇÃO ORDINÁRIA,1,ESTADUAL,DF,DF,DISTRITO FEDERAL,3,GOVERNADOR,70001651044,15,IBANEIS ROCHA BARROS JÚNIOR,IBANEIS ROCHA,12,APTO,COLIGAÇÃO,15,MDB,MOVIMENTO DEMOCRÁTICO BRASILEIRO,-1,#NULO,#NULO,70001683335,UNIDOS PELO DF,PTB / AVANTE / PROS / AGIR / PP / SOLIDARIEDADE / MDB / PL / PATRIOTA,1,ELEITO
2022,546,Eleições Gerais Estaduais 2022,02/10/2022,2,ELEIÇÃO ORDINÁRIA,1,ESTADUAL,RN,RN,RIO GRANDE DO NORTE,3,GOVERNADOR,200001608810,13,MARIA DE FATIMA BEZERRA,FATIMA BEZERRA,12,APTO,COLIGAÇÃO,13,PT,PARTIDO DOS TRABALHADORES,2,Federação Brasil da Esperança - FE BRASIL,PT/PC do B/PV,200001681405,O MELHOR VAI COMEÇAR!,Federação Brasil da Esperança - FE BRASIL (PT / PC do B / PV) / PDT / MDB / PROS / REPUBLICANOS,1,ELEITO
2022,546,Eleições Gerais Estaduais 2022,02/10/2022,2,ELEIÇÃO ORDINÁRIA,1,ESTADUAL,AP,AP,AMAPÁ,3,GOVERNADOR,30001619676,77,CLÉCIO LUÍS VILHENA VIEIRA,CLÉCIO,12,APTO,COLIGAÇÃO,77,SOLIDARIEDADE,SOLIDARIEDADE,-1,#NULO,#NULO,30001682188,AMAPÁ PARA TODOS ,Federação PSDB Cidadania (PSDB / CIDADANIA) / REPUBLICANOS / PP / PL / PDT / UNIÃO / SOLIDARIEDADE,1,ELEITO
2022,547,Eleições Gerais Estaduais 2022,30/10/2022,2,ELEIÇÃO ORDINÁRIA,2,ESTADUAL,RO,RO,RONDÔNIA,3,GOVERNADOR,220001609511,44,MARCOS JOSÉ ROCHA DOS SANTOS,CORONEL MARCOS ROCHA,12,APTO,COLIGAÇÃO,44,UNIÃO,UNIÃO BRASIL,-1,#NULO,#NULO,220001681463,"COMPROMISSO, TRABALHO E FÉ",UNIÃO / REPUBLICANOS / AVANTE / MDB / PATRIOTA / PSC / Federação PSDB Cidadania (PSDB / CIDADANIA),1,ELEITO
2022,547,Eleições Gerais Estaduais 2022,30/10/2022,2,ELEIÇÃO ORDINÁRIA,2,ESTADUAL,MS,MS,MATO GROSSO DO SUL,3,GOVERNADOR,120001635628,45,EDUARDO CORREA RIEDEL,EDUARDO RIEDEL,12,APTO,COLIGAÇÃO,45,PSDB,PARTIDO DA SOCIAL DEMOCRACIA BRASILEIRA,1,Federação PSDB Cidadania,PSDB/CIDADANIA,120001682641,COLIGAÇÃO TRABALHANDO POR UM NOVO FUTURO ,Federação PSDB Cidadania (PSDB / CIDADANIA) / REPUBLICANOS / PP / PSB / PL / PDT,1,ELEITO
2022,547,Eleições Gerais Estaduais 2022,30/10/2022,2,ELEIÇÃO ORDINÁRIA,2,ESTADUAL,ES,ES,ESPÍRITO SANTO,3,GOVERNADOR,80001649123,40,JOSÉ RENATO CASAGRANDE,RENATO CASAGRANDE,12,APTO,COLIGAÇÃO,40,PSB,PARTIDO SOCIALISTA BRASILEIRO,-1,#NULO,#NULO,80001683267,JUNTOS POR UM ESPÍRITO SANTO MAIS FORTE,MDB / PP / PROS / PSB / PODE / Federação Brasil da Esperança - FE BRASIL (PT / PC do B / PV) / Federação PSDB Cidadania (PSDB / CIDADANIA) / PDT,1,ELEITO
2022,547,Eleições Gerais Estaduais 2022,30/10/2022,2,ELEIÇÃO ORDINÁRIA,2,ESTADUAL,AM,AM,AMAZONAS,3,GOVERNADOR,40001619528,44,WILSON MIRANDA LIMA,WILSON LIMA,12,APTO,COLIGAÇÃO,44,UNIÃO,UNIÃO BRASIL,-1,#NULO,#NULO,40001682178,AQUI É TRABALHO,REPUBLICANOS / PP / PTB / PSC / PL / PRTB / PMN / UNIÃO / PATRIOTA / AVANTE,1,ELEITO
2022,547,Eleições Gerais Estaduais 2022,30/10/2022,2,ELEIÇÃO ORDINÁRIA,2,ESTADUAL,BA,BA,BAHIA,3,GOVERNADOR,50001603638,13,JERÔNIMO RODRIGUES SOUZA,JERÔNIMO,12,APTO,COLIGAÇÃO,13,PT,PARTIDO DOS TRABALHADORES,2,Federação Brasil da Esperança - FE BRASIL,PT/PC do B/PV,50001681212,"PELA BAHIA, PELO BRASIL",Federação Brasil da Esperança - FE BRASIL (PT / PC do B / PV) / PSB / PSD / AVANTE / MDB,1,ELEITO
2022,547,Eleições Gerais Estaduais 2022,30/10/2022,2,ELEIÇÃO ORDINÁRIA,2,ESTADUAL,PE,PE,PERNAMBUCO,3,GOVERNADOR,170001604087,45,RAQUEL TEIXEIRA LYRA LUCENA,RAQUEL LYRA,12,APTO,COLIGAÇÃO,45,PSDB,PARTIDO DA SOCIAL DEMOCRACIA BRASILEIRA,1,Federação PSDB Cidadania,PSDB/CIDADANIA,170001685619,Pernambuco Quer Mudar,Federação PSDB Cidadania (PSDB / CIDADANIA) / PRTB,1,ELEITO
2022,546,Eleições Gerais Estaduais 2022,02/10/2022,2,ELEIÇÃO ORDINÁRIA,1,ESTADUAL,AC,AC,ACRE,3,GOVERNADOR,10001612476,11,GLADSON DE LIMA CAMELI,GLADSON CAMELI,12,APTO,COLIGAÇÃO,11,PP,PROGRESSISTAS,-1,#NULO,#NULO,10001681619, Avançar para fazer mais ,PP / PDT / Federação PSDB Cidadania (PSDB / CIDADANIA) / PODE / SOLIDARIEDADE / PATRIOTA / DC / PMN / PMB,1,ELEITO
2022,546,Eleições Gerais Estaduais 2022,02/10/2022,2,ELEIÇÃO ORDINÁRIA,1,ESTADUAL,PR,PR,PARANÁ,3,GOVERNADOR,160001614467,55,CARLOS ROBERTO MASSA JUNIOR,CARLOS MASSA RATINHO JUNIOR,12,APTO,COLIGAÇÃO,55,PSD,PARTIDO SOCIAL DEMOCRÁTICO,-1,#NULO,#NULO,160001681734,A MUDANÇA NÃO PARA. PRA FRENTE PARANÁ,REPUBLICANOS / MDB / SOLIDARIEDADE / PL / PSD / UNIÃO / PMB / PP / AGIR / PROS / PTB,1,ELEITO
2022,547,Eleições Gerais Estaduais 2022,30/10/2022,2,ELEIÇÃO ORDINÁRIA,2,ESTADUAL,SP,SP,SÃO PAULO,3,GOVERNADOR,250001615967,10,TARCISIO GOMES DE FREITAS,TARCÍSIO,12,APTO,COLIGAÇÃO,10,REPUBLICANOS,REPUBLICANOS,-1,#NULO,#NULO,250001681815,SÃO PAULO PODE MAIS,REPUBLICANOS / PL / PSD / PTB / PSC / PMN,1,ELEITO
2022,546,Eleições Gerais Estaduais 2022,02/10/2022,2,ELEIÇÃO ORDINÁRIA,1,ESTADUAL,RJ,RJ,RIO DE JANEIRO,3,GOVERNADOR,190001615753,22,CLÁUDIO BOMFIM DE CASTRO E SILVA,CLÁUDIO CASTRO,3,INAPTO,COLIGAÇÃO,22,PL,PARTIDO LIBERAL,-1,#NULO,#NULO,190001681793,RIO UNIDO E MAIS FORTE,AVANTE / DC / MDB / PL / PMN / PODE / PP / PROS / PRTB / PSC / PTB / REPUBLICANOS / SOLIDARIEDADE / UNIÃO,1,ELEITO
2022,546,Eleições Gerais Estaduais 2022,02/10/2022,2,ELEIÇÃO ORDINÁRIA,1,ESTADUAL,RR,RR,RORAIMA,3,GOVERNADOR,230001604255,11,ANTONIO OLIVERIO GARCIA DE ALMEIDA,ANTONIO DENARIUM,12,APTO,COLIGAÇÃO,11,PP,PROGRESSISTAS,-1,#NULO,#NULO,230001681236,RORAIMA TRABALHANDO E DEUS ABENÇOANDO,PSD / PP / PRTB / REPUBLICANOS / UNIÃO / Federação PSDB Cidadania (PSDB / CIDADANIA),1,ELEITO
2022,547,Eleições Gerais Estaduais 2022,30/10/2022,2,ELEIÇÃO ORDINÁRIA,2,ESTADUAL,RS,RS,RIO GRANDE DO SUL,3,GOVERNADOR,210001609847,45,EDUARDO FIGUEIREDO CAVALHEIRO LEITE,EDUARDO LEITE,12,APTO,COLIGAÇÃO,45,PSDB,PARTIDO DA SOCIAL DEMOCRACIA BRASILEIRA,1,Federação PSDB Cidadania,PSDB/CIDADANIA,210001681474,Um só Rio Grande,Federação PSDB Cidadania (PSDB / CIDADANIA) / MDB / PSD / PODE / UNIÃO,1,ELEITO
2022,547,Eleições Gerais Estaduais 2022,30/10/2022,2,ELEIÇÃO ORDINÁRIA,2,ESTADUAL,SC,SC,SANTA CATARINA,3,GOVERNADOR,240001611127,22,JORGINHO DOS SANTOS MELLO,JORGINHO MELLO,12,APTO,PARTIDO ISOLADO,22,PL,PARTIDO LIBERAL,-1,#NULO,#NULO,240001681558,PARTIDO ISOLADO,PL,1,ELEITO
2022,546,Eleições Gerais Estaduais 2022,02/10/2022,2,ELEIÇÃO ORDINÁRIA,1,ESTADUAL,MG,MG,MINAS GERAIS,3,GOVERNADOR,130001701690,30,ROMEU ZEMA NETO,ZEMA,12,APTO,COLIGAÇÃO,30,NOVO,PARTIDO NOVO,-1,#NULO,#NULO,130001684771,MINAS NOS TRILHOS ,PP / PODE / SOLIDARIEDADE / PATRIOTA / AVANTE / PMN / AGIR / DC / MDB / NOVO,1,ELEITO
2022,546,Eleições Gerais Estaduais 2022,02/10/2022,2,ELEIÇÃO ORDINÁRIA,1,ESTADUAL,CE,CE,CEARÁ,3,GOVERNADOR,60001633585,13,ELMANO DE FREITAS DA COSTA,ELMANO DE FREITAS,12,APTO,COLIGAÇÃO,13,PT,PARTIDO DOS TRABALHADORES,2,Federação Brasil da Esperança - FE BRASIL,PT/PC do B/PV,60001682558,CEARÁ CADA VEZ MAIS FORTE,Federação Brasil da Esperança - FE BRASIL (PT / PC do B / PV) / PP / MDB / PRTB / Federação PSOL REDE (PSOL / REDE) / SOLIDARIEDADE,1,ELEITO
2022,547,Eleições Gerais Estaduais 2022,30/10/2022,2,ELEIÇÃO ORDINÁRIA,2,ESTADUAL,AL,AL,ALAGOAS,3,GOVERNADOR,20001697934,15,PAULO SURUAGY DO AMARAL DANTAS,PAULO DANTAS,12,APTO,COLIGAÇÃO,15,MDB,MOVIMENTO DEMOCRÁTICO BRASILEIRO,-1,#NULO,#NULO,20001684674,ALAGOAS DAQUI PRA MELHOR,MDB / Federação Brasil da Esperança - FE BRASIL (PT / PC do B / PV) / PDT / PSC / PODE / SOLIDARIEDADE,1,ELEITO
2022,545,Eleição Geral Federal 2022,30/10/2022,2,ELEIÇÃO ORDINÁRIA,2,FEDERAL,BR,BR,BRASIL,1,PRESIDENTE,280001607829,13,LUIZ INÁCIO LULA DA SILVA,LULA,12,APTO,COLIGAÇÃO,13,PT,PARTIDO DOS TRABALHADORES,2,Federação Brasil da Esperança - FE BRASIL,PT/PC do B/PV,280001681359,COLIGAÇÃO BRASIL DA ESPERANÇA,Federação Brasil da Esperança - FE BRASIL (PT / PC do B / PV) / SOLIDARIEDADE / Federação PSOL REDE (PSOL / REDE) / PSB / AGIR / AVANTE / PROS,1,ELEITO
2022,546,Eleições Gerais Estaduais 2022,02/10/2022,2,ELEIÇÃO ORDINÁRIA,1,ESTADUAL,TO,TO,TOCANTINS,3,GOVERNADOR,270001652198,10,WANDERLEI BARBOSA CASTRO,WANDERLEI BARBOSA,12,APTO,COLIGAÇÃO,10,REPUBLICANOS,REPUBLICANOS,-1,#NULO,#NULO,270001683381,União pelo Tocantins,Federação PSDB Cidadania (PSDB / CIDADANIA) / UNIÃO / PDT / SOLIDARIEDADE / PTB / REPUBLICANOS / PSC,1,ELEITO
2022,547,Eleições Gerais Estaduais 2022,30/10/2022,2,ELEIÇÃO ORDINÁRIA,2,ESTADUAL,PB,PB,PARAÍBA,3,GOVERNADOR,150001613757,40,JOÃO AZEVEDO LINS FILHO,JOÃO,12,APTO,COLIGAÇÃO,40,PSB,PARTIDO SOCIALISTA BRASILEIRO,-1,#NULO,#NULO,150001681688,JUNTOS PELA PARAÍBA,PSB / AGIR / PP / AVANTE / PMN / PSD / SOLIDARIEDADE / PODE / REPUBLICANOS / PATRIOTA / PROS,1,ELEITO
2022,546,Eleições Gerais Estaduais 2022,02/10/2022,2,ELEIÇÃO ORDINÁRIA,1,ESTADUAL,MA,MA,MARANHÃO,3,GOVERNADOR,100001667487,40,CARLOS ORLEANS BRANDÃO JÚNIOR,CARLOS BRANDÃO,12,APTO,COLIGAÇÃO,40,PSB,PARTIDO SOCIALISTA BRASILEIRO,-1,#NULO,#NULO,100001683774,PARA O BEM DO MARANHÃO,PSB / MDB / PP / PATRIOTA / PODE / Federação Brasil da Esperança - FE BRASIL (PT / PC do B / PV) / Federação PSDB Cidadania (PSDB / CIDADANIA),1,ELEITO
2022,546,Eleições Gerais Estaduais 2022,02/10/2022,2,ELEIÇÃO ORDINÁRIA,1,ESTADUAL,MG,MG,MINAS GERAIS,3,GOVERNADOR,130001701690,30,ROMEU ZEMA NETO,ZEMA,12,APTO,COLIGAÇÃO,30,NOVO,PARTIDO NOVO,-1,#NULO,#NULO,130001684771,MINAS NOS TRILHOS ,PP / PODE / SOLIDARIEDADE / PATRIOTA / AVANTE / PMN / AGIR / DC / MDB / NOVO,1,ELEITO
2022,546,Eleições Gerais Estaduais 2022,02/10/2022,2,ELEIÇÃO ORDINÁRIA,1,ESTADUAL,MT,MT,MATO GROSSO,3,GOVERNADOR,110001643543,44,MAURO MENDES FERREIRA,MAURO MENDES,12,APTO,COLIGAÇÃO,44,UNIÃO,UNIÃO BRASIL,-1,#NULO,#NULO,110001683074,"Coligação Mato Grosso Avançando,  Sua Vida Melhorando",Federação PSDB Cidadania (PSDB / CIDADANIA) / UNIÃO / REPUBLICANOS / PL / MDB / PODE / PSB / PROS,1,ELEITO
2022,546,Eleições Gerais Estaduais 2022,02/10/2022,2,ELEIÇÃO ORDINÁRIA,1,ESTADUAL,PA,PA,PARÁ,3,GOVERNADOR,140001651993,15,HELDER ZAHLUTH BARBALHO,HELDER,12,APTO,COLIGAÇÃO,15,MDB,MOVIMENTO DEMOCRÁTICO BRASILEIRO,-1,#NULO,#NULO,140001683371,PRA SEGUIR EM FRENTE,MDB / Federação PSDB Cidadania (PSDB / CIDADANIA) / Federação Brasil da Esperança - FE BRASIL (PT / PC do B / PV) / PP / PSD / PDT / REPUBLICANOS / AVANTE / PODE / UNIÃO / DC / PTB / PSB,1,ELEITO
2022,547,Eleições Gerais Estaduais 2022,30/10/2022,2,ELEIÇÃO ORDINÁRIA,2,ESTADUAL,MS,MS,MATO GROSSO DO SUL,3,GOVERNADOR,120001635628,45,EDUARDO CORREA RIEDEL,EDUARDO RIEDEL,12,APTO,COLIGAÇÃO,45,PSDB,PARTIDO DA SOCIAL DEMOCRACIA BRASILEIRA,1,Federação PSDB Cidadania,PSDB/CIDADANIA,120001682641,COLIGAÇÃO TRABALHANDO POR UM NOVO FUTURO ,Federação PSDB Cidadania (PSDB / CIDADANIA) / REPUBLICANOS / PP / PSB / PL / PDT,1,ELEITO
2022,547,Eleições Gerais Estaduais 2022,30/10/2022,2,ELEIÇÃO ORDINÁRIA,2,ESTADUAL,ES,ES,ESPÍRITO SANTO,3,GOVERNADOR,80001649123,40,JOSÉ RENATO CASAGRANDE,RENATO CASAGRANDE,12,APTO,COLIGAÇÃO,40,PSB,PARTIDO SOCIALISTA BRASILEIRO,-1,#NULO,#NULO,80001683267,JUNTOS POR UM ESPÍRITO SANTO MAIS FORTE,MDB / PP / PROS / PSB / PODE / Federação Brasil da Esperança - FE BRASIL (PT / PC do B / PV) / Federação PSDB Cidadania (PSDB / CIDADANIA) / PDT,1,ELEITO
2022,546,Eleições Gerais Estaduais 2022,02/10/2022,2,ELEIÇÃO ORDINÁRIA,1,ESTADUAL,DF,DF,DISTRITO FEDERAL,3,GOVERNADOR,70001651044,15,IBANEIS ROCHA BARROS JÚNIOR,IBANEIS ROCHA,12,APTO,COLIGAÇÃO,15,MDB,MOVIMENTO DEMOCRÁTICO BRASILEIRO,-1,#NULO,#NULO,70001683335,UNIDOS PELO DF,PTB / AVANTE / PROS / AGIR / PP / SOLIDARIEDADE / MDB / PL / PATRIOTA,1,ELEITO
2022,547,Eleições Gerais Estaduais 2022,30/10/2022,2,ELEIÇÃO ORDINÁRIA,2,ESTADUAL,BA,BA,BAHIA,3,GOVERNADOR,50001603638,13,JERÔNIMO RODRIGUES SOUZA,JERÔNIMO,12,APTO,COLIGAÇÃO,13,PT,PARTIDO DOS TRABALHADORES,2,Federação Brasil da Esperança - FE BRASIL,PT/PC do B/PV,50001681212,"PELA BAHIA, PELO BRASIL",Federação Brasil da Esperança - FE BRASIL (PT / PC do B / PV) / PSB / PSD / AVANTE / MDB,1,ELEITO
2022,546,Eleições Gerais Estaduais 2022,02/10/2022,2,ELEIÇÃO ORDINÁRIA,1,ESTADUAL,GO,GO,GOIÁS,3,GOVERNADOR,90001646326,44,RONALDO RAMOS CAIADO,RONALDO CAIADO,12,APTO,COLIGAÇÃO,44,UNIÃO,UNIÃO BRASIL,-1,#NULO,#NULO,90001683181,Pra Seguir em Frente,MDB / UNIÃO / PODE / PTB / PSC / PSD / AVANTE / PRTB / PP / SOLIDARIEDADE / PROS / PDT,1,ELEITO
2022,546,Eleições Gerais Estaduais 2022,02/10/2022,2,ELEIÇÃO ORDINÁRIA,1,ESTADUAL,AP,AP,AMAPÁ,3,GOVERNADOR,30001619676,77,CLÉCIO LUÍS VILHENA VIEIRA,CLÉCIO,12,APTO,COLIGAÇÃO,77,SOLIDARIEDADE,SOLIDARIEDADE,-1,#NULO,#NULO,30001682188,AMAPÁ PARA TODOS ,Federação PSDB Cidadania (PSDB / CIDADANIA) / REPUBLICANOS / PP / PL / PDT / UNIÃO / SOLIDARIEDADE,1,ELEITO
2022,546,Eleições Gerais Estaduais 2022,02/10/2022,2,ELEIÇÃO ORDINÁRIA,1,ESTADUAL,CE,CE,CEARÁ,3,GOVERNADOR,60001633585,13,ELMANO DE FREITAS DA COSTA,ELMANO DE FREITAS,12,APTO,COLIGAÇÃO,13,PT,PARTIDO DOS TRABALHADORES,2,Federação Brasil da Esperança - FE BRASIL,PT/PC do B/PV,60001682558,CEARÁ CADA VEZ MAIS FORTE,Federação Brasil da Esperança - FE BRASIL (PT / PC do B / PV) / PP / MDB / PRTB / Federação PSOL REDE (PSOL / REDE) / SOLIDARIEDADE,1,ELEITO
2022,547,Eleições Gerais Estaduais 2022,30/10/2022,2,ELEIÇÃO ORDINÁRIA,2,ESTADUAL,AM,AM,AMAZONAS,3,GOVERNADOR,40001619528,44,WILSON MIRANDA LIMA,WILSON LIMA,12,APTO,COLIGAÇÃO,44,UNIÃO,UNIÃO BRASIL,-1,#NULO,#NULO,40001682178,AQUI É TRABALHO,REPUBLICANOS / PP / PTB / PSC / PL / PRTB / PMN / UNIÃO / PATRIOTA / AVANTE,1,ELEITO
2022,547,Eleições Gerais Estaduais 2022,30/10/2022,2,ELEIÇÃO ORDINÁRIA,2,ESTADUAL,AL,AL,ALAGOAS,3,GOVERNADOR,20001697934,15,PAULO SURUAGY DO AMARAL DANTAS,PAULO DANTAS,12,APTO,COLIGAÇÃO,15,MDB,MOVIMENTO DEMOCRÁTICO BRASILEIRO,-1,#NULO,#NULO,20001684674,ALAGOAS DAQUI PRA MELHOR,MDB / Federação Brasil da Esperança - FE BRASIL (PT / PC do B / PV) / PDT / PSC / PODE / SOLIDARIEDADE,1,ELEITO
2022,546,Eleições Gerais Estaduais 2022,02/10/2022,2,ELEIÇÃO ORDINÁRIA,1,ESTADUAL,AC,AC,ACRE,3,GOVERNADOR,10001612476,11,GLADSON DE LIMA CAMELI,GLADSON CAMELI,12,APTO,COLIGAÇÃO,11,PP,PROGRESSISTAS,-1,#NULO,#NULO,10001681619, Avançar para fazer mais ,PP / PDT / Federação PSDB Cidadania (PSDB / CIDADANIA) / PODE / SOLIDARIEDADE / PATRIOTA / DC / PMN / PMB,1,ELEITO
