capital,valor,var_mensal,pct_sal,tempo,var_ano,var_12,aammes
RECIFE,132.31,7.58,55.1,111h57m,,-3.01,200501
JOÃO PESSOA,133.6,5.92,55.64,113h03m,,-2.12,200501
NATAL,137.09,4.01,57.09,116h00m,,-3.6,200501
VITÓRIA,157.96,3.66,65.79,133h40m,,6.64,200501
CURITIBA,160.1,2.69,66.68,135h28m,,-0.29,200501
GOIÂNIA,151.78,1.94,63.21,128h26m,,3.48,200501
BELÉM,152.2,1.67,63.39,128h47m,,2.97,200501
SALVADOR,127.85,1.6,53.25,108h11m,,-10.96,200501
BRASÍLIA,170.62,1.12,71.06,144h22m,,2.54,200501
SÃO PAULO,172.87,0.39,72.0,146h16m,,1.08,200501
FORTALEZA,125.2,0.38,52.14,105h56m,,-7.8,200501
FLORIANÓPOLIS,157.47,0.03,65.58,133h15m,,2.33,200501
RIO DE JANEIRO,164.81,-0.34,68.64,139h27m,,-1.24,200501
ARACAJU,130.45,-0.65,54.33,110h23m,,-11.06,200501
BELO HORIZONTE,150.56,-1.12,62.7,127h24m,,-5.26,200501
PORTO ALEGRE,168.8,-3.4,70.3,142h50m,,-1.89,200501
SALVADOR,133.74,4.61,55.7,113h10m,6.28,,200502
PORTO ALEGRE,175.57,4.01,73.12,148h34m,0.47,3.69,200502
VITÓRIA,163.69,3.63,68.17,138h30m,7.42,11.16,200502
ARACAJU,134.93,3.43,56.2,114h10m,2.76,,200502
RIO DE JANEIRO,169.79,3.02,70.71,143h40m,2.67,4.87,200502
CURITIBA,164.13,2.52,68.36,138h33m,5.27,4.0,200502
NATAL,140.52,2.5,58.52,118h54m,6.62,0.79,200502
BELÉM,155.26,2.01,64.66,131h22m,3.71,6.34,200502
SÃO PAULO,175.04,1.26,72.9,148h07m,1.65,4.81,200502
GOIÂNIA,153.51,1.14,63.93,129h54m,3.1,3.81,200502
FLORIANÓPOLIS,159.18,1.09,66.29,134h41m,1.12,6.25,200502
JOÃO PESSOA,134.13,0.4,55.86,113h30m,6.34,-4.47,200502
BELO HORIZONTE,150.97,0.27,62.88,127h45m,-0.85,-3.39,200502
FORTALEZA,124.91,-0.23,52.02,105h42m,0.14,-10.25,200502
BRASÍLIA,170.1,-0.3,70.84,143h53m,0.81,3.23,200502
RECIFE,130.79,-1.15,54.47,110h40m,6.34,-6.79,200502
BELO HORIZONTE,157.47,4.31,65.85,133h15m,3.41,1.92,200503
FORTALEZA,127.42,2.01,53.07,107h49m,2.16,-11.29,200503
GOIÂNIA,156.48,1.93,65.17,132h24m,5.1,6.22,200503
FLORIANÓPOLIS,161.74,1.61,67.36,136h51m,2.74,9.53,200503
CURITIBA,166.32,1.33,69.27,140h44m,6.68,7.7,200503
SÃO PAULO,175.87,0.47,73.25,148h49m,2.13,5.34,200503
RECIFE,131.19,0.31,54.64,111h00m,6.67,-4.55,200503
PORTO ALEGRE,175.64,0.04,73.15,148h37m,0.51,7.23,200503
BELÉM,154.69,-0.37,64.42,130h53m,3.33,5.28,200503
SALVADOR,132.6,-0.85,55.22,112h12m,5.37,,200503
JOÃO PESSOA,132.8,-0.99,55.31,112h22m,5.29,-5.14,200503
ARACAJU,133.58,-1.0,55.63,113h02m,1.73,,200503
RIO DE JANEIRO,167.02,-1.63,69.56,141h19m,0.99,5.33,200503
BRASÍLIA,167.29,-1.65,69.67,141h33m,-0.85,2.68,200503
VITÓRIA,159.26,-2.71,66.33,134h46m,4.52,6.87,200503
NATAL,133.18,-5.22,55.47,112h41m,1.05,-6.98,200503
BELO HORIZONTE,167.75,6.53,69.86,141h57m,10.17,9.41,200504
FORTALEZA,134.36,5.45,55.96,113h41m,7.72,-2.09,200504
PORTO ALEGRE,183.15,4.28,76.28,154h58m,4.81,11.64,200504
NATAL,138.72,4.16,57.77,117h23m,5.25,0.09,200504
VITÓRIA,165.19,3.72,68.8,139h47m,8.41,12.99,200504
RECIFE,135.7,3.44,56.52,114h49m,10.33,-1.74,200504
CURITIBA,171.69,3.23,71.5,145h17m,10.12,9.85,200504
FLORIANÓPOLIS,166.9,3.19,69.51,141h13m,6.02,16.69,200504
SÃO PAULO,180.93,2.88,75.35,153h06m,5.07,9.65,200504
ARACAJU,137.41,2.87,57.23,116h16m,4.65,,200504
BRASÍLIA,171.47,2.5,71.41,145h05m,1.62,7.59,200504
RIO DE JANEIRO,170.21,1.91,70.89,144h01m,2.92,10.82,200504
GOIÂNIA,158.27,1.14,65.92,133h55m,6.3,8.86,200504
JOÃO PESSOA,133.94,0.86,55.78,113h20m,6.19,-1.85,200504
BELÉM,155.37,0.44,64.71,131h28m,3.79,4.7,200504
SALVADOR,131.57,-0.78,54.8,111h20m,4.55,,200504
BRASÍLIA,186.78,8.93,67.42,136h58m,10.7,17.12,200505
RECIFE,146.96,8.3,53.04,107h46m,19.49,10.35,200505
BELO HORIZONTE,180.36,7.52,65.1,132h16m,18.45,11.55,200505
SALVADOR,140.4,6.71,50.68,102h58m,11.57,1.31,200505
FORTALEZA,142.41,5.99,51.4,104h26m,14.17,4.76,200505
RIO DE JANEIRO,179.82,5.65,64.91,131h52m,8.73,11.86,200505
JOÃO PESSOA,139.85,4.41,50.48,102h33m,10.88,1.52,200505
BELÉM,162.1,4.33,58.51,118h52m,8.28,8.43,200505
SÃO PAULO,188.63,4.26,68.09,138h20m,9.54,11.83,200505
ARACAJU,143.03,4.09,51.63,104h53m,8.93,4.14,200505
VITÓRIA,170.76,3.37,61.64,125h13m,12.06,15.87,200505
PORTO ALEGRE,189.12,3.26,68.26,138h41m,8.22,4.39,200505
CURITIBA,177.15,3.18,63.94,129h55m,13.62,8.82,200505
NATAL,140.73,1.45,50.8,103h12m,6.78,2.14,200505
FLORIANÓPOLIS,168.85,1.17,60.95,123h49m,7.26,8.17,200505
GOIÂNIA,158.94,0.42,57.37,116h33m,6.75,10.79,200505
ARACAJU,147.4,3.06,53.2,108h06m,12.25,6.48,200506
JOÃO PESSOA,144.04,3.0,51.99,105h38m,14.2,8.22,200506
FORTALEZA,145.2,1.96,52.41,106h29m,16.41,4.81,200506
RECIFE,148.44,1.01,53.58,108h51m,20.69,12.2,200506
NATAL,139.74,-0.7,50.44,102h29m,6.02,,200506
GOIÂNIA,157.43,-0.95,56.82,115h27m,5.74,6.05,200506
FLORIANÓPOLIS,165.85,-1.78,59.86,121h37m,5.36,1.36,200506
SALVADOR,136.95,-2.46,49.43,100h26m,8.83,0.63,200506
SÃO PAULO,183.14,-2.91,66.1,134h18m,6.35,4.71,200506
PORTO ALEGRE,182.05,-3.74,65.71,133h30m,4.18,-0.56,200506
RIO DE JANEIRO,172.26,-4.2,62.18,126h19m,4.16,0.78,200506
VITÓRIA,162.89,-4.61,58.79,119h27m,6.9,2.97,200506
CURITIBA,168.4,-4.94,60.78,123h30m,8.01,,200506
BELÉM,153.86,-5.08,55.54,112h50m,2.78,1.95,200506
BELO HORIZONTE,168.07,-6.81,60.66,123h15m,10.38,1.95,200506
BRASÍLIA,173.01,-7.37,62.45,126h52m,2.54,4.57,200506
SALVADOR,133.57,-0.49,48.21,97h57m,6.14,-4.92,200508
PORTO ALEGRE,172.86,-1.08,62.39,126h46m,-1.08,-9.02,200508
BRASÍLIA,162.44,-1.63,58.63,119h07m,-3.73,,200508
SÃO PAULO,175.12,-1.74,63.21,128h25m,1.7,-3.92,200508
NATAL,137.74,1.79,49.72,101h01m,,4.51,200508
RIO DE JANEIRO,164.54,-2.41,59.39,120h40m,-0.51,,200508
BELÉM,145.35,-2.75,52.46,106h35m,-2.91,-8.13,200508
BELO HORIZONTE,159.83,-3.06,57.69,117h13m,4.96,-9.3,200508
GOIÂNIA,147.69,-3.27,53.31,108h18m,-0.81,,200508
ARACAJU,135.04,-3.49,48.74,99h02m,2.84,-10.06,200508
CURITIBA,156.64,-4.03,56.54,114h52m,0.47,,200508
FORTALEZA,134.42,-4.18,48.52,98h34m,7.77,,200508
FLORIANÓPOLIS,154.82,-5.49,55.88,113h32m,-1.65,-11.85,200508
VITÓRIA,150.78,-6.06,54.42,110h34m,-1.05,,200508
JOÃO PESSOA,134.75,-6.36,48.64,98h49m,6.83,-10.21,200508
RECIFE,134.26,-6.37,48.46,98h27m,9.16,,200508
FLORIANÓPOLIS,157.64,1.82,56.9,115h36m,0.14,,200509
CURITIBA,158.05,0.9,57.05,115h54m,1.37,,200509
PORTO ALEGRE,173.6,0.43,62.66,127h18m,-0.66,-4.81,200509
BELÉM,145.52,0.12,52.52,106h43m,-2.79,-5.9,200509
ARACAJU,133.11,-1.43,48.05,97h37m,1.37,,200509
FORTALEZA,132.44,-1.47,47.8,97h07m,6.18,,200509
SÃO PAULO,172.34,-1.59,62.21,126h23m,0.08,-3.38,200509
VITÓRIA,148.33,-1.62,53.54,108h47m,-2.66,,200509
RIO DE JANEIRO,161.79,-1.67,58.4,118h39m,-2.17,,200509
BRASÍLIA,158.74,-2.28,57.3,116h25m,-5.92,,200509
RECIFE,130.22,-3.01,47.0,95h30m,5.88,,200509
BELO HORIZONTE,154.97,-3.04,55.94,113h39m,1.77,-6.67,200509
JOÃO PESSOA,130.07,-3.47,46.95,95h23m,3.12,,200509
GOIÂNIA,141.81,-3.98,51.19,104h00m,-4.76,-4.63,200509
SALVADOR,128.2,-4.02,46.27,94h01m,1.88,-3.3,200509
NATAL,131.6,4.46,47.5,96h30m,,-0.15,200509
CURITIBA,164.57,4.13,59.4,120h41m,5.55,1.01,200510
BRASÍLIA,164.77,3.8,59.47,120h50m,-2.35,-2.64,200510
FLORIANÓPOLIS,162.93,3.36,58.81,119h29m,3.5,,200510
VITÓRIA,152.78,3.0,55.15,112h02m,0.26,0.62,200510
BELO HORIZONTE,157.58,1.68,56.88,115h34m,3.49,-6.62,200510
RIO DE JANEIRO,164.47,1.66,59.36,120h37m,-0.55,,200510
SÃO PAULO,174.77,1.41,63.08,128h10m,1.49,-1.34,200510
JOÃO PESSOA,131.35,0.98,47.41,96h19m,4.14,,200510
RECIFE,131.44,0.94,47.44,96h23m,6.87,6.16,200510
BELÉM,146.45,0.64,52.86,107h24m,-2.17,-1.76,200510
ARACAJU,133.4,0.22,48.15,97h50m,1.59,1.45,200510
NATAL,131.71,0.08,47.54,96h35m,-0.07,,200510
GOIÂNIA,140.27,-1.09,50.63,102h52m,-5.79,-4.73,200510
FORTALEZA,129.92,-1.9,46.89,95h16m,4.16,1.97,200510
SALVADOR,124.39,-2.97,44.9,91h13m,-1.15,-0.88,200510
PORTO ALEGRE,168.34,-3.03,60.76,123h27m,-3.67,-6.38,200510
BELO HORIZONTE,172.27,9.32,62.18,126h20m,13.13,10.44,200511
VITÓRIA,165.43,8.28,59.71,121h19m,8.56,11.47,200511
SALVADOR,134.59,8.2,48.58,98h42m,6.95,8.85,200511
FLORIANÓPOLIS,175.3,7.59,63.27,128h33m,11.36,11.34,200511
RECIFE,141.29,7.49,51.0,103h37m,14.88,16.18,200511
RIO DE JANEIRO,176.31,7.2,63.64,129h18m,6.61,7.39,200511
PORTO ALEGRE,178.59,6.09,64.46,130h58m,2.2,4.21,200511
SÃO PAULO,184.67,5.66,66.66,135h25m,7.24,7.96,200511
BRASÍLIA,173.0,4.99,62.44,126h52m,2.53,5.55,200511
CURITIBA,172.59,4.87,62.3,126h34m,10.7,9.14,200511
ARACAJU,138.44,3.78,49.97,101h31m,5.43,7.38,200511
JOÃO PESSOA,136.2,3.69,49.16,99h53m,7.98,6.29,200511
NATAL,136.35,3.52,49.21,99h59m,3.45,6.71,200511
GOIÂNIA,144.91,3.31,52.3,106h16m,-2.67,-1.68,200511
BELÉM,149.97,2.4,54.13,109h59m,0.18,0.45,200511
FORTALEZA,130.31,0.3,47.03,95h34m,4.47,4.52,200511
BELO HORIZONTE,176.88,16.16,63.84,129h43m,,2.68,200512
JOÃO PESSOA,144.6,14.64,52.19,106h02m,,6.17,200512
RECIFE,140.31,14.08,50.64,102h54m,,0.69,200512
CURITIBA,176.92,13.48,63.86,129h44m,,2.51,200512
ARACAJU,145.3,10.65,52.45,106h33m,,4.96,200512
FLORIANÓPOLIS,172.62,9.66,62.31,126h35m,,1.53,200512
PORTO ALEGRE,191.3,9.47,69.05,140h17m,,7.12,200512
VITÓRIA,165.61,8.68,59.78,121h27m,,0.11,200512
SALVADOR,136.2,8.23,49.16,99h53m,,1.2,200512
RIO DE JANEIRO,178.09,7.69,64.28,130h36m,,1.01,200512
FORTALEZA,133.04,6.66,48.02,97h34m,,2.09,200512
SÃO PAULO,183.43,6.52,66.21,134h31m,,0.67,200512
BRASÍLIA,177.2,5.02,63.96,129h57m,,2.43,200512
BELÉM,156.77,4.72,56.59,114h58m,,4.53,200512
NATAL,135.92,3.13,49.06,99h40m,,-0.32,200512
GOIÂNIA,149.12,0.15,53.82,109h21m,,2.91,200512
GOIÂNIA,151.28,1.45,54.6,110h56m,1.45,-0.33,200601
BELÉM,158.06,0.82,57.05,115h55m,0.82,3.85,200601
BRASÍLIA,178.14,0.53,64.3,130h38m,0.53,4.41,200601
VITÓRIA,165.15,-0.28,59.61,121h07m,-0.28,4.55,200601
FORTALEZA,132.17,0.65,47.71,96h55m,,-0.65,200601
RIO DE JANEIRO,172.8,-2.97,62.37,126h43m,-2.97,4.85,200601
SÃO PAULO,177.45,-3.26,64.05,130h08m,,3.26,200601
BELO HORIZONTE,169.0,-4.45,61.0,123h56m,-4.45,12.25,200601
SALVADOR,128.51,5.65,46.39,94h14m,,-5.65,200601
NATAL,127.67,6.07,46.08,93h37m,,-6.07,200601
ARACAJU,135.08,7.03,48.76,99h04m,,-7.03,200601
FLORIANÓPOLIS,159.21,7.77,57.47,116h45m,,,200601
CURITIBA,163.16,7.78,58.89,119h39m,,-7.78,200601
JOÃO PESSOA,131.51,9.05,47.47,96h26m,,-9.05,200601
RECIFE,126.03,-10.18,45.49,92h25m,-10.18,-4.75,200601
PORTO ALEGRE,170.22,-11.02,61.44,124h50m,-11.02,0.84,200601
NATAL,132.78,4.0,47.93,97h22m,-2.31,-5.51,200602
FLORIANÓPOLIS,160.93,1.08,58.09,118h01m,,6.77,200602
RECIFE,127.28,0.99,45.94,93h20m,,9.29,200602
RIO DE JANEIRO,172.61,-0.11,62.3,126h35m,-3.08,1.66,200602
SALVADOR,128.12,0.3,46.24,93h57m,,-5.93,200602
GOIÂNIA,149.85,-0.95,54.09,109h53m,0.49,-2.38,200602
SÃO PAULO,175.54,-1.08,63.36,128h44m,,4.3,200602
ARACAJU,133.41,1.24,48.15,97h50m,,-8.18,200602
JOÃO PESSOA,129.61,1.44,46.78,95h03m,,-10.37,200602
BRASÍLIA,174.14,2.25,62.86,127h42m,,-1.73,200602
PORTO ALEGRE,166.2,2.36,59.99,121h53m,,-13.12,200602
CURITIBA,159.21,2.42,57.47,116h45m,,-10.01,200602
VITÓRIA,159.41,-3.48,57.54,116h54m,-3.74,-2.61,200602
FORTALEZA,127.5,3.53,46.02,93h30m,,-4.16,200602
BELO HORIZONTE,162.75,-3.7,58.74,119h21m,-7.99,7.8,200602
BELÉM,144.9,-8.33,52.3,106h16m,-7.57,-6.67,200602
RECIFE,133.46,4.86,48.17,97h52m,,4.88,200603
SALVADOR,134.03,4.61,48.38,98h17m,-1.59,1.08,200603
JOÃO PESSOA,134.25,3.58,48.46,98h27m,,7.16,200603
ARACAJU,136.22,2.11,49.17,99h54m,-6.25,1.98,200603
CURITIBA,161.61,1.51,58.33,118h31m,,8.65,200603
BELO HORIZONTE,164.98,1.37,59.55,120h59m,-6.73,4.77,200603
SÃO PAULO,177.28,0.99,63.99,130h00m,,3.35,200603
BELÉM,146.29,0.96,52.8,107h17m,-6.68,-5.43,200603
VITÓRIA,160.61,0.75,57.97,117h47m,-3.02,0.85,200603
GOIÂNIA,149.67,-0.12,54.02,109h45m,0.37,-4.35,200603
NATAL,132.26,-0.39,47.74,96h59m,-2.69,-0.69,200603
BRASÍLIA,173.29,0.49,62.55,127h05m,,-2.21,200603
PORTO ALEGRE,164.1,1.26,59.23,120h20m,,-14.22,200603
FLORIANÓPOLIS,158.28,-1.65,57.13,116h04m,,8.31,200603
FORTALEZA,125.03,1.94,45.13,91h41m,,-6.02,200603
RIO DE JANEIRO,168.68,-2.28,60.88,123h42m,-5.28,0.99,200603
RECIFE,143.0,7.15,44.24,89h53m,1.92,5.38,200604
FLORIANÓPOLIS,168.89,6.7,52.25,106h10m,,2.16,200604
CURITIBA,172.24,6.58,53.29,108h16m,,2.65,200604
NATAL,140.94,6.56,43.6,88h35m,3.69,1.6,200604
BELÉM,154.14,5.37,47.69,96h53m,-1.68,-0.79,200604
JOÃO PESSOA,140.75,4.84,43.55,88h28m,,2.66,200604
ARACAJU,142.7,4.76,44.15,89h42m,-1.79,3.85,200604
PORTO ALEGRE,171.86,4.73,53.17,108h02m,-10.16,-6.16,200604
SALVADOR,139.82,4.32,43.26,87h53m,2.66,6.27,200604
RIO DE JANEIRO,175.64,4.13,54.34,110h24m,-1.38,3.19,200604
SÃO PAULO,182.95,3.2,56.6,115h00m,,0.26,200604
BELO HORIZONTE,170.22,3.18,52.66,107h00m,-3.77,1.47,200604
GOIÂNIA,153.77,2.74,47.57,96h39m,3.12,-2.84,200604
FORTALEZA,126.99,1.57,39.29,79h49m,-4.55,-5.49,200604
VITÓRIA,161.88,0.79,50.08,101h45m,-2.25,-2.0,200604
BRASÍLIA,168.93,2.52,52.26,106h11m,,-4.67,200604
RECIFE,151.03,5.62,46.73,94h56m,7.64,2.77,200605
FORTALEZA,133.77,5.34,41.39,84h05m,0.55,-6.07,200605
SALVADOR,147.07,5.19,45.5,92h27m,7.98,4.75,200605
JOÃO PESSOA,146.04,3.76,45.18,91h48m,1.0,4.43,200605
NATAL,144.96,2.85,44.85,91h07m,6.65,3.01,200605
BELÉM,156.19,1.33,48.32,98h11m,-0.37,-3.65,200605
PORTO ALEGRE,173.47,0.94,53.67,109h02m,,9.32,200605
VITÓRIA,163.37,0.92,50.54,102h41m,-1.35,-4.33,200605
BRASÍLIA,167.11,1.08,51.7,105h02m,,-5.69,200605
GOIÂNIA,150.53,-2.11,46.57,94h37m,0.95,-5.29,200605
SÃO PAULO,178.99,-2.16,55.38,112h30m,,2.42,200605
FLORIANÓPOLIS,164.13,-2.82,50.78,103h10m,,4.92,200605
BELO HORIZONTE,165.34,-2.87,51.15,103h56m,-6.52,-8.33,200605
ARACAJU,138.41,-3.01,42.82,87h00m,-4.74,-3.23,200605
CURITIBA,166.13,-3.55,51.4,104h25m,,6.1,200605
RIO DE JANEIRO,168.92,-3.83,52.26,106h11m,-5.15,-6.06,200605
FORTALEZA,137.18,2.55,42.44,86h14m,3.11,-5.52,200606
BELÉM,156.56,0.24,48.44,98h25m,-0.13,1.75,200606
GOIÂNIA,149.3,-0.82,46.19,93h51m,0.12,-5.16,200606
JOÃO PESSOA,143.99,-1.4,44.55,90h30m,-0.42,-0.03,200606
BRASÍLIA,163.52,-2.15,50.59,102h47m,-7.72,,200606
RIO DE JANEIRO,165.07,-2.28,51.07,103h45m,-7.31,-4.17,200606
PORTO ALEGRE,168.33,-2.96,52.08,105h48m,-12.01,-7.54,200606
ARACAJU,134.25,-3.01,41.53,84h23m,-7.6,-8.92,200606
FLORIANÓPOLIS,159.02,-3.11,49.2,99h57m,,7.88,200606
BELO HORIZONTE,159.97,-3.25,49.49,100h33m,-9.56,-4.82,200606
SÃO PAULO,172.31,-3.73,53.31,108h19m,,6.06,200606
CURITIBA,159.72,-3.86,49.41,100h24m,,9.72,200606
RECIFE,144.98,-4.01,44.85,91h08m,3.33,-2.33,200606
SALVADOR,140.87,-4.2,43.59,88h34m,3.44,2.88,200606
NATAL,137.83,-4.92,42.64,86h38m,1.41,-1.37,200606
VITÓRIA,152.32,-6.76,47.12,95h45m,-8.02,-6.49,200606
PORTO ALEGRE,171.02,1.6,52.91,107h30m,-10.6,-2.13,200607
FLORIANÓPOLIS,160.31,0.81,49.6,100h46m,,7.13,200607
ARACAJU,134.03,-0.16,41.47,84h15m,-7.76,-4.21,200607
NATAL,137.24,-0.43,42.46,86h16m,0.97,-2.15,200607
VITÓRIA,151.47,-0.56,46.86,95h13m,-8.54,-5.63,200607
BRASÍLIA,162.28,-0.76,50.21,102h00m,-8.42,,200607
SÃO PAULO,170.5,-1.05,52.75,107h10m,,7.05,200607
CURITIBA,157.86,-1.39,48.84,99h14m,-10.77,-3.28,200607
FORTALEZA,134.83,-1.71,41.71,84h45m,1.35,-3.89,200607
BELO HORIZONTE,156.75,-2.01,48.5,98h32m,-11.38,-4.92,200607
BELÉM,152.64,-2.5,47.22,95h57m,-2.63,2.13,200607
RIO DE JANEIRO,159.68,-3.27,49.4,100h22m,-10.34,-5.29,200607
GOIÂNIA,143.43,-3.93,44.37,90h09m,-3.82,-6.06,200607
SALVADOR,135.07,-4.13,41.79,84h54m,-0.83,0.63,200607
RECIFE,135.89,-6.27,42.04,85h25m,-3.15,-5.24,200607
JOÃO PESSOA,134.14,-6.84,41.5,84h19m,-7.23,-6.79,200607
BELO HORIZONTE,160.24,2.23,49.58,100h43m,,9.41,200608
PORTO ALEGRE,171.72,0.41,53.13,107h56m,-10.24,-0.66,200608
BRASÍLIA,161.59,-0.43,49.99,101h34m,-8.81,,200608
SÃO PAULO,169.62,-0.52,52.48,106h37m,,7.53,200608
JOÃO PESSOA,133.23,-0.68,41.22,83h45m,-7.86,-1.13,200608
FLORIANÓPOLIS,158.89,-0.89,49.16,99h52m,,7.95,200608
SALVADOR,133.75,-0.98,41.38,84h04m,-1.8,0.13,200608
ARACAJU,132.11,-1.43,40.87,83h02m,-9.08,-2.17,200608
CURITIBA,154.48,-2.14,47.79,97h06m,-12.68,-1.38,200608
GOIÂNIA,140.1,-2.32,43.34,88h04m,-6.05,-5.14,200608
VITÓRIA,147.67,-2.51,45.69,92h49m,-10.83,-2.06,200608
RIO DE JANEIRO,155.23,-2.79,48.03,97h34m,-12.84,-5.66,200608
RECIFE,130.87,-3.69,40.49,82h16m,-6.73,-2.52,200608
FORTALEZA,129.46,-3.98,40.05,81h22m,-2.69,-3.69,200608
NATAL,131.26,-4.36,40.61,82h30m,-3.43,-4.7,200608
BELÉM,145.54,-4.65,45.03,91h29m,-7.16,0.13,200608
RIO DE JANEIRO,163.33,5.22,50.53,102h40m,,8.29,200609
FLORIANÓPOLIS,164.76,3.69,50.97,103h34m,,4.55,200609
PORTO ALEGRE,177.68,3.47,54.97,111h41m,,7.12,200609
CURITIBA,158.36,2.51,48.99,99h32m,-10.49,0.2,200609
SÃO PAULO,172.1,1.46,53.24,108h11m,,6.18,200609
VITÓRIA,149.8,1.44,46.35,94h10m,,9.55,200609
SALVADOR,135.16,1.05,41.82,84h57m,-0.76,5.43,200609
RECIFE,131.66,0.6,40.73,82h45m,-6.16,1.11,200609
BELO HORIZONTE,161.17,0.58,49.86,101h18m,,8.88,200609
BRASÍLIA,162.36,0.48,50.23,102h03m,-8.37,2.28,200609
GOIÂNIA,140.46,0.26,43.46,88h17m,-5.81,-0.95,200609
BELÉM,144.69,-0.58,44.76,90h57m,-7.71,-0.57,200609
JOÃO PESSOA,132.23,-0.75,40.91,83h07m,-8.55,1.66,200609
ARACAJU,131.03,-0.82,40.54,82h22m,-9.82,-1.56,200609
NATAL,129.92,-1.02,40.19,81h40m,-4.41,-1.28,200609
FORTALEZA,126.15,-2.56,39.03,79h18m,-5.18,-4.75,200609
Belo Horizonte,172.27,6.89,53.3,108h17m,-2.61,9.32,200610
Vitória,157.91,5.41,48.85,99h15m,-4.65,3.36,200610
Florianópolis,173.36,5.22,53.63,108h58m,0.43,6.4,200610
São Paulo,179.74,4.44,55.61,112h59m,-2.01,2.84,200610
Curitiba,165.05,4.22,51.06,103h45m,-6.71,0.29,200610
João Pessoa,136.62,3.32,42.27,85h53m,-5.52,4.01,200610
Natal,134.23,3.32,41.53,84h22m,-1.24,1.91,200610
Goiânia,143.74,2.34,44.47,90h21m,-3.61,2.47,200610
Rio de Janeiro,166.75,2.09,51.59,104h49m,-6.37,1.39,200610
Belém,147.4,1.87,45.6,92h39m,-5.98,0.65,200610
Fortaleza,128.0,1.47,39.6,80h27m,-3.79,-1.48,200610
Porto Alegre,179.07,0.78,55.4,112h33m,-6.39,6.37,200610
Brasília,163.56,0.74,50.6,102h49m,-7.7,-0.73,200610
Salvador,134.52,-0.47,41.62,84h33m,-1.23,8.14,200610
Recife,130.62,-0.79,40.41,82h06m,-6.91,-0.62,200610
Curitiba,177.45,7.51,54.9,111h32m,0.3,2.82,200611
Rio de Janeiro,179.09,7.4,55.41,112h34m,0.56,1.58,200611
Porto Alegre,192.01,7.23,59.4,120h42m,0.37,7.51,200611
Brasília,173.74,6.22,53.75,109h12m,-1.95,0.43,200611
Aracaju,145.44,6.19,45.0,91h25m,0.1,5.06,200611
Belém,156.47,6.15,48.41,98h21m,-0.19,4.33,200611
Salvador,140.48,,43.46,88h18m,3.14,4.38,200611
Belo Horizonte,179.25,4.05,55.46,112h40m,1.34,4.05,200611
Goiânia,149.18,3.78,46.15,93h46m,0.04,2.95,200611
Vitória,163.84,3.76,50.69,102h59m,,1.07,200611
Recife,134.69,3.12,41.67,84h40m,-4.01,-4.67,200611
São Paulo,185.29,3.09,57.33,116h28m,1.01,0.34,200611
Florianópolis,178.29,2.84,55.16,112h04m,3.28,1.71,200611
Natal,137.78,2.64,42.63,86h36m,1.37,1.05,200611
Fortaleza,129.27,0.99,39.99,81h15m,-2.83,-0.8,200611
João Pessoa,135.61,-0.74,41.96,85h14m,-6.22,-0.43,200611
Natal,140.72,3.53,43.54,88h27m,,2.13,200612
Goiânia,152.44,2.23,47.16,95h49m,,2.19,200612
Belém,157.16,0.25,48.62,98h47m,,0.44,200612
Fortaleza,132.92,0.09,41.12,83h33m,,2.82,200612
São Paulo,182.05,0.75,56.32,114h26m,,,200612
Salvador,134.81,1.02,41.71,84h44m,,-4.04,200612
Florianópolis,168.7,2.33,52.16,105h59m,,,200612
Porto Alegre,186.23,2.65,57.62,117h04m,,-3.01,200612
Brasília,171.85,3.02,53.17,108h01m,,-1.09,200612
Belo Horizonte,171.49,-3.05,53.06,107h48m,,-4.33,200612
Rio de Janeiro,171.39,3.76,53.02,107h44m,,-4.3,200612
Vitória,158.17,-4.49,48.93,99h25m,,-3.46,200612
Curitiba,167.98,5.05,51.97,105h35m,,-5.34,200612
Aracaju,137.61,-5.29,42.57,86h30m,,-5.38,200612
Recife,132.14,5.82,40.88,83h04m,,,200612
João Pessoa,133.88,7.41,41.42,84h09m,,-1.28,200612
Vitória,168.99,6.84,52.28,106h13m,6.84,2.33,200701
João Pessoa,139.2,3.97,43.07,87h30m,3.97,5.85,200701
Recife,137.12,3.77,42.42,86h11m,3.77,8.8,200701
Aracaju,142.74,3.73,44.16,89h43m,3.73,5.67,200701
Rio de Janeiro,176.57,3.02,54.63,110h59m,3.02,2.18,200701
Belo Horizonte,176.24,2.77,54.53,110h47m,2.77,4.28,200701
Florianópolis,172.0,2.02,53.21,108h07m,2.02,8.03,200701
Salvador,137.24,1.8,42.46,86h16m,1.8,6.79,200701
Belém,159.49,1.48,49.34,100h15m,1.48,0.9,200701
São Paulo,184.72,1.47,57.15,116h07m,1.47,4.1,200701
Curitiba,170.29,1.38,52.68,107h02m,1.38,4.37,200701
Goiânia,154.48,1.34,47.79,97h06m,1.34,2.12,200701
Brasília,173.43,0.92,53.66,109h01m,0.92,-2.64,200701
Porto Alegre,186.36,0.07,57.66,117h08m,0.07,9.48,200701
Natal,137.71,-2.14,42.6,86h34m,,2.14,200701
Fortaleza,128.18,-3.57,39.66,80h34m,,3.57,200701
Fortaleza,142.93,11.51,44.22,89h51m,7.53,12.1,200702
Recife,148.92,8.61,46.07,93h36m,12.7,17.0,200702
Natal,145.81,5.88,45.11,91h39m,3.62,9.81,200702
Belo Horizonte,185.37,5.18,57.35,116h31m,8.09,13.9,200702
Salvador,143.23,4.36,44.31,90h02m,6.25,11.79,200702
Belém,163.21,2.33,50.49,102h35m,3.85,12.64,200702
Brasília,177.08,2.1,54.79,111h18m,3.04,1.69,200702
Vitória,172.41,2.02,53.34,108h22m,9.0,8.16,200702
Curitiba,173.3,1.77,53.62,108h56m,3.17,8.85,200702
João Pessoa,141.54,1.68,43.79,88h58m,5.72,9.2,200702
Goiânia,156.18,1.1,48.32,98h10m,2.45,4.22,200702
São Paulo,185.96,0.67,57.53,116h53m,2.15,5.94,200702
Rio de Janeiro,177.69,0.63,54.97,111h41m,3.68,2.94,200702
Florianópolis,171.85,0.09,53.17,108h01m,,1.93,200702
Aracaju,141.66,-0.76,43.83,89h03m,2.94,6.18,200702
Porto Alegre,184.85,-0.81,57.19,116h11m,-0.74,11.22,200702
Fortaleza,156.4,9.42,48.39,98h19m,17.66,25.09,200703
Rio de Janeiro,192.26,8.2,59.48,120h51m,12.18,13.98,200703
Aracaju,149.77,5.72,46.34,94h08m,8.84,9.95,200703
Curitiba,182.15,5.11,56.35,114h30m,8.44,12.71,200703
Salvador,149.58,4.43,46.28,94h01m,10.96,11.6,200703
Porto Alegre,192.94,4.38,59.69,121h17m,3.6,17.57,200703
João Pessoa,147.62,4.3,45.67,92h47m,10.26,9.96,200703
Natal,151.44,3.86,46.85,95h11m,7.62,14.5,200703
São Paulo,192.86,3.71,59.67,121h14m,5.94,8.79,200703
Belém,168.24,3.08,52.05,105h45m,7.05,15.0,200703
Florianópolis,176.41,2.65,54.58,110h53m,4.63,11.45,200703
Recife,152.83,2.63,47.28,96h04m,15.66,14.51,200703
Belo Horizonte,190.11,2.56,58.82,119h30m,10.86,15.23,200703
Brasília,180.27,1.8,55.77,113h19m,4.9,4.03,200703
Vitória,174.12,0.99,53.87,109h27m,10.08,8.41,200703
Goiânia,156.64,0.29,48.46,98h28m,2.76,4.66,200703
Porto Alegre,199.09,3.19,56.73,115h16m,6.91,15.84,200704
Belém,170.44,1.31,48.57,98h41m,8.45,10.57,200704
Salvador,150.36,0.52,42.85,87h03m,11.53,7.54,200704
Aracaju,150.45,0.45,42.87,87h06m,9.33,5.43,200704
Goiânia,156.56,-0.05,44.61,90h38m,2.7,1.81,200704
Florianópolis,175.53,-0.5,50.02,101h37m,4.11,3.93,200704
Brasília,177.81,-1.36,50.67,102h57m,3.47,5.26,200704
Natal,149.21,-1.47,42.52,86h23m,6.03,5.87,200704
Vitória,171.5,-1.5,48.87,99h17m,8.43,5.94,200704
São Paulo,188.8,-2.11,53.8,109h18m,3.71,3.2,200704
Fortaleza,151.12,-3.38,43.06,87h29m,13.69,19.0,200704
Recife,146.1,-4.4,41.63,84h35m,10.56,2.17,200704
João Pessoa,140.37,-4.91,40.0,81h16m,4.85,-0.27,200704
Curitiba,172.04,-5.55,49.02,99h36m,2.42,-0.12,200704
Rio de Janeiro,181.22,-5.74,51.64,104h55m,5.74,3.18,200704
Belo Horizonte,175.92,-7.46,50.13,101h51m,2.58,3.35,200704
João Pessoa,139.19,-0.84,39.66,80h35m,3.97,-4.69,200705
Curitiba,169.66,-1.38,48.35,98h13m,1.0,2.12,200705
Goiânia,154.07,-1.59,43.9,89h12m,1.07,2.35,200705
São Paulo,184.93,-2.05,52.7,107h04m,1.58,3.32,200705
Natal,145.39,-2.56,41.43,84h10m,3.32,0.3,200705
Porto Alegre,192.91,-3.1,54.97,111h41m,3.59,11.21,200705
Rio de Janeiro,175.33,-3.25,49.96,101h30m,2.3,3.79,200705
Belém,164.69,-3.37,46.93,95h21m,4.79,5.44,200705
Florianópolis,168.02,-4.28,47.88,97h16m,-0.34,2.37,200705
Belo Horizonte,167.5,-4.79,47.73,96h58m,-2.33,1.31,200705
Vitória,162.76,-5.1,46.38,94h14m,2.9,-0.37,200705
Aracaju,142.49,-5.29,40.6,82h30m,3.55,2.95,200705
Brasília,167.29,-5.92,47.67,96h51m,,2.65,200705
Fortaleza,139.79,-7.5,39.83,80h56m,5.17,4.5,200705
Recife,134.17,-8.17,38.23,77h41m,1.54,-11.16,200705
Salvador,135.71,-9.74,38.67,78h34m,0.67,-7.72,200705
Recife,138.59,3.29,39.49,80h14m,4.88,,200706
Brasília,171.31,2.4,48.82,99h11m,,0.31,200706
São Paulo,187.45,1.36,53.42,108h31m,2.97,8.79,200706
Vitória,164.63,1.15,46.91,95h19m,4.08,8.08,200706
Salvador,137.05,0.99,39.05,79h21m,1.66,-2.73,200706
Curitiba,170.94,0.75,48.71,98h58m,1.76,6.78,200706
Porto Alegre,193.9,0.51,55.25,112h15m,4.12,15.19,200706
Goiânia,153.84,-0.15,43.84,89h04m,0.92,3.04,200706
Florianópolis,167.7,-0.19,47.79,97h05m,-0.53,5.46,200706
Belo Horizonte,165.82,-1.0,47.25,96h00m,-3.31,3.66,200706
Rio de Janeiro,173.33,-1.14,49.39,100h21m,1.13,5.0,200706
Aracaju,140.45,-1.43,40.02,81h19m,2.06,4.62,200706
Fortaleza,136.85,-2.1,39.0,79h14m,2.96,-0.24,200706
Natal,139.22,-4.24,39.67,80h36m,-1.07,1.01,200706
João Pessoa,134.07,-3.68,38.2,77h37m,0.14,-6.89,200706
Belém,154.91,-5.94,44.14,89h41m,-1.43,-1.05,200706
João Pessoa,143.55,7.07,40.91,83h06m,7.22,7.02,200707
Natal,148.3,6.52,42.26,85h51m,5.39,8.06,200707
Porto Alegre,200.97,3.65,57.27,116h21m,7.91,17.51,200707
Recife,143.48,3.53,40.89,83h04m,8.58,5.59,200707
Florianópolis,173.27,3.32,49.37,100h19m,2.77,8.08,200707
Rio de Janeiro,177.71,2.53,50.64,102h53m,3.69,11.29,200707
Aracaju,142.98,1.8,40.74,82h47m,3.9,6.68,200707
Salvador,137.88,0.61,39.29,79h50m,2.28,2.08,200707
Brasília,172.3,0.58,49.1,99h45m,0.26,6.17,200707
Belém,154.58,-0.21,44.05,89h30m,-1.64,1.27,200707
São Paulo,186.98,-0.25,53.28,108h15m,2.71,9.67,200707
Vitória,164.04,-0.36,46.74,94h58m,3.71,8.3,200707
Goiânia,152.35,-0.97,43.41,88h12m,-0.06,6.22,200707
Curitiba,167.85,-1.81,47.83,97h11m,-0.08,6.33,200707
Belo Horizonte,162.37,-2.08,46.27,94h00m,-5.32,3.59,200707
Fortaleza,130.83,-4.4,37.28,75h45m,-1.57,-2.97,200707
Natal,162.56,9.62,46.32,94h07m,15.52,23.85,200708
Fortaleza,141.53,8.18,40.33,81h56m,6.48,9.32,200708
Belo Horizonte,175.59,8.14,50.04,101h39m,2.39,9.58,200708
Salvador,146.93,6.56,41.87,85h04m,8.99,9.85,200708
Aracaju,150.82,5.48,42.98,87h19m,9.6,14.16,200708
João Pessoa,151.24,5.36,43.1,87h34m,12.97,13.52,200708
Vitória,172.55,5.19,49.17,99h54m,9.09,16.85,200708
Belém,161.64,4.57,46.06,93h35m,2.85,11.06,200708
Florianópolis,180.63,4.25,51.47,104h35m,7.14,13.68,200708
Recife,149.26,4.03,42.53,86h25m,12.96,14.05,200708
Curitiba,174.28,3.83,49.66,100h54m,3.75,12.82,200708
São Paulo,193.04,3.24,55.01,111h46m,6.04,13.81,200708
Porto Alegre,206.39,2.7,58.81,119h29m,10.83,20.19,200708
Rio de Janeiro,182.14,2.49,51.9,105h27m,6.27,17.34,200708
Brasília,176.21,2.27,50.21,102h01m,2.54,9.05,200708
Goiânia,155.79,2.26,44.39,90h12m,2.2,11.2,200708
Fortaleza,147.75,4.39,42.1,85h32m,11.16,17.12,200709
Vitória,179.95,4.29,51.28,104h11m,13.77,20.13,200709
Aracaju,157.15,4.2,44.78,90h59m,14.2,19.93,200709
Rio de Janeiro,187.95,3.19,53.56,108h49m,9.66,15.07,200709
Belo Horizonte,180.57,2.84,51.45,104h32m,5.29,12.04,200709
Belém,165.59,2.44,47.19,95h52m,5.36,14.44,200709
Florianópolis,184.95,2.39,52.7,107h05m,9.7,12.25,200709
Goiânia,159.28,2.24,45.39,92h13m,4.49,13.4,200709
Curitiba,176.62,1.34,50.33,102h15m,5.14,11.53,200709
Salvador,148.06,0.77,42.19,85h43m,9.83,9.54,200709
São Paulo,194.34,0.67,55.38,112h31m,6.75,12.92,200709
Natal,163.03,0.29,46.46,94h23m,15.85,25.48,200709
Brasília,176.57,0.2,50.31,102h13m,2.75,8.75,200709
Porto Alegre,206.78,0.19,58.92,119h43m,11.03,16.38,200709
Recife,145.15,-2.75,41.36,84h02m,9.85,10.25,200709
João Pessoa,144.64,-4.36,41.22,83h44m,8.04,9.39,200709
Belém,172.72,4.31,49.22,100h00m,9.9,17.18,200710
São Paulo,201.25,3.56,57.35,116h31m,10.55,11.97,200710
Porto Alegre,213.97,3.48,60.97,123h53m,14.9,19.49,200710
Belo Horizonte,186.77,3.43,53.22,108h08m,8.91,8.42,200710
Rio de Janeiro,194.27,3.36,55.36,112h28m,13.35,16.5,200710
Salvador,151.66,2.43,43.22,87h48m,12.5,12.7,200710
Vitória,182.84,1.61,52.1,105h51m,15.6,15.79,200710
Goiânia,161.72,1.53,46.08,93h38m,6.09,12.51,200710
Curitiba,179.15,1.43,51.05,103h43m,6.65,8.54,200710
Florianópolis,187.08,1.15,53.31,108h19m,10.96,7.91,200710
Brasília,177.82,0.71,50.67,102h57m,3.47,8.72,200710
Fortaleza,146.96,-0.53,41.88,85h05m,10.56,14.81,200710
João Pessoa,143.16,-1.02,40.79,82h53m,6.93,4.79,200710
Recife,142.07,-2.12,40.48,82h15m,7.51,8.77,200710
Aracaju,151.42,-3.65,43.15,87h40m,10.04,10.56,200710
Natal,151.99,-6.77,43.31,88h00m,8.01,13.23,200710
Brasília,189.2,6.4,53.91,109h32m,10.1,8.9,200711
Aracaju,160.1,5.73,45.62,92h41m,16.34,10.08,200711
Salvador,158.2,4.31,45.08,91h35m,17.35,12.61,200711
Belo Horizonte,194.05,3.9,55.3,112h21m,13.16,8.26,200711
Goiânia,167.96,3.86,47.86,97h14m,10.18,12.59,200711
Natal,157.76,3.8,44.95,91h20m,12.11,14.5,200711
Curitiba,185.31,3.44,52.81,107h17m,10.32,4.43,200711
Recife,145.42,2.36,41.44,84h11m,10.05,7.97,200711
Belém,176.57,2.23,50.31,102h13m,12.35,12.85,200711
São Paulo,205.48,2.1,58.55,118h58m,12.87,10.9,200711
Rio de Janeiro,194.92,0.33,55.54,112h51m,13.73,8.84,200711
Florianópolis,186.92,-0.09,53.26,108h13m,10.87,4.84,200711
Fortaleza,146.71,-0.17,41.81,84h56m,10.37,13.49,200711
João Pessoa,142.43,-0.51,40.59,82h28m,6.39,5.03,200711
Vitória,179.98,-1.56,51.29,104h12m,13.79,9.85,200711
Porto Alegre,205.18,-4.11,58.47,118h47m,10.18,6.86,200711
Aracaju,171.16,24.38,48.77,99h06m,,6.91,200712
Goiânia,189.34,24.21,53.95,109h37m,,12.73,200712
Belém,190.01,20.9,54.14,110h00m,,7.61,200712
Vitória,189.51,19.81,54.0,109h43m,,5.3,200712
Belo Horizonte,204.8,19.42,58.36,118h34m,,5.54,200712
Natal,167.91,19.32,47.85,97h13m,,6.43,200712
Fortaleza,158.35,19.13,45.12,91h41m,,7.93,200712
São Paulo,214.63,17.9,61.16,124h16m,,4.45,200712
Salvador,158.71,17.73,45.23,91h53m,,0.32,200712
Recife,155.41,17.61,44.29,89h58m,,6.87,200712
João Pessoa,155.09,15.84,44.19,89h47m,,8.89,200712
Porto Alegre,212.92,14.33,60.67,123h16m,,3.77,200712
Rio de Janeiro,194.46,13.46,55.41,112h35m,,-0.24,200712
Florianópolis,190.83,13.18,54.38,110h29m,,2.09,200712
Brasília,193.23,12.44,55.06,111h52m,,2.13,200712
Curitiba,187.23,11.46,53.35,108h24m,,1.04,200712
Salvador,173.01,9.01,49.49,100h10m,,26.06,200801
Brasília,209.2,8.26,59.84,121h07m,,20.62,200801
Recife,166.9,7.39,47.74,96h38m,,21.72,200801
São Paulo,229.09,6.74,65.53,132h38m,,24.02,200801
Rio de Janeiro,206.22,6.05,58.99,119h23m,,16.79,200801
Belo Horizonte,216.78,5.85,62.01,125h30m,,23.0,200801
Curitiba,197.77,5.63,56.57,114h30m,,16.14,200801
Vitória,198.54,4.76,56.79,114h57m,,17.49,200801
Fortaleza,164.69,4.0,47.11,95h21m,,28.48,200801
Goiânia,195.13,3.06,55.82,112h58m,,26.31,200801
João Pessoa,159.8,3.04,45.71,92h31m,,14.8,200801
Florianópolis,196.4,2.92,56.18,113h42m,,14.19,200801
Natal,172.05,2.47,49.21,99h36m,,24.94,200801
Belém,192.81,1.47,55.15,111h38m,,20.89,200801
Porto Alegre,214.27,0.63,61.29,124h03m,,14.98,200801
Aracaju,168.67,-1.45,48.25,97h39m,,18.17,200801
João Pessoa,169.88,6.31,48.59,98h21m,9.54,20.02,200802
Fortaleza,171.94,4.4,49.18,99h33m,8.58,20.3,200802
Recife,172.03,3.07,49.21,99h36m,10.69,15.52,200802
Natal,176.74,2.73,50.55,102h19m,5.26,21.21,200802
Porto Alegre,214.65,0.18,61.4,124h16m,0.81,16.12,200802
Brasília,208.74,-0.22,59.71,120h51m,8.03,17.88,200802
Vitória,197.9,-0.32,56.61,114h34m,4.43,14.78,200802
Curitiba,196.5,-0.64,56.21,113h46m,4.95,13.39,200802
Belém,191.43,-0.72,54.76,110h50m,0.75,17.29,200802
Rio de Janeiro,203.82,-1.16,58.3,118h00m,4.81,14.71,200802
Florianópolis,193.97,-1.24,55.48,112h18m,1.65,12.87,200802
São Paulo,226.2,1.26,64.7,130h57m,,5.39,200802
Aracaju,165.35,-1.97,47.3,95h44m,-3.39,16.72,200802
Salvador,167.77,-3.03,47.99,97h08m,5.71,17.13,200802
Belo Horizonte,206.42,-4.78,59.04,119h30m,0.79,11.36,200802
Goiânia,185.06,5.16,52.93,107h08m,,-2.26,200802
Rio de Janeiro,214.66,5.32,56.22,113h48m,10.39,11.65,200803
Vitória,206.8,4.5,54.16,109h38m,9.12,18.77,200803
Florianópolis,202.46,4.38,53.03,107h20m,6.09,14.77,200803
Belo Horizonte,213.48,3.42,55.91,113h10m,4.24,12.29,200803
Goiânia,189.94,2.64,49.75,100h41m,0.32,21.26,200803
Salvador,171.37,2.15,44.88,90h51m,7.98,14.57,200803
Natal,180.48,2.12,47.27,95h41m,7.49,19.18,200803
Fortaleza,175.11,1.84,45.86,92h50m,10.58,11.96,200803
Aracaju,168.22,1.74,44.06,89h11m,-1.72,12.32,200803
Porto Alegre,216.12,0.68,56.61,114h34m,1.5,12.01,200803
Curitiba,196.98,0.24,51.59,104h25m,5.21,8.14,200803
João Pessoa,169.85,-0.02,44.49,90h02m,9.52,15.06,200803
Belém,190.41,-0.53,49.87,100h56m,0.21,13.18,200803
São Paulo,223.94,1.0,58.65,118h43m,,4.34,200803
Recife,166.13,-3.43,43.51,88h04m,6.9,8.7,200803
Brasília,200.83,-3.79,52.6,106h28m,3.93,11.41,200803
Fortaleza,188.83,7.84,49.46,100h06m,19.25,24.95,200804
Belo Horizonte,228.32,6.95,59.8,121h02m,11.48,29.79,200804
Brasília,214.22,6.67,56.11,113h34m,10.86,20.48,200804
João Pessoa,180.9,6.51,47.38,95h54m,16.64,28.87,200804
Belém,202.6,6.4,53.06,107h24m,6.63,18.87,200804
Curitiba,209.52,6.37,54.88,111h04m,11.91,21.79,200804
Porto Alegre,226.78,4.93,59.4,120h13m,6.51,13.91,200804
Natal,187.89,4.11,49.21,99h36m,11.9,25.92,200804
Florianópolis,210.42,3.93,55.11,111h33m,10.27,19.88,200804
Recife,172.18,3.64,45.1,91h17m,10.79,17.85,200804
Rio de Janeiro,222.24,3.53,58.21,117h49m,14.29,22.64,200804
Salvador,176.66,3.09,46.27,93h39m,11.31,17.49,200804
Aracaju,173.29,3.01,45.39,91h52m,1.24,15.18,200804
Vitória,212.39,2.7,55.63,112h36m,12.07,23.84,200804
Goiânia,193.68,1.97,50.73,102h40m,2.29,23.71,200804
São Paulo,227.81,1.73,59.67,120h46m,6.14,20.66,200804
Recife,196.62,14.19,51.5,104h14m,26.52,46.55,200805
Natal,204.64,8.91,53.6,108h29m,21.87,40.75,200805
Florianópolis,226.43,7.61,59.31,120h02m,18.66,34.76,200805
Aracaju,183.4,5.83,48.04,97h13m,7.15,28.71,200805
Curitiba,220.74,5.36,57.82,117h01m,17.9,30.11,200805
Vitória,222.98,4.99,58.4,118h12m,17.66,37.0,200805
Porto Alegre,236.58,4.32,61.96,125h25m,11.11,22.64,200805
Fortaleza,196.79,4.22,51.54,104h19m,24.28,40.78,200805
João Pessoa,187.21,3.49,49.03,99h15m,20.71,34.5,200805
São Paulo,233.92,2.68,61.27,124h00m,8.99,26.49,200805
Belém,206.4,1.88,54.06,109h25m,8.63,25.33,200805
Brasília,217.6,1.58,56.99,115h21m,12.61,30.07,200805
Belo Horizonte,230.55,0.98,60.38,122h13m,12.57,37.64,200805
Rio de Janeiro,222.93,0.31,58.39,118h11m,14.64,27.15,200805
Salvador,176.05,-0.35,46.11,93h20m,10.93,29.73,200805
Goiânia,191.38,1.19,50.13,101h27m,,1.08,200805
Goiânia,211.74,10.64,55.46,112h15m,11.83,37.64,200806
Brasília,231.6,6.43,60.66,122h47m,19.86,35.19,200806
Rio de Janeiro,236.16,5.93,61.85,125h12m,21.44,36.25,200806
Salvador,185.53,5.38,48.59,98h21m,16.9,35.37,200806
Florianópolis,238.15,5.18,62.38,126h15m,24.8,42.01,200806
São Paulo,245.24,4.84,64.23,130h00m,14.26,30.83,200806
Aracaju,191.75,4.55,50.22,101h39m,12.03,36.53,200806
Porto Alegre,246.72,4.29,64.62,130h47m,15.87,27.24,200806
João Pessoa,194.43,3.86,50.92,103h04m,25.37,45.02,200806
Natal,211.41,3.31,55.37,112h04m,25.91,51.85,200806
Curitiba,227.58,3.1,59.61,120h39m,21.55,33.13,200806
Recife,200.85,2.15,52.61,106h28m,29.24,44.92,200806
Belém,209.91,1.7,54.98,111h17m,10.47,35.5,200806
Fortaleza,196.11,-0.35,51.36,103h58m,23.85,43.3,200806
Vitória,220.46,-1.13,57.74,116h52m,16.33,33.91,200806
Curitiba,244.3,7.35,63.99,129h31m,30.48,45.55,200807
Salvador,195.65,5.45,51.24,103h43m,23.28,41.9,200807
Porto Alegre,259.29,5.09,67.91,137h27m,21.78,29.02,200807
Belo Horizonte,247.01,4.65,64.7,130h57m,20.61,52.13,200807
Vitória,230.19,4.41,60.29,122h02m,21.47,40.33,200807
São Paulo,252.13,2.81,66.04,133h40m,17.47,34.84,200807
Aracaju,196.61,2.53,51.5,104h14m,14.87,37.51,200807
Brasília,236.69,2.2,61.99,125h28m,22.49,37.37,200807
Fortaleza,199.49,1.72,52.25,105h45m,25.98,52.48,200807
Rio de Janeiro,240.03,1.64,62.87,127h15m,23.43,35.07,200807
Belém,211.13,0.58,55.3,111h55m,11.12,36.58,200807
João Pessoa,194.9,0.24,51.05,103h19m,25.67,35.77,200807
Florianópolis,238.53,0.16,62.48,126h27m,25.0,37.66,200807
Natal,211.64,0.11,55.43,112h12m,26.04,42.71,200807
Recife,197.35,-1.74,51.69,104h37m,26.99,37.55,200807
Goiânia,204.22,3.55,53.49,108h16m,,7.86,200807
Goiânia,206.56,1.15,54.1,109h30m,9.09,32.59,200808
Belém,206.33,-2.27,54.04,109h23m,8.59,27.65,200808
Brasília,229.17,-3.18,60.02,121h29m,18.6,30.06,200808
Salvador,187.28,-4.28,49.05,99h17m,18.0,27.46,200808
São Paulo,241.15,-4.35,63.16,127h50m,12.36,24.92,200808
Aracaju,185.86,-5.47,48.68,98h32m,8.59,23.23,200808
Curitiba,229.93,-5.88,60.22,121h53m,22.81,31.93,200808
Belo Horizonte,231.26,-6.38,60.57,122h36m,12.92,31.7,200808
João Pessoa,182.29,-6.47,47.74,96h38m,17.54,20.53,200808
Porto Alegre,241.16,-6.99,63.16,127h51m,13.26,16.85,200808
Florianópolis,219.01,-8.18,57.36,116h06m,14.77,21.25,200808
Vitória,207.99,-9.64,54.48,110h16m,9.75,20.54,200808
Rio de Janeiro,214.68,-10.56,56.23,113h48m,10.4,17.87,200808
Fortaleza,178.37,-10.59,46.72,94h33m,12.64,26.03,200808
Natal,188.93,-10.73,49.48,100h09m,12.52,16.22,200808
Recife,176.09,-10.77,46.12,93h21m,13.31,17.98,200808
Florianópolis,223.47,2.04,58.53,118h28m,17.1,20.83,200809
Rio de Janeiro,215.58,0.42,56.46,114h17m,10.86,14.7,200809
Vitória,205.09,-1.39,53.72,108h43m,8.22,13.97,200809
João Pessoa,177.82,-2.45,46.57,94h16m,14.66,22.94,200809
São Paulo,234.68,-2.68,61.47,124h25m,9.34,20.76,200809
Natal,183.57,2.84,48.08,97h19m,,9.33,200809
Brasília,221.03,-3.55,57.89,117h10m,14.39,25.18,200809
Porto Alegre,232.16,-3.73,60.81,123h04m,9.04,12.27,200809
Goiânia,198.28,-4.01,51.93,105h07m,4.72,24.49,200809
Belo Horizonte,220.97,-4.45,57.88,117h08m,7.9,22.37,200809
Recife,167.76,4.73,43.94,88h56m,,7.95,200809
Fortaleza,169.67,4.88,44.44,89h57m,,7.15,200809
Curitiba,218.1,-5.14,57.12,115h37m,16.49,23.49,200809
Aracaju,176.05,-5.28,46.11,93h20m,2.86,12.03,200809
Salvador,174.25,-6.96,45.64,92h22m,9.79,17.69,200809
Belém,191.19,-7.34,50.08,101h21m,0.62,15.46,200809
Fortaleza,183.36,8.07,48.03,97h12m,15.79,24.77,200810
Natal,198.23,7.99,51.92,105h05m,18.06,30.42,200810
Manaus,221.35,5.79,57.98,117h21m,,,200810
Salvador,182.61,4.8,47.83,96h48m,15.06,20.41,200810
Vitória,213.56,4.13,55.94,113h13m,12.69,16.8,200810
Porto Alegre,239.82,3.3,62.81,127h08m,12.63,12.08,200810
Rio de Janeiro,220.99,2.51,57.78,117h09m,13.64,13.75,200810
Aracaju,180.07,2.28,47.16,95h28m,5.21,18.92,200810
Florianópolis,228.44,2.22,59.83,121h06m,19.71,22.11,200810
Belém,195.31,2.15,51.16,103h32m,2.79,13.08,200810
Curitiba,221.4,1.51,57.99,117h22m,18.25,23.58,200810
São Paulo,238.15,1.48,62.38,126h15m,10.96,18.34,200810
Goiânia,200.7,1.22,52.57,106h24m,6.0,24.1,200810
Recife,169.4,0.98,44.37,89h48m,9.0,19.24,200810
Belo Horizonte,222.71,0.79,58.33,118h04m,8.75,19.24,200810
Brasília,220.44,-0.27,57.74,116h52m,14.08,23.97,200810
João Pessoa,177.32,-0.28,46.44,94h00m,14.33,23.86,200810
Vitória,226.16,5.9,59.24,119h54m,19.34,25.66,200811
Recife,175.22,3.44,45.89,92h53m,12.75,20.49,200811
Curitiba,228.0,2.98,59.72,120h52m,21.78,23.04,200811
Goiânia,206.51,2.89,54.09,109h29m,9.07,22.95,200811
Brasília,225.6,2.34,59.09,119h36m,16.75,19.24,200811
Fortaleza,187.44,2.23,49.09,99h22m,18.37,27.76,200811
Salvador,186.36,2.05,48.81,98h48m,17.42,17.8,200811
Rio de Janeiro,225.26,1.93,59.0,119h25m,15.84,15.57,200811
Belém,198.48,1.62,51.99,105h13m,4.46,12.41,200811
Belo Horizonte,225.4,1.21,59.04,119h29m,10.06,16.16,200811
São Paulo,238.66,0.21,62.51,126h31m,11.2,16.15,200811
Natal,198.05,-0.09,51.87,104h59m,17.95,25.54,200811
Manaus,220.91,-0.2,57.86,117h07m,,,200811
Porto Alegre,239.0,-0.34,62.6,126h42m,12.25,16.48,200811
Aracaju,179.39,-0.38,46.99,95h06m,4.81,12.05,200811
Florianópolis,226.64,-0.79,59.36,120h09m,18.77,21.25,200811
João Pessoa,174.83,-1.4,45.79,92h41m,12.73,22.75,200811
João Pessoa,200.55,14.71,52.53,106h19m,29.31,,200812
Natal,212.8,7.45,55.74,112h49m,26.73,,200812
Florianópolis,239.03,5.47,62.61,126h43m,25.26,,200812
Fortaleza,197.32,5.27,51.68,104h36m,24.61,,200812
Rio de Janeiro,239.78,6.45,62.8,127h07m,23.31,,200812
Curitiba,229.39,0.61,60.08,121h36m,22.52,,200812
Brasília,236.15,4.68,61.85,125h11m,22.21,,200812
Salvador,193.06,3.6,50.57,102h21m,21.64,,200812
Vitória,227.54,0.61,59.6,120h37m,20.07,,200812
Porto Alegre,254.86,6.64,66.75,135h06m,19.7,,200812
Recife,183.61,4.79,48.09,97h20m,18.15,,200812
Aracaju,193.28,7.74,50.62,102h28m,12.92,,200812
Belo Horizonte,230.25,2.15,60.31,122h04m,12.43,,200812
São Paulo,239.49,0.35,62.73,126h58m,11.58,,200812
Goiânia,209.43,1.41,54.85,111h01m,10.61,,200812
Belém,199.05,0.29,52.13,105h31m,4.76,,200812
Manaus,225.83,2.23,59.15,119h43m,,,200812
Belém,210.7,5.85,55.19,111h42m,5.85,9.28,200901
Goiânia,220.37,5.22,57.72,116h49m,5.22,12.93,200901
Vitória,238.44,4.79,62.45,126h24m,4.79,20.1,200901
Salvador,201.71,4.48,52.83,106h56m,4.48,16.59,200901
Manaus,228.28,1.08,59.79,121h01m,1.08,,200901
São Paulo,241.53,0.85,63.26,128h02m,0.85,5.43,200901
Belo Horizonte,232.03,0.77,60.77,123h00m,0.77,7.03,200901
Curitiba,227.89,-0.65,59.69,120h49m,-0.65,15.23,200901
Brasília,234.6,-0.66,61.45,124h22m,-0.66,12.14,200901
Porto Alegre,247.25,-2.99,64.76,131h04m,-2.99,15.39,200901
Florianópolis,231.79,-3.03,60.71,122h53m,-3.03,18.02,200901
Recife,177.6,-3.27,46.52,94h09m,-3.27,6.41,200901
Aracaju,184.48,-4.55,48.32,97h48m,-4.55,9.37,200901
Natal,203.06,-4.58,53.18,107h39m,-4.58,18.02,200901
Fortaleza,187.21,-5.12,49.03,99h15m,-5.12,13.67,200901
Rio de Janeiro,224.74,-6.27,58.86,119h08m,-6.27,8.98,200901
João Pessoa,177.88,-11.3,46.59,94h18m,-11.3,11.31,200901
Recife,179.93,1.31,42.06,85h08m,-2.0,4.59,200902
João Pessoa,179.27,0.78,41.9,84h49m,-10.61,5.53,200902
Curitiba,228.37,0.21,53.38,108h03m,-0.44,16.22,200902
Porto Alegre,247.06,-0.08,57.75,116h53m,-3.06,15.1,200902
Natal,202.36,-0.34,47.3,95h44m,-4.91,14.5,200902
Rio de Janeiro,223.52,-0.54,52.25,105h45m,-6.78,9.67,200902
Manaus,226.0,-1.0,52.83,106h55m,0.08,,200902
Brasília,231.13,-1.48,54.03,109h21m,-2.13,10.73,200902
Florianópolis,227.98,-1.64,53.29,107h52m,-4.62,17.53,200902
São Paulo,237.34,-1.73,55.48,112h17m,-0.9,4.92,200902
Fortaleza,183.16,-2.16,42.81,86h39m,-7.18,6.53,200902
Aracaju,180.32,-2.25,42.15,85h19m,-6.71,9.05,200902
Salvador,197.08,-2.3,46.07,93h15m,2.08,17.47,200902
Vitória,232.48,-2.5,54.34,109h59m,2.17,17.47,200902
Goiânia,211.11,-4.2,49.35,99h53m,0.8,14.08,200902
Belém,201.62,-4.31,47.13,95h23m,1.29,5.32,200902
Belo Horizonte,217.27,-6.36,50.79,102h48m,-5.64,5.26,200902
Belém,203.04,0.7,47.46,96h04m,2.0,6.63,200903
Goiânia,209.21,-0.9,48.9,98h59m,-0.1,10.15,200903
Salvador,193.41,-1.86,45.21,91h30m,0.18,12.86,200903
Fortaleza,179.2,-2.16,41.89,84h47m,-9.18,2.34,200903
Rio de Janeiro,218.63,-2.19,51.11,103h26m,-8.82,1.85,200903
Recife,175.48,-2.47,41.02,83h01m,-4.43,5.63,200903
João Pessoa,174.72,-2.54,40.84,82h40m,-12.88,2.87,200903
Porto Alegre,238.73,-3.37,55.8,112h57m,-6.33,10.46,200903
Manaus,216.27,-4.31,50.55,102h19m,-4.23,,200903
Belo Horizonte,206.59,-4.92,48.29,97h44m,-10.28,-3.23,200903
Natal,191.73,-5.25,44.82,90h43m,-9.9,6.23,200903
Brasília,217.5,-5.9,50.84,102h54m,-7.9,8.3,200903
Florianópolis,214.2,-6.04,50.07,101h21m,-10.39,5.8,200903
Vitória,217.91,-6.27,50.94,103h06m,-4.23,5.37,200903
São Paulo,221.9,-6.51,51.87,104h59m,-7.34,-0.91,200903
Aracaju,167.37,-7.18,39.12,79h11m,-13.41,-0.51,200903
Curitiba,210.56,-7.8,49.22,99h37m,-8.21,6.89,200903
João Pessoa,184.02,5.32,43.02,87h04m,,8.24,200904
Fortaleza,186.28,3.95,43.54,88h08m,-5.59,-1.35,200904
Belo Horizonte,214.55,3.85,50.15,101h30m,,6.82,200904
Rio de Janeiro,222.6,1.82,52.03,105h19m,-7.16,0.16,200904
Brasília,221.18,1.69,51.7,104h39m,-6.34,3.25,200904
São Paulo,225.63,1.68,52.74,106h45m,-5.79,-0.96,200904
Goiânia,211.85,1.26,49.52,100h14m,1.16,9.38,200904
Recife,176.65,0.67,41.29,83h35m,-3.79,2.6,200904
Vitória,219.32,0.65,51.27,103h46m,-3.61,3.26,200904
Natal,191.77,0.02,44.83,90h44m,-9.88,2.06,200904
Curitiba,209.73,-0.39,49.03,99h14m,-8.57,0.1,200904
Salvador,191.17,-1.16,44.69,90h27m,-0.98,8.21,200904
Belém,200.52,-1.24,46.87,94h52m,0.74,-1.03,200904
Porto Alegre,234.81,-1.64,54.89,111h06m,-7.87,3.54,200904
Florianópolis,210.13,-1.9,49.12,99h25m,-12.09,-0.14,200904
Aracaju,163.76,-2.16,38.28,77h29m,-15.27,-5.5,200904
Manaus,210.69,-2.58,49.25,99h41m,-6.7,,200904
Recife,191.79,8.57,44.83,90h44m,4.46,-2.46,200905
Natal,201.16,4.9,47.02,95h10m,-5.47,-1.7,200905
Salvador,198.63,3.9,46.43,93h59m,2.89,12.83,200905
Porto Alegre,243.43,3.67,56.9,115h10m,-4.48,2.9,200905
Aracaju,168.8,3.08,39.46,79h52m,-12.67,-7.96,200905
Vitória,225.45,2.79,52.7,106h40m,-0.92,1.11,200905
João Pessoa,189.0,2.71,44.18,89h25m,,5.76,200905
Florianópolis,214.18,1.93,50.07,101h20m,-10.4,-5.41,200905
Manaus,213.68,1.42,49.95,101h06m,-5.38,,200905
São Paulo,227.36,0.77,53.15,107h34m,-5.06,-2.8,200905
Curitiba,211.33,0.76,49.4,99h59m,-7.87,-4.26,200905
Belo Horizonte,216.09,0.72,50.51,102h14m,,6.15,200905
Goiânia,212.67,0.39,49.71,100h37m,1.55,11.12,200905
Belém,200.9,0.19,46.96,95h03m,0.93,-2.66,200905
Brasília,221.34,0.07,51.74,104h43m,-6.27,1.72,200905
Fortaleza,185.33,-0.51,43.32,87h41m,-6.08,-5.82,200905
Rio de Janeiro,221.01,-0.71,51.66,104h34m,-7.83,-0.86,200905
Aracaju,176.35,4.47,41.22,83h26m,-8.76,-8.03,200906
Fortaleza,188.67,1.8,44.1,89h16m,-4.38,-3.79,200906
Florianópolis,217.46,1.53,50.83,102h53m,-9.02,-8.69,200906
Curitiba,213.52,1.04,49.91,101h01m,-6.92,-6.18,200906
Belo Horizonte,218.18,0.97,51.0,103h13m,-5.24,-7.56,200906
Vitória,227.3,0.82,53.13,107h32m,-0.11,3.1,200906
Belém,201.6,0.35,47.12,95h23m,1.28,-3.96,200906
São Paulo,228.1,0.33,53.32,107h55m,-4.76,-6.99,200906
Salvador,199.01,0.19,46.52,94h09m,3.08,7.27,200906
Porto Alegre,243.66,0.09,56.96,115h17m,-4.39,-1.24,200906
Manaus,213.82,0.07,49.98,101h10m,-5.32,,200906
Goiânia,212.82,0.07,49.75,100h41m,1.62,0.51,200906
Natal,200.91,-0.12,46.96,95h03m,-5.59,-4.97,200906
Rio de Janeiro,220.2,-0.37,51.47,104h11m,-8.17,-6.76,200906
Recife,190.93,-0.45,44.63,90h20m,3.99,-4.94,200906
João Pessoa,187.3,-0.9,43.78,88h37m,-6.61,-3.67,200906
Brasília,216.29,-2.28,50.56,102h20m,-8.41,-6.61,200906
Manaus,215.43,0.75,50.36,101h55m,-4.61,,200907
Brasília,217.78,0.69,50.91,103h02m,-7.78,-7.99,200907
Belém,201.71,0.05,47.15,95h26m,1.34,-4.46,200907
Natal,200.56,-0.17,46.88,94h53m,-5.75,-5.24,200907
Recife,190.29,-0.34,44.48,90h02m,3.64,-3.58,200907
São Paulo,227.17,-0.41,53.1,107h29m,-5.14,-9.9,200907
Florianópolis,215.26,-1.01,50.32,101h51m,-9.94,-9.76,200907
Aracaju,173.47,-1.63,40.55,82h04m,-10.25,-11.77,200907
Belo Horizonte,214.55,-1.66,50.15,101h30m,-6.82,-13.14,200907
Salvador,195.7,-1.66,45.75,92h35m,1.37,0.03,200907
Vitória,223.11,-1.84,52.15,105h33m,-1.95,-3.08,200907
João Pessoa,183.67,-1.94,42.93,86h54m,-8.42,-5.76,200907
Porto Alegre,237.45,-2.55,55.5,112h21m,-6.83,-8.42,200907
Curitiba,206.71,-3.19,48.32,97h48m,-9.89,-15.39,200907
Fortaleza,182.12,-3.47,42.57,86h10m,-7.7,-8.71,200907
Rio de Janeiro,211.88,-3.78,49.53,100h15m,-11.64,-11.73,200907
Goiânia,195.55,-8.11,45.71,92h31m,-6.63,-4.25,200907
Curitiba,211.47,2.3,49.43,100h03m,-7.81,-8.03,200908
Manaus,217.9,1.15,50.94,103h06m,-3.51,,200908
Rio de Janeiro,213.75,0.88,49.96,101h08m,-10.86,,200908
Florianópolis,216.53,0.59,50.61,102h27m,-9.41,-1.13,200908
Goiânia,196.68,0.58,45.97,93h03m,-6.09,-4.78,200908
Porto Alegre,238.67,0.51,55.79,112h55m,-6.35,-1.03,200908
Belém,202.69,0.49,47.38,95h54m,1.83,-1.76,200908
Vitória,223.09,0.0,52.15,105h33m,-1.96,7.26,200908
Brasília,217.27,-0.23,50.79,102h48m,-7.99,-5.19,200908
Belo Horizonte,213.51,-0.48,49.91,101h01m,-7.27,,200908
São Paulo,225.69,-0.65,52.76,106h47m,-5.76,-6.41,200908
Recife,186.31,-2.09,43.55,88h09m,1.47,5.8,200908
Salvador,191.12,-2.34,44.68,90h25m,-1.0,2.05,200908
João Pessoa,178.12,-3.02,41.64,84h16m,-11.18,-2.29,200908
Fortaleza,176.57,-3.05,41.27,83h32m,-10.52,-1.01,200908
Aracaju,168.06,-3.12,39.28,79h31m,-13.05,-9.58,200908
Natal,194.11,-3.22,45.37,91h50m,-8.78,2.74,200908
Florianópolis,224.26,3.57,52.42,106h06m,-6.18,0.35,200909
Porto Alegre,245.86,3.01,57.47,116h19m,-3.53,5.9,200909
Rio de Janeiro,219.64,2.76,51.34,103h55m,-8.4,1.88,200909
Salvador,195.68,2.39,45.74,92h35m,1.36,12.3,200909
São Paulo,229.89,1.86,53.74,108h46m,-4.01,-2.04,200909
Curitiba,214.26,1.32,50.08,101h22m,-6.6,-1.76,200909
Vitória,226.02,1.31,52.83,106h56m,-0.67,10.21,200909
Belo Horizonte,215.42,0.89,50.36,101h55m,-6.44,-2.51,200909
Manaus,219.38,0.68,51.28,103h48m,-2.86,4.85,200909
Brasília,218.23,0.44,51.01,103h15m,-7.59,-1.27,200909
Belém,202.18,-0.25,47.26,95h39m,1.57,5.75,200909
Aracaju,164.5,-2.12,38.45,77h50m,-14.89,-6.56,200909
João Pessoa,173.98,-2.32,40.67,82h19m,-13.25,-2.16,200909
Fortaleza,172.47,-2.32,40.32,81h36m,-12.59,1.65,200909
Recife,178.42,-4.23,41.71,84h25m,-2.83,6.35,200909
Natal,182.04,-6.22,42.55,86h08m,-14.45,-0.83,200909
Goiânia,181.29,-7.82,42.38,85h46m,-13.44,-8.57,200909
Goiânia,197.96,9.2,46.27,93h40m,-5.48,-1.37,200910
Belo Horizonte,220.52,2.37,51.55,104h20m,-4.23,-0.98,200910
Rio de Janeiro,224.75,2.33,52.54,106h20m,-6.27,1.7,200910
Aracaju,168.15,2.22,39.31,79h33m,-13.0,-6.62,200910
Brasília,222.07,1.76,51.91,105h04m,-5.96,0.74,200910
Curitiba,216.59,1.09,50.63,102h28m,-5.58,-2.17,200910
Salvador,197.63,1.0,46.2,93h30m,2.37,8.23,200910
Porto Alegre,248.29,0.99,58.04,117h28m,-2.58,3.53,200910
Florianópolis,226.37,0.94,52.91,107h06m,-5.3,-0.91,200910
João Pessoa,175.19,0.7,40.95,82h53m,-12.65,-1.2,200910
Natal,182.95,0.5,42.77,86h33m,-14.03,-7.71,200910
Belém,202.8,0.31,47.41,95h57m,1.88,3.83,200910
São Paulo,230.03,0.06,53.77,108h50m,-3.95,-3.41,200910
Vitória,224.57,-0.64,52.49,106h15m,-1.31,5.16,200910
Manaus,217.17,-1.01,50.76,102h45m,-3.83,-1.89,200910
Recife,176.45,-1.1,41.25,83h29m,-3.9,4.16,200910
Fortaleza,170.29,-1.26,39.81,80h34m,-13.7,-7.13,200910
Fortaleza,182.16,6.97,42.58,86h11m,-7.68,-2.82,200911
Goiânia,205.95,4.04,48.14,97h26m,-1.66,-0.27,200911
Natal,189.73,3.71,44.35,89h46m,-10.84,-4.2,200911
Curitiba,222.67,2.81,52.05,105h21m,-2.93,-2.34,200911
Porto Alegre,254.62,2.55,59.52,120h28m,-0.09,6.54,200911
Belo Horizonte,225.33,2.18,52.67,106h36m,-2.14,-0.03,200911
São Paulo,234.99,2.16,54.93,111h11m,-1.88,-1.54,200911
Vitória,227.81,1.44,53.25,107h47m,0.12,0.73,200911
Salvador,200.45,1.43,46.86,94h50m,3.83,7.56,200911
Rio de Janeiro,226.97,0.99,53.06,107h23m,-5.34,0.76,200911
Manaus,218.99,0.84,51.19,103h36m,-3.03,-0.87,200911
Belém,203.56,0.37,47.58,96h18m,2.27,2.56,200911
Florianópolis,227.0,0.28,53.06,107h24m,-5.03,0.16,200911
João Pessoa,175.62,0.25,41.05,83h05m,-12.43,0.45,200911
Aracaju,167.87,-0.17,39.24,79h25m,-13.15,-6.42,200911
Recife,175.91,-0.31,41.12,83h14m,-4.19,0.39,200911
Brasília,216.22,-2.63,50.54,102h18m,-8.44,-4.16,200911
Belém,204.32,0.37,47.76,96h40m,2.65,,200912
Vitória,219.09,-3.83,51.21,103h39m,-3.71,,200912
Manaus,215.94,-1.39,50.48,102h10m,-4.38,,200912
São Paulo,228.19,-2.89,53.34,107h58m,-4.72,,200912
Salvador,183.15,-8.63,42.81,86h39m,-5.13,,200912
Brasília,222.22,2.77,51.94,105h08m,-5.9,,200912
Recife,171.31,-2.61,40.04,81h03m,-6.7,,200912
Porto Alegre,237.58,-6.69,55.54,112h24m,-6.78,,200912
Belo Horizonte,213.97,-5.04,50.02,101h14m,-7.07,,200912
Curitiba,211.85,-4.86,49.52,100h14m,-7.65,,200912
Goiânia,190.9,-7.31,44.62,90h19m,-8.85,,200912
Fortaleza,176.96,-2.85,41.37,83h43m,-10.32,,200912
Rio de Janeiro,213.36,-6.0,49.87,100h57m,-11.02,,200912
Florianópolis,210.9,-7.09,49.3,99h47m,-11.77,,200912
Aracaju,169.18,0.78,39.55,80h03m,-12.47,,200912
Natal,186.05,-1.94,43.49,88h01m,-12.57,,200912
João Pessoa,170.63,-2.84,39.89,80h44m,-14.92,,200912
Goiânia,199.71,4.61,42.56,86h09m,,-9.38,201001
Salvador,185.77,1.43,39.59,80h08m,,-7.9,201001
Florianópolis,213.23,1.1,45.45,91h59m,,-8.01,201001
João Pessoa,171.97,0.79,36.65,74h11m,,3.32,201001
Recife,172.29,0.57,36.72,74h19m,,-2.99,201001
Natal,186.72,0.36,39.8,80h33m,,-8.05,201001
Manaus,216.53,0.27,46.15,93h24m,,-5.15,201001
Rio de Janeiro,213.77,0.19,45.56,92h13m,,-4.88,201001
Belém,204.62,0.15,43.61,88h16m,,-2.89,201001
Curitiba,211.99,0.07,45.18,91h27m,,-6.98,201001
Aracaju,169.13,-0.03,36.05,72h57m,,-8.32,201001
Porto Alegre,236.55,-0.43,50.42,102h02m,,-4.33,201001
Fortaleza,175.86,-0.62,37.48,75h52m,,-6.06,201001
Vitória,217.2,-0.86,46.29,93h42m,,-8.91,201001
São Paulo,225.02,-1.39,47.96,97h04m,,-6.84,201001
Brasília,214.47,-3.49,45.71,92h31m,,-8.58,201001
Belo Horizonte,205.69,-3.87,43.84,88h44m,,-11.35,201001
Recife,184.08,6.84,39.23,79h24m,7.45,2.31,201002
Salvador,198.24,6.71,42.25,85h31m,8.24,0.59,201002
Belo Horizonte,216.51,5.26,46.14,93h24m,1.19,-0.35,201002
João Pessoa,179.28,4.25,38.21,77h20m,5.07,0.0,201002
Rio de Janeiro,221.8,3.76,47.27,95h41m,3.96,-0.77,201002
Vitória,224.74,3.47,47.9,96h57m,2.58,-3.33,201002
Manaus,223.9,3.4,47.72,96h35m,3.69,-0.93,201002
São Paulo,229.64,2.05,48.94,99h04m,0.64,-3.24,201002
Florianópolis,217.59,2.04,46.37,93h52m,3.17,-4.56,201002
Curitiba,215.61,1.71,45.95,93h00m,1.77,-5.59,201002
Brasília,216.89,1.13,46.23,93h34m,-2.4,-6.16,201002
Porto Alegre,238.46,0.81,50.82,102h52m,0.37,-3.48,201002
Fortaleza,176.89,0.59,37.7,76h18m,-0.04,-3.42,201002
Aracaju,169.57,0.26,36.14,73h09m,0.23,-5.96,201002
Belém,204.93,0.15,43.68,88h24m,0.3,1.64,201002
Goiânia,190.63,-4.55,40.63,82h14m,-0.14,-9.7,201002
São Paulo,253.74,10.49,54.08,109h27m,11.2,14.35,201003
Recife,202.01,9.74,43.05,87h08m,17.92,15.12,201003
João Pessoa,196.29,9.49,41.84,84h40m,15.04,12.35,201003
Brasília,236.41,9.0,50.39,101h59m,6.39,8.69,201003
Goiânia,206.91,8.54,44.1,89h15m,8.39,-1.1,201003
Rio de Janeiro,240.22,8.3,51.2,103h37m,12.59,9.88,201003
Porto Alegre,257.07,7.8,54.79,110h54m,8.2,7.68,201003
Curitiba,231.3,7.28,49.3,99h47m,9.18,9.85,201003
Aracaju,181.7,7.15,38.73,78h23m,7.4,8.56,201003
Florianópolis,229.8,5.61,48.98,99h08m,8.96,7.28,201003
Salvador,208.71,5.28,44.48,90h02m,13.96,7.91,201003
Belém,215.72,5.27,45.98,93h03m,5.58,6.24,201003
Belo Horizonte,224.37,3.63,47.82,96h47m,4.86,8.61,201003
Vitória,232.23,3.33,49.49,100h11m,6.0,6.57,201003
Manaus,231.31,3.31,49.3,99h47m,7.12,6.95,201003
Fortaleza,182.43,3.13,38.88,78h42m,3.09,1.8,201003
Natal,223.22,12.09,47.57,96h17m,19.98,16.4,201004
Belo Horizonte,239.06,6.55,50.95,103h07m,11.73,11.42,201004
Recife,214.48,6.17,45.71,92h31m,25.2,21.42,201004
Salvador,220.0,5.41,46.89,94h54m,20.12,15.08,201004
Rio de Janeiro,253.13,5.37,53.95,109h12m,18.64,13.72,201004
Belém,227.04,5.25,48.39,97h56m,11.12,13.23,201004
Vitória,244.07,5.1,52.02,105h17m,11.4,11.28,201004
Porto Alegre,268.72,4.53,57.27,115h55m,13.11,14.44,201004
Manaus,241.52,4.41,51.47,104h11m,11.85,14.63,201004
Florianópolis,239.67,4.3,51.08,103h23m,13.64,14.06,201004
João Pessoa,203.86,3.86,43.45,87h56m,19.47,10.78,201004
Curitiba,238.71,3.2,50.88,102h58m,12.68,13.82,201004
São Paulo,261.39,3.01,55.71,112h45m,14.55,15.85,201004
Fortaleza,187.21,2.62,39.9,80h45m,5.79,0.5,201004
Aracaju,184.97,1.8,39.42,79h47m,9.33,12.95,201004
Brasília,237.76,0.57,50.67,102h34m,6.99,7.5,201004
Goiânia,206.46,-0.22,44.0,89h04m,8.15,-2.54,201004
Manaus,249.39,3.26,53.15,107h35m,15.49,16.71,201005
Goiânia,212.07,2.72,45.2,91h29m,11.09,-0.28,201005
Aracaju,187.1,1.15,39.88,80h43m,10.59,10.84,201005
Recife,216.85,1.1,46.22,93h33m,26.58,13.07,201005
Belo Horizonte,240.47,0.59,51.25,103h44m,12.38,11.28,201005
Vitória,242.85,-0.5,51.76,104h46m,10.84,7.72,201005
Fortaleza,185.73,-0.79,39.58,80h07m,4.96,0.22,201005
Florianópolis,235.89,-1.58,50.27,101h45m,11.85,10.14,201005
Natal,219.57,-1.64,46.8,94h43m,18.02,9.15,201005
Salvador,216.18,-1.74,46.07,93h15m,18.03,8.84,201005
João Pessoa,200.09,-1.83,42.64,86h19m,17.27,5.87,201005
Brasília,233.25,-1.9,49.71,100h37m,4.96,5.38,201005
São Paulo,256.31,-1.94,54.63,110h34m,12.32,12.73,201005
Curitiba,233.49,-2.19,49.76,100h43m,10.21,10.49,201005
Belém,221.74,-2.33,47.26,95h39m,8.53,10.37,201005
Porto Alegre,256.86,-4.41,54.74,110h48m,8.12,5.52,201005
Rio de Janeiro,240.36,-5.04,51.23,103h41m,12.65,8.76,201005
Goiânia,223.13,5.22,47.56,96h15m,16.88,4.84,201006
Brasília,230.39,-1.23,49.1,99h23m,3.68,6.52,201006
Florianópolis,232.46,-1.45,49.54,100h17m,10.22,6.9,201006
Aracaju,184.17,-1.57,39.25,79h27m,8.86,4.43,201006
Fortaleza,181.92,-2.05,38.77,78h29m,2.8,-3.58,201006
Curitiba,227.14,-2.72,48.41,97h59m,7.22,6.38,201006
São Paulo,249.06,-2.83,53.08,107h26m,9.15,9.19,201006
Belém,215.22,-2.94,45.87,92h50m,5.33,6.76,201006
João Pessoa,193.94,-3.07,41.33,83h40m,13.66,3.55,201006
Porto Alegre,248.15,-3.39,52.89,107h03m,4.45,1.84,201006
Natal,211.72,-3.58,45.12,91h20m,13.8,5.38,201006
Belo Horizonte,231.54,-3.71,49.35,99h53m,8.21,6.12,201006
Recife,208.79,-3.72,44.5,90h04m,21.88,9.35,201006
Salvador,207.85,-3.85,44.3,89h40m,13.49,4.44,201006
Vitória,231.12,-4.83,49.26,99h42m,5.49,1.68,201006
Rio de Janeiro,228.16,-5.08,48.63,98h25m,6.94,3.61,201006
Manaus,236.57,-5.14,50.42,102h03m,9.55,10.64,201006
Belém,215.32,0.05,45.89,92h53m,5.38,6.75,201007
Fortaleza,181.73,-0.1,38.73,78h24m,2.7,-0.21,201007
Natal,208.92,-1.32,44.53,90h07m,12.29,4.17,201007
João Pessoa,191.17,-1.43,40.74,82h28m,12.04,4.08,201007
Manaus,233.0,-1.51,49.66,100h31m,7.9,8.16,201007
Aracaju,181.04,-1.7,38.58,78h06m,7.01,4.36,201007
Salvador,202.82,-2.42,43.23,87h29m,10.74,3.64,201007
Goiânia,215.02,-3.63,45.83,92h45m,12.63,9.96,201007
Recife,200.83,-3.81,42.8,86h38m,17.23,5.54,201007
Vitória,222.27,-3.83,47.37,95h53m,1.45,,201007
São Paulo,239.38,-3.89,51.02,103h16m,4.9,5.37,201007
Brasília,221.17,-4.0,47.14,95h24m,-0.47,1.56,201007
Porto Alegre,237.67,-4.22,50.65,102h31m,0.04,0.09,201007
Florianópolis,221.42,-4.75,47.19,95h31m,4.99,2.86,201007
Curitiba,216.11,-4.86,46.06,93h13m,2.01,4.55,201007
Belo Horizonte,217.97,-5.86,46.46,94h02m,1.87,1.59,201007
Rio de Janeiro,213.1,-6.6,45.42,91h56m,-0.12,0.58,201007
Porto Alegre,240.91,1.36,51.34,103h55m,1.4,0.94,201008
Florianópolis,221.24,-0.08,47.15,95h26m,4.9,2.18,201008
Goiânia,213.97,-0.49,45.6,92h18m,12.08,8.79,201008
Rio de Janeiro,211.88,-0.57,45.16,91h24m,-0.69,-0.87,201008
Curitiba,214.57,-0.71,45.73,92h34m,1.28,1.47,201008
Fortaleza,179.5,-1.23,38.26,77h26m,1.44,1.66,201008
São Paulo,235.65,-1.56,50.22,101h39m,3.27,4.41,201008
Belo Horizonte,213.81,-1.91,45.57,92h14m,-0.07,0.14,201008
Vitória,217.96,-1.94,46.45,94h01m,-0.52,,201008
Manaus,226.26,-2.89,48.22,97h36m,4.78,3.84,201008
Brasília,213.98,-3.25,45.61,92h18m,-3.71,-1.51,201008
Aracaju,174.96,-3.36,37.29,75h28m,3.42,4.11,201008
Belém,207.97,-3.41,44.32,89h43m,1.79,2.6,201008
João Pessoa,183.31,-4.11,39.07,79h04m,7.43,2.91,201008
Salvador,192.69,-4.99,41.07,83h07m,5.21,0.82,201008
Recife,188.22,-6.28,40.12,81h12m,9.87,1.03,201008
Natal,195.58,-6.39,41.68,84h22m,5.12,0.76,201008
Salvador,199.77,3.67,42.58,86h11m,9.07,2.09,201009
Rio de Janeiro,219.54,3.62,46.79,94h42m,2.9,-0.05,201009
Vitória,225.35,3.39,48.03,97h13m,2.86,,201009
Fortaleza,185.12,3.13,39.45,79h51m,4.61,7.33,201009
São Paulo,241.08,2.3,51.38,104h00m,5.65,4.87,201009
Curitiba,219.28,2.2,46.73,94h35m,3.51,2.34,201009
Recife,192.2,2.11,40.96,82h55m,12.19,7.72,201009
Belo Horizonte,217.66,1.8,46.39,93h54m,1.72,1.04,201009
Goiânia,217.66,1.72,46.39,93h54m,14.02,20.06,201009
Belém,211.31,1.61,45.04,91h09m,3.42,4.52,201009
Porto Alegre,243.73,1.17,51.95,105h08m,2.59,-0.87,201009
Florianópolis,223.73,1.13,47.68,96h31m,6.08,-0.24,201009
Manaus,228.76,1.1,48.76,98h41m,5.94,4.28,201009
Brasília,215.99,0.94,46.03,93h10m,-2.8,-1.03,201009
Aracaju,173.56,-0.8,36.99,74h52m,2.59,5.51,201009
João Pessoa,181.23,-1.13,38.63,78h11m,6.21,4.17,201009
Natal,193.08,-1.28,41.15,83h17m,3.78,6.06,201009
Goiânia,229.93,5.64,49.0,99h11m,20.45,16.15,201010
Curitiba,231.96,5.78,49.44,100h04m,9.49,7.1,201010
Belo Horizonte,229.64,5.5,48.94,99h04m,7.32,4.14,201010
São Paulo,253.79,5.27,54.09,109h29m,11.22,10.33,201010
Rio de Janeiro,230.13,4.82,49.05,99h16m,7.86,2.39,201010
Fortaleza,193.38,4.46,41.21,83h25m,9.28,13.56,201010
Natal,200.97,4.09,42.83,86h42m,8.02,9.85,201010
Belém,219.57,3.91,46.8,94h43m,7.46,8.27,201010
Brasília,224.24,3.82,47.79,96h44m,0.91,0.98,201010
Florianópolis,230.85,3.18,49.2,99h35m,9.46,1.98,201010
João Pessoa,186.34,2.82,39.71,80h23m,9.21,6.36,201010
Salvador,205.18,2.71,43.73,88h31m,12.03,3.82,201010
Vitória,231.26,2.62,49.29,99h46m,5.55,2.98,201010
Recife,195.64,1.79,41.7,84h24m,14.2,10.88,201010
Porto Alegre,247.21,1.43,52.69,106h38m,4.05,-0.43,201010
Manaus,229.28,0.23,48.87,98h54m,6.18,5.58,201010
Aracaju,172.4,-0.67,36.74,74h22m,1.9,2.53,201010
Manaus,250.56,9.28,53.4,108h05m,16.03,14.42,201011
Fortaleza,208.91,8.03,44.52,90h07m,18.05,14.68,201011
Vitória,246.75,6.7,52.59,106h26m,12.62,8.31,201011
Brasília,236.73,5.57,50.45,102h07m,6.53,9.49,201011
Recife,206.32,5.46,43.97,89h00m,20.44,17.29,201011
Rio de Janeiro,242.35,5.31,51.65,104h33m,13.59,6.78,201011
Aracaju,179.78,4.28,38.32,77h33m,6.27,7.09,201011
São Paulo,264.61,4.26,56.4,114h09m,15.96,12.6,201011
João Pessoa,193.49,3.84,41.24,83h28m,13.4,10.18,201011
Florianópolis,238.98,3.52,50.93,103h05m,13.31,5.28,201011
Curitiba,239.06,3.06,50.95,103h07m,12.84,7.36,201011
Goiânia,236.31,2.77,50.36,101h56m,23.79,14.74,201011
Belo Horizonte,235.83,2.7,50.26,101h44m,10.22,4.66,201011
Salvador,210.64,2.66,44.89,90h52m,15.01,5.08,201011
Natal,205.84,2.42,43.87,88h48m,10.64,8.49,201011
Belém,224.0,2.02,47.74,96h38m,9.63,10.04,201011
Porto Alegre,249.78,1.04,53.24,107h45m,5.14,-1.9,201011
Goiânia,234.61,-0.72,50.0,101h12m,22.9,,201012
Recife,205.5,-0.4,43.8,88h39m,19.96,,201012
Natal,219.8,6.78,46.85,94h49m,18.14,,201012
Manaus,252.06,0.6,53.72,108h44m,16.73,,201012
Fortaleza,205.65,-1.56,43.83,88h43m,16.21,,201012
São Paulo,265.15,0.2,56.51,114h23m,16.2,,201012
Curitiba,243.97,2.05,52.0,105h15m,15.16,,201012
João Pessoa,194.24,0.39,41.4,83h47m,13.84,,201012
Rio de Janeiro,242.67,0.13,51.72,104h41m,13.74,,201012
Florianópolis,238.14,-0.35,50.75,102h44m,12.92,,201012
Belém,226.09,0.93,48.19,97h32m,10.65,,201012
Vitória,242.0,-1.92,51.58,104h24m,10.46,,201012
Belo Horizonte,236.24,0.17,50.35,101h54m,10.41,,201012
Salvador,201.7,-4.24,42.99,87h00m,10.13,,201012
Porto Alegre,252.15,0.95,53.74,108h46m,6.13,,201012
Brasília,233.67,-1.29,49.8,100h48m,5.15,,201012
Aracaju,175.88,-2.17,37.48,75h52m,3.96,,201012
Brasília,255.65,9.41,51.46,104h09m,9.41,19.2,201101
Fortaleza,216.45,5.25,43.57,88h11m,5.25,23.08,201101
Rio de Janeiro,252.24,3.94,50.77,102h46m,3.94,18.0,201101
Aracaju,182.76,3.91,36.79,74h27m,3.91,8.06,201101
Salvador,209.49,3.86,42.17,85h21m,3.86,12.77,201101
Florianópolis,246.58,3.54,49.63,100h28m,3.54,15.64,201101
Vitória,250.26,3.41,50.37,101h57m,3.41,15.22,201101
Belo Horizonte,244.12,3.34,49.14,99h27m,3.34,18.68,201101
João Pessoa,200.21,3.07,40.3,81h34m,3.07,16.42,201101
Goiânia,241.59,2.98,48.63,98h26m,2.98,20.97,201101
Natal,224.58,2.17,45.21,91h30m,2.17,20.28,201101
Manaus,255.8,1.48,51.49,104h13m,1.48,18.14,201101
Belém,228.55,1.09,46.0,93h07m,1.09,11.69,201101
Porto Alegre,254.7,1.01,51.27,103h46m,1.01,7.67,201101
Recife,204.85,-0.32,41.23,83h27m,-0.32,18.9,201101
São Paulo,261.25,-1.47,52.59,106h26m,-1.47,16.1,201101
Curitiba,237.17,-2.79,47.74,96h37m,-2.79,11.88,201101
Aracaju,190.66,4.32,38.38,77h41m,8.4,12.44,201102
Curitiba,245.15,3.36,49.35,99h53m,0.48,13.7,201102
Recife,211.4,3.2,42.55,86h08m,2.87,14.84,201102
João Pessoa,203.26,1.52,40.91,82h49m,4.64,13.38,201102
Belo Horizonte,246.63,1.03,49.64,100h29m,4.4,13.91,201102
Porto Alegre,256.51,0.71,51.63,104h30m,1.73,7.57,201102
Salvador,210.44,0.45,42.36,85h44m,4.33,6.15,201102
Belém,228.94,0.17,46.08,93h16m,1.26,11.72,201102
Goiânia,241.53,-0.02,48.62,98h24m,2.95,26.7,201102
São Paulo,261.18,-0.03,52.57,106h24m,-1.5,13.73,201102
Manaus,252.75,-1.19,50.88,102h58m,0.27,12.89,201102
Fortaleza,213.75,-1.25,43.03,87h05m,3.94,20.84,201102
Rio de Janeiro,249.02,-1.28,50.12,100h31m,2.62,12.27,201102
Natal,221.15,-1.53,44.51,90h06m,0.61,14.29,201102
Vitória,246.31,-1.58,49.58,100h21m,1.78,9.6,201102
Brasília,250.48,-2.02,50.42,102h03m,7.19,15.49,201102
Florianópolis,241.47,-2.07,48.6,98h23m,1.4,10.97,201102
Natal,234.85,6.19,46.84,94h48m,6.85,17.93,201103
Salvador,220.75,4.9,44.03,89h07m,9.44,5.77,201103
Vitória,258.32,4.88,51.52,104h17m,6.74,11.23,201103
Rio de Janeiro,259.8,4.33,51.81,104h52m,7.06,8.15,201103
Florianópolis,250.28,3.65,49.92,101h02m,5.1,8.91,201103
São Paulo,267.58,2.45,53.37,108h01m,0.92,5.45,201103
Fortaleza,218.89,2.4,43.66,88h22m,6.44,19.99,201103
Porto Alegre,261.13,1.8,52.08,105h25m,3.56,1.58,201103
Belém,232.76,1.67,46.42,93h57m,2.95,7.9,201103
Curitiba,248.42,1.33,49.55,100h17m,1.82,7.4,201103
Aracaju,192.35,0.89,38.36,77h39m,9.36,5.86,201103
Belo Horizonte,248.77,0.87,49.62,100h25m,5.3,10.87,201103
Goiânia,242.55,0.42,48.37,97h55m,3.38,17.22,201103
João Pessoa,203.94,0.33,40.67,82h19m,4.99,3.9,201103
Brasília,250.35,-0.05,49.93,101h04m,7.14,5.9,201103
Manaus,251.38,-0.54,50.14,101h28m,-0.27,8.68,201103
Recife,209.77,-0.77,41.84,84h41m,2.08,3.84,201103
Porto Alegre,264.63,1.34,52.78,106h49m,4.95,-1.52,201104
Florianópolis,252.55,0.91,50.37,101h57m,6.05,5.37,201104
São Paulo,268.52,0.35,53.55,108h24m,1.27,2.73,201104
Belém,231.4,-0.58,46.15,93h25m,2.35,1.92,201104
Belo Horizonte,247.03,-0.7,49.27,99h43m,4.57,3.33,201104
Curitiba,246.53,-0.76,49.17,99h31m,1.05,3.28,201104
Brasília,248.32,-0.81,49.53,100h14m,6.27,4.44,201104
Vitória,256.12,-0.85,51.08,103h23m,5.83,4.94,201104
Manaus,247.92,-1.38,49.45,100h05m,-1.64,2.65,201104
Rio de Janeiro,255.16,-1.79,50.89,103h00m,5.15,0.8,201104
Goiânia,237.16,-2.22,47.3,95h44m,1.09,14.87,201104
Natal,229.39,-2.32,45.75,92h36m,4.36,2.76,201104
João Pessoa,198.79,-2.53,39.65,80h15m,2.34,-2.49,201104
Fortaleza,212.62,-2.86,42.41,85h50m,3.39,13.57,201104
Aracaju,185.88,-3.36,37.07,75h02m,5.69,0.49,201104
Recife,202.03,-3.69,40.29,81h33m,-1.69,-5.8,201104
Salvador,203.38,-7.87,40.56,82h06m,0.83,-7.55,201104
Recife,207.66,2.79,41.42,83h50m,1.05,-4.24,201105
Fortaleza,218.01,2.54,43.48,88h00m,6.01,17.38,201105
Rio de Janeiro,260.0,1.9,51.85,104h57m,7.14,8.17,201105
Vitória,260.59,1.75,51.97,105h12m,7.68,7.3,201105
São Paulo,272.98,1.66,54.44,110h12m,2.95,6.5,201105
Goiânia,240.35,1.34,47.94,97h01m,2.45,13.34,201105
Florianópolis,255.12,1.02,50.88,102h59m,7.13,8.15,201105
João Pessoa,200.18,0.7,39.92,80h48m,3.06,0.04,201105
Aracaju,186.67,0.42,37.23,75h21m,6.13,-0.23,201105
Porto Alegre,265.7,0.4,52.99,107h15m,5.37,3.44,201105
Brasília,248.93,0.25,49.65,100h29m,6.53,6.72,201105
Belo Horizonte,247.23,0.08,49.31,99h48m,4.65,2.81,201105
Curitiba,245.98,-0.22,49.06,99h18m,0.82,5.35,201105
Salvador,202.4,-0.48,40.37,81h42m,0.35,-6.37,201105
Belém,229.62,-0.77,45.8,92h41m,1.56,3.55,201105
Manaus,245.54,-0.96,48.97,99h07m,-2.59,-1.54,201105
Natal,225.28,-1.79,44.93,90h56m,2.49,2.6,201105
Florianópolis,266.44,4.44,53.14,107h33m,11.88,14.62,201106
Fortaleza,225.94,3.64,45.06,91h12m,9.87,24.2,201106
João Pessoa,206.22,3.02,41.13,83h15m,6.17,6.33,201106
Recife,213.64,2.88,42.61,86h14m,3.96,2.32,201106
Natal,230.97,2.53,46.06,93h14m,5.08,9.09,201106
Porto Alegre,272.24,2.46,54.3,109h54m,7.97,9.71,201106
Manaus,250.3,1.94,49.92,101h02m,-0.7,5.8,201106
Belém,232.63,1.31,46.4,93h54m,2.89,8.09,201106
Salvador,204.69,1.13,40.82,82h38m,1.48,-1.52,201106
Curitiba,247.03,0.43,49.27,99h43m,1.25,8.76,201106
Belo Horizonte,248.06,0.34,49.47,100h08m,5.0,7.13,201106
São Paulo,273.48,0.18,54.54,110h24m,3.14,9.8,201106
Brasília,246.1,-1.14,49.08,99h21m,5.32,6.82,201106
Rio de Janeiro,256.91,-1.19,51.24,103h42m,5.87,12.6,201106
Vitória,256.14,-1.71,51.08,103h24m,5.84,10.83,201106
Aracaju,183.24,-1.84,36.55,73h58m,4.18,-0.5,201106
Goiânia,232.58,-3.23,46.39,93h53m,-0.87,4.24,201106
Salvador,206.58,0.92,41.2,83h23m,2.42,1.85,201107
Aracaju,184.01,0.42,36.7,74h17m,4.62,1.64,201107
Belém,233.14,0.22,46.5,94h07m,3.12,8.28,201107
Manaus,249.49,-0.32,49.76,100h43m,-1.02,7.08,201107
Recife,212.55,-0.51,42.39,85h48m,3.43,5.84,201107
João Pessoa,204.4,-0.88,40.77,82h31m,5.23,6.92,201107
Belo Horizonte,245.09,-1.2,48.88,98h56m,3.75,12.44,201107
Goiânia,229.38,-1.38,45.75,92h36m,-2.23,6.68,201107
Brasília,241.89,-1.71,48.24,97h39m,3.52,9.37,201107
Vitória,250.76,-2.1,50.01,101h13m,3.62,12.82,201107
Natal,223.31,-3.32,44.54,90h09m,1.6,6.89,201107
Curitiba,238.77,-3.34,47.62,96h23m,-2.13,10.49,201107
São Paulo,263.38,-3.69,52.53,106h19m,-0.67,10.03,201107
Florianópolis,254.84,-4.35,50.83,102h52m,7.01,15.09,201107
Porto Alegre,259.6,-4.64,51.78,104h48m,2.95,9.23,201107
Fortaleza,214.71,-4.97,42.82,86h40m,4.41,18.15,201107
Rio de Janeiro,241.47,-6.01,48.16,97h28m,-0.49,13.31,201107
Rio de Janeiro,253.1,4.82,50.48,102h10m,4.3,19.45,201108
Porto Alegre,271.25,4.49,54.1,109h30m,7.57,12.59,201108
Curitiba,244.0,2.19,48.66,98h30m,0.01,13.72,201108
Aracaju,187.73,2.02,37.44,75h47m,6.74,7.3,201108
Florianópolis,260.0,2.02,51.85,104h57m,9.18,17.52,201108
Belo Horizonte,249.48,1.79,49.76,100h42m,5.6,16.68,201108
Salvador,209.35,1.34,41.75,84h30m,3.79,8.65,201108
São Paulo,266.75,1.28,53.2,107h41m,0.6,13.2,201108
Belém,235.66,1.08,47.0,95h08m,4.23,13.31,201108
Brasília,244.24,0.97,48.71,98h36m,4.52,14.14,201108
Vitória,249.58,-0.47,49.78,100h45m,3.13,14.51,201108
Manaus,248.1,-0.56,49.48,100h09m,-1.57,9.65,201108
Recife,211.09,-0.69,42.1,85h13m,2.72,12.15,201108
João Pessoa,202.47,-0.94,40.38,81h44m,4.24,10.45,201108
Goiânia,227.21,-0.95,45.32,91h43m,-3.15,6.19,201108
Natal,219.52,-1.7,43.78,88h37m,-0.13,12.24,201108
Fortaleza,205.84,-4.13,41.05,83h05m,0.09,14.67,201108
Goiânia,231.46,1.87,46.16,93h26m,-1.34,6.34,201109
Belo Horizonte,250.96,0.59,50.05,101h18m,6.23,15.3,201109
Manaus,249.38,0.52,49.74,100h40m,-1.06,9.01,201109
Porto Alegre,272.09,0.31,54.27,109h50m,7.91,11.64,201109
São Paulo,267.19,0.16,53.29,107h51m,0.77,10.83,201109
Florianópolis,260.33,0.13,51.92,105h05m,9.32,16.36,201109
Belém,235.75,0.04,47.02,95h10m,4.27,11.57,201109
Vitória,249.6,0.0,49.78,100h45m,3.14,10.76,201109
Salvador,208.07,-0.61,41.5,83h59m,3.16,4.15,201109
Curitiba,242.07,-0.79,48.28,97h43m,-0.78,10.39,201109
Rio de Janeiro,250.81,-0.9,50.02,101h15m,3.35,14.24,201109
Brasília,241.9,-0.96,48.24,97h39m,3.52,12.0,201109
Recife,208.51,-1.22,41.59,84h10m,1.46,8.49,201109
Fortaleza,203.2,-1.42,40.53,82h02m,-1.19,9.77,201109
Aracaju,183.61,-2.19,36.62,74h07m,4.4,5.79,201109
João Pessoa,196.69,-2.85,39.23,79h24m,1.26,8.53,201109
Natal,205.97,-6.17,41.08,83h09m,-6.29,6.68,201109
Porto Alegre,277.34,1.93,55.31,111h57m,9.99,12.19,201110
Curitiba,245.97,1.61,49.06,99h17m,0.82,6.04,201110
Vitória,251.98,0.95,50.26,101h43m,4.12,8.96,201110
Belém,237.85,0.89,47.44,96h01m,5.2,8.33,201110
Manaus,251.58,0.88,50.18,101h33m,-0.19,9.73,201110
Goiânia,233.48,0.87,46.57,94h15m,-0.48,1.54,201110
Brasília,243.11,0.5,48.49,98h08m,4.04,8.42,201110
Belo Horizonte,252.2,0.49,50.3,101h48m,6.76,9.82,201110
Rio de janeiro,251.97,0.46,50.25,101h43m,3.83,9.49,201110
Florianópolis,260.99,0.25,52.05,105h21m,9.6,13.06,201110
São Paulo,266.97,-0.08,53.24,107h46m,0.69,5.19,201110
Aracaju,182.68,-0.51,36.43,73h45m,3.87,5.96,201110
João Pessoa,195.14,-0.79,38.92,78h46m,0.46,4.72,201110
Recife,206.17,-1.12,41.12,83h13m,0.33,5.38,201110
Salvador,205.12,-1.42,40.91,82h48m,1.7,-0.03,201110
Fortaleza,198.68,-2.22,39.62,80h12m,-3.39,2.74,201110
Natal,200.55,-2.63,40.0,80h57m,-8.76,-0.21,201110
Vitória,263.91,4.73,52.63,106h32m,9.05,6.95,201111
Fortaleza,206.44,3.91,41.17,83h20m,0.38,-1.18,201111
Rio de Janeiro,261.69,3.86,52.19,105h38m,7.84,7.98,201111
São Paulo,276.31,3.5,55.11,111h32m,4.21,4.42,201111
Curitiba,253.19,2.94,50.5,102h12m,3.78,5.91,201111
Florianópolis,268.57,2.9,53.56,108h25m,12.78,12.38,201111
Natal,206.0,2.72,41.08,83h09m,-6.28,0.08,201111
Manaus,258.32,2.68,51.52,104h17m,2.48,3.1,201111
Brasília,249.13,2.48,49.69,100h34m,6.62,5.24,201111
Recife,210.52,2.11,41.99,84h59m,2.44,2.04,201111
Belém,242.82,2.09,48.43,98h01m,7.4,8.4,201111
Belo Horizonte,256.7,1.78,51.2,103h37m,8.66,8.85,201111
João Pessoa,198.26,1.6,39.54,80h02m,2.07,2.47,201111
Porto Alegre,279.64,0.83,55.77,112h53m,10.9,11.95,201111
Goiânia,233.67,0.08,46.6,94h20m,-0.4,-1.12,201111
Salvador,205.11,0.0,40.91,82h48m,1.69,-2.63,201111
Aracaju,181.79,-0.49,36.26,73h23m,3.36,1.12,201111
Vitória,275.39,4.35,54.92,111h10m,13.8,,201112
Belo Horizonte,264.01,2.85,52.65,106h34m,11.76,,201112
Florianópolis,262.44,-2.28,52.34,105h56m,10.2,,201112
Porto Alegre,276.86,-0.99,55.22,111h46m,9.8,,201112
Rio de Janeiro,262.9,0.46,52.43,106h07m,8.34,,201112
Belém,243.75,0.38,48.61,98h24m,7.81,,201112
Brasília,247.88,-0.5,49.44,100h04m,6.08,,201112
Goiânia,246.7,5.58,49.2,99h35m,5.15,,201112
João Pessoa,204.21,3.0,40.73,82h26m,5.13,,201112
Recife,215.99,2.6,43.08,87h11m,5.1,,201112
Fortaleza,215.21,4.25,42.92,86h52m,4.65,,201112
São Paulo,277.27,0.35,55.3,111h56m,4.57,,201112
Aracaju,182.22,0.24,36.34,73h33m,3.6,,201112
Salvador,208.82,1.81,41.65,84h18m,3.53,,201112
Curitiba,248.63,-1.8,49.59,100h22m,1.91,,201112
Manaus,255.79,-0.98,51.02,103h15m,1.48,,201112
Natal,212.36,3.09,42.35,85h43m,-3.38,,201112
Brasília,259.59,4.72,45.36,91h49m,,1.54,201201
João Pessoa,212.18,3.9,37.08,75h03m,,5.98,201201
Florianópolis,271.64,3.51,47.47,96h05m,,10.16,201201
Rio de Janeiro,271.71,3.35,47.48,96h06m,,7.72,201201
Recife,223.16,3.32,39.0,78h56m,,8.94,201201
Curitiba,256.52,3.17,44.83,90h44m,,8.16,201201
Aracaju,187.88,3.11,32.83,66h27m,,2.8,201201
São Paulo,285.54,2.98,49.9,101h00m,,9.3,201201
Salvador,214.21,2.58,37.43,75h46m,,2.25,201201
Belém,248.77,2.06,43.47,87h59m,,8.85,201201
Goiânia,250.82,1.67,43.83,88h43m,,3.82,201201
Belo Horizonte,268.07,1.54,46.85,94h49m,,9.81,201201
Fortaleza,218.06,1.32,38.11,77h08m,,0.74,201201
Manaus,258.52,1.07,45.18,91h26m,,1.06,201201
Natal,213.63,0.6,37.33,75h34m,,-4.88,201201
Porto Alegre,274.63,-0.81,47.99,97h08m,,7.82,201201
Vitória,271.16,-1.54,47.39,95h55m,,8.35,201201
Natal,218.21,2.14,38.13,77h11m,2.75,-1.33,201202
Aracaju,188.59,0.38,32.96,66h42m,3.5,-1.09,201202
João Pessoa,212.64,0.22,37.16,75h13m,4.13,4.61,201202
Goiânia,251.04,0.09,43.87,88h48m,1.76,3.94,201202
Belém,248.84,0.03,43.49,88h01m,2.09,8.69,201202
Belo Horizonte,264.28,-1.41,46.18,93h29m,0.1,7.16,201202
Brasília,255.91,-1.42,44.72,90h31m,3.24,2.17,201202
Vitória,267.19,-1.46,46.69,94h30m,-2.98,8.48,201202
Recife,219.42,-1.68,38.34,77h37m,1.59,3.79,201202
Fortaleza,214.23,-1.76,37.44,75h46m,-0.46,0.22,201202
Porto Alegre,269.61,-1.83,47.11,95h22m,-2.62,5.11,201202
Manaus,252.93,-2.16,44.2,89h28m,-1.12,0.07,201202
Rio de Janeiro,263.46,-3.04,46.04,93h11m,0.21,5.8,201202
São Paulo,276.54,-3.15,48.33,97h49m,-0.26,5.88,201202
Curitiba,246.15,-4.04,43.02,87h04m,-1.0,0.41,201202
Salvador,204.53,-4.52,35.74,72h21m,-2.05,-2.81,201202
Florianópolis,255.88,-5.8,44.72,90h30m,-2.5,5.97,201202
Salvador,211.9,3.6,37.03,74h57m,1.47,-4.01,201203
Aracaju,192.41,2.03,33.62,68h03m,5.59,0.03,201203
Manaus,257.41,1.77,44.98,91h03m,0.63,2.4,201203
Recife,223.1,1.68,38.99,78h55m,3.29,6.35,201203
João Pessoa,214.54,0.89,37.49,75h53m,5.06,5.2,201203
Natal,219.0,0.36,38.27,77h28m,3.13,-6.75,201203
Curitiba,246.11,-0.02,43.01,87h03m,-1.01,-0.93,201203
Florianópolis,255.52,-0.14,44.65,90h23m,-2.64,2.09,201203
Brasília,253.7,-0.86,44.33,89h44m,2.35,1.34,201203
São Paulo,273.25,-1.19,47.75,96h39m,-1.45,2.12,201203
Belo Horizonte,260.93,-1.27,45.6,92h17m,-1.17,4.89,201203
Fortaleza,211.39,-1.33,36.94,74h46m,-1.78,-3.43,201203
Belém,245.07,-1.52,42.83,86h41m,0.54,5.29,201203
Porto Alegre,264.19,-2.01,46.17,93h27m,-4.58,1.17,201203
Rio de Janeiro,256.74,-2.55,44.87,90h49m,-2.34,-1.18,201203
Vitória,260.23,-2.6,45.48,92h03m,-5.5,0.74,201203
Goiânia,234.14,-6.73,40.92,82h49m,-5.09,-3.47,201203
Manaus,267.19,3.8,46.69,94h30m,4.46,7.77,201204
Fortaleza,218.87,3.54,38.25,77h25m,1.7,2.94,201204
Natal,225.41,2.93,39.39,79h44m,6.15,-1.74,201204
Salvador,217.92,2.84,38.08,77h05m,4.36,7.15,201204
Porto Alegre,268.1,1.48,46.85,94h50m,-3.16,1.31,201204
São Paulo,277.27,1.47,48.45,98h04m,0.0,3.26,201204
Belém,248.41,1.36,43.41,87h52m,1.91,7.35,201204
Curitiba,249.36,1.32,43.58,88h12m,0.29,1.15,201204
João Pessoa,216.95,1.12,37.91,76h44m,6.24,9.14,201204
Florianópolis,257.9,0.93,45.07,91h13m,-1.73,2.12,201204
Vitória,262.14,0.73,45.81,92h43m,-4.81,2.35,201204
Brasília,255.5,0.71,44.65,90h22m,3.07,2.89,201204
Goiânia,235.36,0.52,41.13,83h15m,-4.6,-0.76,201204
Recife,223.97,0.39,39.14,79h13m,3.69,10.86,201204
Aracaju,192.52,0.06,33.64,68h06m,5.65,3.57,201204
Belo Horizonte,258.78,-0.82,45.22,91h32m,-1.98,4.76,201204
Rio de Janeiro,252.04,-1.83,44.04,89h09m,-4.13,-1.22,201204
Recife,239.92,7.12,41.93,84h52m,11.08,15.54,201205
Fortaleza,234.0,6.91,40.89,82h46m,8.73,7.33,201205
Salvador,228.25,4.74,39.89,80h44m,9.3,12.87,201205
Goiânia,246.39,4.69,43.06,87h09m,-0.13,2.51,201205
João Pessoa,225.94,4.14,39.48,79h55m,10.64,12.7,201205
Aracaju,199.26,3.5,34.82,70h29m,9.35,6.74,201205
Vitória,271.16,3.44,47.39,95h55m,-1.54,4.06,201205
Rio de Janeiro,260.49,3.35,45.52,92h08m,-0.92,0.19,201205
Natal,232.82,3.29,40.69,82h21m,9.63,3.35,201205
Curitiba,255.32,2.39,44.62,90h18m,2.69,3.8,201205
Belo Horizonte,264.95,2.38,46.3,93h43m,0.36,7.17,201205
São Paulo,283.69,2.32,49.58,100h20m,2.32,3.92,201205
Manaus,272.86,2.12,47.68,96h31m,6.67,11.13,201205
Porto Alegre,272.45,1.62,47.61,96h22m,-1.59,2.54,201205
Belém,250.61,0.89,43.79,88h38m,2.81,9.14,201205
Brasília,253.21,-0.9,44.25,89h34m,2.15,1.72,201205
Florianópolis,255.29,-1.01,44.61,90h18m,-2.72,0.07,201205
Rio de Janeiro,270.36,3.79,47.25,95h38m,2.84,5.24,201206
Porto Alegre,280.26,2.87,48.98,99h08m,1.23,2.95,201206
Curitiba,262.01,2.62,45.79,92h40m,5.38,6.06,201206
Brasília,259.7,2.56,45.38,91h51m,4.77,5.53,201206
Vitória,277.7,2.41,48.53,98h13m,0.84,8.42,201206
Florianópolis,260.12,1.89,45.46,92h00m,-0.88,-2.37,201206
João Pessoa,229.56,1.6,40.12,81h12m,12.41,11.32,201206
São Paulo,287.63,1.39,50.26,101h44m,3.74,5.17,201206
Belém,252.97,0.94,44.21,89h28m,3.78,8.74,201206
Fortaleza,235.7,0.73,41.19,83h22m,9.52,4.32,201206
Natal,234.32,0.64,40.95,82h53m,10.34,1.45,201206
Belo Horizonte,265.9,0.36,46.47,94h03m,0.72,7.19,201206
Manaus,273.73,0.32,47.83,96h49m,7.01,9.36,201206
Aracaju,199.7,0.22,34.9,70h38m,9.59,8.98,201206
Goiânia,244.03,-0.96,42.64,86h19m,-1.08,4.92,201206
Recife,231.46,-3.53,40.45,81h52m,7.16,8.34,201206
Salvador,213.2,-6.59,37.26,75h25m,2.1,4.16,201206
Belo Horizonte,288.26,8.41,50.37,101h57m,9.19,17.61,201207
Rio de Janeiro,290.64,7.5,50.79,102h48m,10.55,20.36,201207
Porto Alegre,299.96,7.03,52.42,106h06m,8.34,15.55,201207
Brasília,275.58,6.11,48.16,97h28m,11.17,13.93,201207
Goiânia,258.66,6.0,45.2,91h29m,4.85,12.76,201207
Vitória,290.8,4.72,50.82,102h51m,5.6,15.97,201207
Natal,245.17,4.63,42.84,86h43m,15.45,9.79,201207
Aracaju,208.14,4.23,36.37,73h37m,14.22,13.11,201207
São Paulo,299.39,4.09,52.32,105h54m,7.98,13.67,201207
Belém,259.89,2.74,45.42,91h55m,6.62,11.47,201207
Recife,237.66,2.68,41.53,84h04m,10.03,11.81,201207
Salvador,218.78,2.62,38.23,77h23m,4.77,5.91,201207
Florianópolis,266.38,2.41,46.55,94h13m,1.5,4.53,201207
Curitiba,268.0,2.29,46.83,94h47m,7.79,12.24,201207
Fortaleza,240.8,2.16,42.08,85h10m,11.89,12.15,201207
Manaus,279.06,1.95,48.77,98h42m,9.1,11.85,201207
João Pessoa,233.25,1.61,40.76,82h30m,14.22,14.11,201207
Florianópolis,295.48,10.92,51.64,104h31m,12.59,13.65,201208
Curitiba,280.57,4.69,49.03,99h14m,12.85,14.99,201208
Rio de Janeiro,302.52,4.09,52.87,107h00m,15.07,19.53,201208
Brasília,284.5,3.24,49.72,100h38m,14.77,16.48,201208
Salvador,225.23,2.95,39.36,79h40m,7.86,7.59,201208
Porto Alegre,308.27,2.77,53.87,109h02m,11.34,13.65,201208
Vitória,298.6,2.68,52.18,105h37m,8.43,19.64,201208
Aracaju,212.99,2.33,37.22,75h20m,16.89,13.46,201208
São Paulo,306.02,2.21,53.48,108h14m,10.37,14.72,201208
Fortaleza,245.75,2.06,42.95,86h55m,14.19,19.22,201208
Goiânia,263.9,2.03,46.12,93h20m,6.97,16.15,201208
Recife,240.79,1.32,42.08,85h10m,11.48,14.07,201208
Belém,262.33,0.94,45.84,92h47m,7.62,11.32,201208
Manaus,280.81,0.63,49.07,99h19m,9.78,13.18,201208
João Pessoa,233.36,0.05,40.78,82h32m,14.27,15.26,201208
Belo Horizonte,286.35,-0.66,50.04,101h17m,8.46,14.78,201208
Natal,241.14,-1.64,42.14,85h17m,13.55,9.85,201208
Florianópolis,310.92,5.23,54.3,109h58m,18.47,19.43,201209
Belo Horizonte,295.6,3.23,51.7,104h33m,11.97,17.79,201209
Manaus,287.82,2.5,50.3,101h48m,12.52,15.41,201209
Fortaleza,248.79,1.24,43.5,88h00m,15.6,22.44,201209
Porto Alegre,311.44,1.03,54.4,110h09m,12.49,14.46,201209
São Paulo,309.08,1.0,54.0,109h19m,11.47,15.68,201209
Vitória,300.71,0.71,52.6,106h22m,9.19,20.48,201209
Natal,241.28,0.06,42.2,85h20m,13.62,17.14,201209
Belém,262.4,0.03,45.9,92h49m,7.65,11.3,201209
Curitiba,280.42,-0.05,49.0,99h11m,12.79,15.84,201209
João Pessoa,233.23,-0.06,40.8,82h30m,14.21,18.58,201209
Recife,239.53,-0.52,41.9,84h43m,10.9,14.88,201209
Brasília,281.87,-0.92,49.3,99h42m,13.71,16.52,201209
Rio de Janeiro,297.17,-1.77,51.9,105h07m,13.04,18.48,201209
Aracaju,207.8,-2.44,36.3,73h30m,14.04,13.17,201209
Salvador,217.71,-3.34,38.1,77h00m,4.26,4.63,201209
Goiânia,250.13,-5.22,43.7,88h28m,1.39,8.07,201209
Recife,250.28,4.49,43.74,88h31m,15.88,21.39,201210
Manaus,298.22,3.61,52.11,105h29m,16.59,18.54,201210
Fortaleza,255.11,2.54,44.58,90h14m,18.54,28.4,201210
Natal,247.18,2.45,43.2,87h26m,16.4,23.25,201210
Salvador,223.0,2.43,38.97,78h52m,6.79,8.72,201210
Belém,268.58,2.36,46.93,95h00m,10.19,12.92,201210
Curitiba,282.97,0.91,49.45,100h05m,13.81,15.04,201210
São Paulo,311.55,0.8,54.44,110h12m,12.36,16.7,201210
Goiânia,251.12,0.4,43.88,88h49m,1.79,7.56,201210
João Pessoa,232.97,-0.11,40.71,82h24m,14.08,19.39,201210
Rio de Janeiro,295.39,-0.6,51.62,104h29m,12.36,17.23,201210
Aracaju,206.03,-0.85,36.0,72h52m,13.07,12.78,201210
Belo Horizonte,290.61,-1.69,50.78,102h47m,10.08,15.23,201210
Porto Alegre,305.72,-1.84,53.43,108h08m,10.42,10.23,201210
Vitória,293.83,-2.29,51.35,103h56m,6.7,16.61,201210
Brasília,271.55,-3.66,47.45,96h03m,9.55,11.7,201210
Florianópolis,282.8,-9.04,49.42,100h02m,7.76,8.36,201210
João Pessoa,235.35,1.02,41.13,83h15m,15.25,18.71,201211
Belém,270.22,0.61,47.22,95h35m,10.86,11.28,201211
Vitória,295.31,0.5,51.61,104h27m,7.23,11.9,201211
Florianópolis,283.68,0.31,49.57,100h20m,8.09,5.63,201211
Aracaju,205.63,-0.19,35.93,72h44m,12.85,13.11,201211
Natal,246.43,-0.3,43.06,87h10m,16.04,19.63,201211
Recife,248.05,-0.89,43.35,87h44m,14.84,17.83,201211
Salvador,220.49,-1.13,38.53,77h59m,5.59,7.5,201211
Brasília,266.85,-1.73,46.63,94h23m,7.65,7.11,201211
Belo Horizonte,282.82,-2.68,49.42,100h02m,7.12,10.18,201211
São Paulo,299.26,-3.94,52.3,105h51m,7.93,8.31,201211
Fortaleza,244.55,-4.14,42.74,86h30m,13.63,18.46,201211
Curitiba,270.84,-4.29,47.33,95h48m,8.93,6.97,201211
Manaus,284.85,-4.48,49.78,100h45m,11.36,10.27,201211
Goiânia,237.92,-5.26,41.58,84h09m,-3.56,1.82,201211
Porto Alegre,286.83,-6.18,50.12,101h27m,3.6,2.57,201211
Rio de Janeiro,272.1,-7.88,47.55,96h14m,3.5,3.98,201211
Fortaleza,252.78,3.37,44.17,89h24m,17.46,,201212
João Pessoa,237.85,1.06,41.56,84h08m,16.47,,201212
Recife,248.95,0.36,43.5,88h03m,15.26,,201212
Manaus,290.27,1.9,50.73,102h40m,13.48,,201212
Natal,239.65,-2.75,41.88,84h46m,12.85,,201212
Aracaju,204.06,-0.76,35.66,72h11m,11.99,,201212
Belém,271.58,0.5,47.46,96h03m,11.42,,201212
Brasília,275.95,3.41,48.22,97h36m,11.32,,201212
Florianópolis,290.05,2.25,50.69,102h35m,10.52,,201212
Belo Horizonte,290.88,2.85,50.83,102h53m,10.18,,201212
São Paulo,304.9,1.88,53.28,107h51m,9.96,,201212
Curitiba,271.31,0.17,47.41,95h58m,9.12,,201212
Salvador,227.12,3.01,39.69,80h20m,8.76,,201212
Rio de Janeiro,281.83,3.58,49.25,99h41m,7.2,,201212
Goiânia,263.17,10.61,45.99,93h05m,6.68,,201212
Porto Alegre,294.37,2.63,51.44,104h07m,6.32,,201212
Vitória,290.89,-1.5,50.83,102h53m,5.63,,201212
Campo Grande,242.94,1.53,42.45,85h56m,,,201212
Salvador,267.65,17.85,42.91,86h51m,,24.95,201301
Aracaju,231.8,13.59,37.16,75h13m,,23.38,201301
Natal,269.56,12.48,43.22,87h28m,,26.18,201301
Brasília,307.14,11.3,49.24,99h40m,,18.32,201301
Goiânia,287.94,9.41,46.16,93h26m,,14.8,201301
Vitória,315.38,8.42,50.56,102h20m,,16.31,201301
Campo Grande,263.03,8.27,42.17,85h21m,,,201301
Rio de Janeiro,303.86,7.82,48.71,98h36m,,11.83,201301
Florianópolis,309.21,6.61,49.57,100h20m,,13.83,201301
João Pessoa,252.13,6.0,40.42,81h49m,,18.83,201301
Curitiba,285.94,5.39,45.84,92h47m,,11.47,201301
Porto Alegre,309.33,5.08,49.59,100h22m,,12.64,201301
São Paulo,318.4,4.43,51.05,103h19m,,11.51,201301
Manaus,301.73,3.95,48.37,97h54m,,16.71,201301
Recife,257.43,3.41,41.27,83h32m,,15.36,201301
Belém,280.51,3.29,44.97,91h01m,,12.76,201301
Belo Horizonte,299.79,3.06,48.06,97h17m,,11.83,201301
Fortaleza,258.32,2.19,41.41,83h49m,,18.46,201301
Recife,278.92,8.35,44.72,90h30m,12.04,27.12,201302
Fortaleza,276.98,7.22,44.4,89h53m,9.57,29.29,201302
João Pessoa,270.06,7.11,43.3,87h38m,13.54,27.0,201302
Natal,283.27,5.09,45.41,91h55m,18.2,29.82,201302
Belo Horizonte,313.48,4.57,50.26,101h43m,7.77,18.62,201302
Manaus,314.18,4.13,50.37,101h57m,8.24,24.22,201302
Porto Alegre,318.16,2.85,51.01,103h14m,8.08,18.01,201302
Aracaju,238.4,2.85,38.22,77h21m,16.83,26.41,201302
São Paulo,326.59,2.57,52.36,105h58m,7.11,18.1,201302
Curitiba,293.25,2.56,47.01,95h09m,8.09,19.13,201302
Campo Grande,269.38,2.41,43.19,87h25m,10.88,,201302
Belém,286.7,2.21,45.96,93h02m,5.57,15.21,201302
Florianópolis,314.46,1.7,50.41,102h02m,8.42,22.89,201302
Rio de Janeiro,306.83,0.98,49.19,99h34m,8.87,16.46,201302
Salvador,270.04,0.89,43.29,87h37m,18.9,32.03,201302
Brasília,306.39,-0.24,49.12,99h25m,11.03,19.73,201302
Goiânia,286.34,-0.56,45.91,92h55m,8.8,14.06,201302
Vitória,313.4,-0.63,50.24,101h42m,7.74,17.29,201302
Vitória,332.24,6.01,53.26,107h48m,14.21,27.67,201303
Manaus,328.49,4.55,52.66,106h35m,13.17,27.61,201303
Salvador,281.05,4.08,45.06,91h12m,23.75,32.63,201303
Belo Horizonte,323.97,3.35,51.94,105h07m,11.38,24.16,201303
Aracaju,245.94,3.16,39.43,79h48m,20.52,27.82,201303
São Paulo,336.26,2.96,53.91,109h07m,10.29,23.06,201303
Rio de Janeiro,314.99,2.66,50.5,102h13m,11.77,22.69,201303
Campo Grande,276.44,2.62,44.32,89h42m,13.79,,201303
Belém,291.86,1.8,46.79,94h42m,7.47,19.09,201303
João Pessoa,274.64,1.7,44.03,89h07m,15.47,28.01,201303
Brasília,310.75,1.42,49.82,100h50m,12.61,22.49,201303
Fortaleza,280.69,1.34,45.0,91h05m,11.04,32.78,201303
Porto Alegre,321.95,1.19,51.61,104h28m,9.37,21.86,201303
Curitiba,294.78,0.52,47.26,95h39m,8.65,19.78,201303
Goiânia,287.78,0.5,46.14,93h23m,9.35,22.91,201303
Recife,280.01,0.39,44.89,90h52m,12.48,25.51,201303
Natal ‐,279.24,1.42,44.77,90h37m,16.52,27.51,201303
Florianópolis ‐,307.37,2.25,49.28,99h44m,5.97,20.29,201303
Recife,298.35,6.55,47.83,96h49m,19.84,33.21,201304
João Pessoa,290.96,5.94,46.65,94h25m,22.33,34.11,201304
Belém,307.18,5.25,49.25,99h40m,13.11,23.66,201304
Rio de Janeiro,327.52,3.98,52.51,106h16m,16.21,29.95,201304
Fortaleza,291.08,3.7,46.67,94h27m,15.15,32.99,201304
Manaus,339.64,3.39,54.45,110h12m,17.01,27.12,201304
Natal,286.58,2.63,45.94,92h59m,19.58,27.14,201304
São Paulo,344.3,2.39,55.2,111h43m,12.92,24.18,201304
Florianópolis,311.41,1.31,49.92,101h03m,7.36,20.75,201304
Aracaju,247.72,0.72,39.71,80h23m,21.4,28.67,201304
Curitiba,296.69,0.65,47.56,96h16m,9.35,18.98,201304
Belo Horizonte,324.53,0.17,52.03,105h18m,11.57,25.41,201304
Brasília,309.68,-0.34,49.65,100h29m,12.22,21.21,201304
Vitória,328.94,-0.99,52.74,106h44m,13.08,25.48,201304
Goiânia,284.22,-1.24,45.57,92h13m,8.0,20.76,201304
Campo Grande,271.65,-1.73,43.55,88h09m,11.82,,201304
Porto Alegre,312.28,-3.0,50.06,101h20m,6.08,16.48,201304
Salvador,268.05,-4.63,42.97,86h59m,18.02,23.0,201304
Campo Grande,281.4,3.59,45.11,91h19m,15.83,,201305
Porto Alegre,323.17,3.49,51.81,104h52m,9.78,18.62,201305
Goiânia,293.96,3.43,47.13,95h23m,11.7,19.31,201305
Fortaleza,296.82,1.97,47.59,96h19m,17.42,26.85,201305
Belém,308.77,0.52,49.5,100h11m,13.69,23.21,201305
Curitiba,297.92,0.41,47.76,96h40m,9.81,16.68,201305
São Paulo ‐,342.05,0.65,54.84,110h59m,12.18,20.57,201305
Vitória ‐,325.87,0.93,52.24,105h44m,12.03,20.18,201305
João Pessoa ‐,286.58,1.51,45.94,92h59m,20.49,26.84,201305
Florianópolis ‐,306.54,1.56,49.14,99h28m,5.69,20.08,201305
Natal ‐,281.67,1.71,45.16,91h24m,17.53,20.98,201305
Rio de Janeiro ‐,321.41,1.87,51.53,104h18m,14.04,23.39,201305
Brasília ‐,303.37,2.04,48.64,98h26m,9.94,19.81,201305
Recife ‐,290.94,2.48,46.64,94h24m,16.87,21.27,201305
Aracaju ‐,240.72,2.83,38.59,78h07m,17.97,20.81,201305
Belo Horizonte ‐,314.78,3.0,50.46,102h08m,8.22,18.81,201305
Salvador ‐,257.98,3.76,41.36,83h43m,13.59,13.03,201305
Manaus ‐,322.98,4.91,51.78,104h48m,11.27,18.37,201305
Aracaju,248.07,3.05,39.77,80h30m,21.57,24.22,201306
Brasília,312.09,2.87,50.03,101h16m,13.1,20.17,201306
Recife,296.67,1.97,47.56,96h16m,19.17,28.17,201306
Porto Alegre,329.16,1.85,52.77,106h48m,11.82,17.45,201306
Natal,284.69,1.07,45.64,92h23m,18.79,21.5,201306
Salvador,260.2,0.86,41.71,84h26m,14.56,22.04,201306
Florianópolis,307.44,0.29,49.29,99h46m,6.0,18.19,201306
Belém,309.01,0.08,49.54,100h16m,13.78,22.15,201306
João Pessoa,285.47,-0.39,45.77,92h38m,20.02,24.36,201306
São Paulo,340.46,-0.46,54.58,110h28m,11.66,18.37,201306
Curitiba,294.5,-1.15,47.21,95h34m,8.55,12.4,201306
Fortaleza,292.86,-1.33,46.95,95h02m,15.86,24.25,201306
Goiânia,289.62,-1.48,46.43,93h59m,10.05,18.68,201306
Campo Grande,275.91,-1.95,44.23,89h32m,13.57,,201306
Belo Horizonte,308.48,-2.0,49.45,100h06m,6.05,16.01,201306
Manaus,316.29,-2.07,50.71,102h38m,8.96,15.55,201306
Vitória,315.63,-3.14,50.6,102h25m,8.5,13.66,201306
Rio de Janeiro,310.0,-3.55,49.7,100h35m,10.0,14.66,201306
Salvador,259.73,-0.18,41.64,84h17m,14.36,18.72,201307
Vitória,310.73,-1.55,49.82,100h50m,6.82,6.85,201307
Manaus,310.52,-1.82,49.78,100h46m,6.98,11.27,201307
Rio de Janeiro,300.71,-3.0,48.21,97h35m,6.7,3.46,201307
Belém,299.07,-3.22,47.95,97h03m,10.12,15.08,201307
João Pessoa,275.54,-3.48,44.17,89h24m,15.85,18.13,201307
Aracaju,239.36,-3.51,38.37,77h40m,17.3,15.0,201307
São Paulo,327.44,-3.82,52.49,106h15m,7.39,9.37,201307
Campo Grande,264.87,-4.0,42.46,85h57m,9.03,,201307
Natal,271.61,-4.59,43.54,88h08m,13.34,10.78,201307
Belo Horizonte,293.48,-4.86,47.05,95h14m,0.89,1.81,201307
Curitiba,279.66,-5.04,44.83,90h45m,3.08,4.35,201307
Recife,279.98,-5.63,44.89,90h51m,12.46,17.81,201307
Fortaleza,275.27,-6.01,44.13,89h19m,8.9,14.31,201307
Goiânia,269.34,-7.0,43.18,87h24m,2.34,4.13,201307
Porto Alegre,305.91,-7.06,49.04,99h16m,3.92,1.98,201307
Florianópolis,284.03,-7.61,45.54,92h10m,-2.08,6.63,201307
Brasília,284.45,-8.86,45.6,92h18m,3.08,3.22,201307
Porto Alegre,311.5,1.83,49.94,101h05m,5.82,1.05,201308
Brasília,286.49,0.72,45.93,92h58m,3.82,0.7,201308
Curitiba,281.31,0.59,45.1,91h17m,3.69,0.26,201308
Campo Grande,265.81,0.35,42.61,86h15m,9.41,,201308
Florianópolis,284.33,0.11,45.58,92h16m,-1.97,-3.77,201308
Vitória,310.03,-0.23,49.7,100h36m,6.58,3.83,201308
Rio de Janeiro,298.42,-0.76,47.84,96h50m,5.89,-1.36,201308
Salvador,257.54,-0.84,41.29,83h34m,13.39,14.35,201308
Belém,296.11,-0.99,47.47,96h05m,9.03,12.88,201308
Belo Horizonte,290.54,-1.0,46.58,94h17m,-0.12,1.46,201308
Natal,267.49,-1.52,42.88,86h48m,11.62,10.93,201308
Manaus,305.78,-1.53,49.02,99h13m,5.34,8.89,201308
São Paulo,319.66,-2.38,51.25,103h43m,4.84,4.46,201308
Aracaju,233.19,-2.58,37.38,75h40m,14.28,9.48,201308
João Pessoa,266.2,-3.39,42.68,86h23m,11.92,14.07,201308
Recife,270.37,-3.43,43.35,87h44m,8.6,12.28,201308
Fortaleza,264.38,-3.96,42.38,85h47m,4.59,7.58,201308
Goiânia,258.45,-4.04,41.43,83h52m,-1.79,-2.07,201308
Belo Horizonte,295.96,1.87,47.45,96h02m,1.75,0.12,201309
Curitiba,283.18,0.66,45.4,91h53m,4.38,0.98,201309
Campo Grande,286.15,0.48,45.88,92h51m,8.93,,201309
Recife,270.43,0.02,43.35,87h45m,8.63,12.9,201309
Porto Alegre ‐,311.34,0.05,49.91,101h01m,5.76,,201309
Goiânia ‐,257.99,0.18,41.36,83h43m,,3.14,201309
Manaus ‐,304.33,0.47,48.79,98h45m,4.84,5.74,201309
Salvador ‐,256.16,0.54,41.07,83h07m,12.79,17.66,201309
Rio de Janeiro ‐,295.59,0.95,47.39,95h55m,4.88,,201309
Florianópolis ‐,281.08,1.14,45.06,91h12m,,,201309
Belém ‐,292.35,1.27,46.87,94h52m,7.65,11.41,201309
Natal ‐,263.8,1.38,42.29,85h36m,10.08,9.33,201309
Fortaleza ‐,258.37,2.27,41.42,83h50m,2.21,3.85,201309
São Paulo ‐,312.07,2.37,50.03,101h16m,2.35,0.97,201309
João Pessoa ‐,259.79,2.41,41.65,84h18m,9.22,11.39,201309
Vitória ‐,301.55,2.74,48.34,97h51m,3.66,0.28,201309
Brasília ‐,276.14,3.61,44.27,89h36m,0.07,,201309
Aracaju ‐,220.68,5.36,35.38,71h36m,8.14,6.2,201309
Rio de Janeiro,312.9,5.86,50.16,101h32m,11.02,5.93,201310
Curitiba,296.76,4.8,47.58,96h18m,9.38,4.87,201310
Porto Alegre,324.87,4.35,52.08,105h25m,10.36,6.26,201310
Vitória,313.78,4.06,50.3,101h49m,7.87,6.79,201310
São Paulo,321.14,2.91,51.48,104h12m,5.33,3.08,201310
Brasília,284.12,2.89,45.55,92h12m,2.96,4.63,201310
Florianópolis,288.36,2.59,46.23,93h34m,-0.58,1.97,201310
Belo Horizonte,302.76,2.3,48.54,98h14m,4.08,4.18,201310
Goiânia,262.47,1.74,42.08,85h10m,-0.27,4.52,201310
Aracaju,222.55,0.85,35.68,72h13m,9.06,8.02,201310
Natal,265.88,0.79,42.63,86h16m,10.95,7.57,201310
Fortaleza,260.25,0.73,41.72,84h27m,2.96,2.01,201310
Belém,293.2,0.29,47.01,95h08m,7.96,9.17,201310
Salvador,256.78,0.24,41.17,83h19m,13.06,15.15,201310
Campo Grande,286.54,0.14,45.94,92h59m,9.07,,201310
Recife,270.21,-0.08,43.32,87h41m,8.54,7.96,201310
Manaus,300.59,-1.23,48.19,97h32m,3.56,0.79,201310
João Pessoa,254.45,-2.06,40.79,82h34m,6.98,9.22,201310
Fortaleza,269.28,3.47,43.17,87h23m,6.53,10.11,201311
Belo Horizonte,310.84,2.67,49.83,100h52m,6.86,9.91,201311
Florianópolis,296.07,2.67,47.47,96h04m,2.08,4.37,201311
Vitória,321.41,2.43,51.53,104h18m,10.49,8.84,201311
Natal,271.93,2.28,43.6,88h14m,13.47,10.35,201311
Manaus,307.39,2.26,49.28,99h45m,5.9,7.91,201311
São Paulo,325.56,1.38,52.19,105h38m,6.78,8.79,201311
Rio de Janeiro,316.88,1.27,50.8,102h49m,12.44,16.46,201311
Salvador,259.93,1.23,41.67,84h21m,14.45,17.89,201311
Porto Alegre,328.72,1.18,52.7,106h40m,11.67,14.6,201311
João Pessoa,257.16,1.06,41.23,83h27m,8.12,9.27,201311
Belém,296.05,0.97,47.46,96h04m,9.01,9.56,201311
Brasília,286.35,0.78,45.91,92h55m,3.77,7.31,201311
Campo Grande,287.5,0.34,46.09,93h17m,9.44,10.39,201311
Curitiba,297.71,0.32,47.73,96h36m,9.73,9.92,201311
Recife,268.34,-0.69,43.02,87h04m,7.79,8.18,201311
Aracaju,218.71,-1.73,35.06,70h58m,7.18,6.36,201311
Goiânia,254.44,-3.06,40.79,82h34m,-3.32,6.94,201311
Salvador,265.13,2.0,42.51,86h02m,16.74,,201312
Natal,273.36,0.53,43.82,88h42m,14.07,,201312
Campo Grande,301.2,1.84,48.29,97h44m,12.38,,201312
Rio de Janeiro,315.52,-0.43,50.58,102h23m,11.95,,201312
Porto Alegre,329.18,0.14,52.77,106h49m,11.83,,201312
Curitiba,301.32,1.21,48.31,97h46m,11.06,,201312
Vitória,321.39,0.0,51.52,104h17m,10.48,,201312
Recife,274.69,2.37,44.04,89h08m,10.34,,201312
Florianópolis,319.33,7.86,51.19,103h37m,10.09,,201312
Belém,296.34,0.1,47.51,96h09m,9.12,,201312
João Pessoa,258.81,0.64,41.49,83h59m,8.81,,201312
Fortaleza,273.47,1.56,43.84,88h44m,8.18,,201312
Belo Horizonte,312.25,0.45,50.06,101h19m,7.35,,201312
São Paulo,327.24,0.52,52.46,106h11m,7.33,,201312
Aracaju,216.78,-0.88,34.75,70h20m,6.23,,201312
Manaus,307.71,0.1,49.33,99h51m,6.01,,201312
Brasília,289.72,1.18,46.45,94h01m,4.99,,201312
Goiânia,274.67,7.95,44.03,89h08m,4.37,,201312
Vitória,327.13,1.79,49.11,99h24m,,3.73,201401
São Paulo,323.47,-1.15,48.56,98h18m,,1.59,201401
Manaus,323.22,5.04,48.53,98h13m,,7.12,201401
Florianópolis,322.12,0.87,48.36,97h53m,,4.18,201401
Porto Alegre,321.05,-2.47,48.2,97h33m,,3.79,201401
Rio de Janeiro,310.52,-1.58,46.62,94h21m,,2.19,201401
Belo Horizonte,307.65,-1.47,46.19,93h29m,,2.62,201401
Brasília,305.62,5.49,45.88,92h52m,,-0.49,201401
Belém,296.39,0.02,44.5,90h04m,,5.66,201401
Curitiba,294.06,-2.41,44.15,89h21m,,2.84,201401
Campo Grande,288.57,-4.19,43.32,87h41m,,0.24,201401
Recife,280.75,2.21,42.15,85h19m,,9.06,201401
Fortaleza,274.6,0.41,41.23,83h27m,,6.3,201401
Goiânia,273.84,-0.3,41.11,83h13m,,-4.9,201401
Natal,269.95,-1.25,40.53,82h02m,,0.14,201401
Salvador,265.86,0.28,39.91,80h47m,,-0.67,201401
João Pessoa,264.17,2.07,39.66,80h16m,,4.78,201401
Aracaju,214.19,-1.19,32.16,65h05m,,-7.6,201401
Aracaju,225.57,5.31,33.87,68h33m,4.05,-5.38,201402
Florianópolis,330.75,2.49,49.66,100h30m,3.58,5.18,201402
Rio de Janeiro,314.72,1.35,47.25,95h38m,-0.25,2.57,201402
Campo Grande,292.09,1.22,43.85,88h45m,-3.02,-0.76,201402
Belém,298.86,0.83,44.87,90h49m,0.85,4.24,201402
São Paulo,325.35,0.58,48.85,98h52m,-0.58,-0.38,201402
Goiânia,275.32,0.54,41.33,83h40m,0.24,-3.85,201402
Vitória,328.43,0.4,49.31,99h48m,2.19,4.8,201402
Natal,270.07,0.04,40.55,82h04m,-1.2,-4.66,201402
Curitiba,293.49,-0.19,44.06,89h11m,-2.6,0.08,201402
Recife,278.65,-0.75,41.83,84h40m,1.44,-0.1,201402
Salvador,262.78,-1.16,39.45,79h51m,-0.89,-2.69,201402
Porto Alegre,316.55,-1.4,47.52,96h11m,-3.84,-0.51,201402
Belo Horizonte,298.04,-1.49,44.75,90h34m,-4.55,-4.93,201402
Fortaleza,269.81,-1.74,40.51,81h59m,-1.34,-2.59,201402
Brasília,295.23,-2.91,44.32,89h43m,1.9,-3.64,201402
Manaus,312.09,-3.44,46.85,94h50m,1.42,-0.67,201402
João Pessoa,255.0,-3.47,38.28,77h29m,-1.47,-5.58,201402
Campo Grande,329.61,12.85,49.48,100h09m,9.43,9.3,201403
Goiânia,310.04,12.61,46.55,94h13m,12.88,7.74,201403
Porto Alegre,356.17,12.52,53.47,108h14m,8.2,10.63,201403
Curitiba,329.55,12.29,49.48,100h08m,9.37,11.8,201403
Rio de Janeiro,345.11,9.66,51.81,104h52m,9.38,9.56,201403
Brasília,323.02,9.41,48.5,98h09m,11.49,3.95,201403
São Paulo,351.46,8.03,52.77,106h48m,7.4,4.52,201403
Fortaleza,286.41,6.15,43.0,87h02m,4.73,2.04,201403
Vitória,343.7,4.65,51.6,104h26m,6.94,3.45,201403
Florianópolis,345.63,4.5,51.89,105h02m,8.24,12.45,201403
Salvador,272.56,3.72,40.92,82h49m,2.8,-3.02,201403
Belém,308.45,3.21,46.31,93h44m,4.09,5.68,201403
João Pessoa,263.17,3.2,39.51,79h58m,1.68,-4.18,201403
Recife,280.06,0.51,42.05,85h06m,1.95,0.02,201403
Natal,271.31,0.46,40.73,82h27m,-0.75,-2.84,201403
Aracaju,225.82,0.11,33.9,68h37m,4.17,-8.18,201403
Belo Horizonte,296.83,-0.41,44.56,90h12m,-4.94,-8.38,201403
Manaus,308.19,-1.25,46.27,93h39m,0.16,-6.18,201403
Porto Alegre,359.37,0.9,53.95,109h12m,9.17,15.08,201404
São Paulo,357.85,1.82,53.72,108h44m,9.35,3.94,201404
Florianópolis,351.66,1.74,52.8,106h51m,10.12,12.92,201404
Vitória,351.27,2.2,52.74,106h44m,9.3,6.79,201404
Rio de Janeiro,346.18,0.31,51.97,105h12m,9.72,5.7,201404
Belo Horizonte,342.49,11.49,51.42,104h04m,9.68,5.53,201404
Curitiba,335.73,1.88,50.4,102h01m,11.42,13.16,201404
Brasília,331.53,2.63,49.77,100h44m,14.43,7.06,201404
Campo Grande,330.61,0.3,49.64,100h28m,9.76,11.7,201404
Belém,310.91,0.8,46.68,94h29m,4.92,1.21,201404
Manaus,309.66,0.48,46.49,94h06m,0.63,-8.83,201404
Goiânia,293.27,-5.41,44.03,89h07m,6.77,3.18,201404
Recife,288.67,3.07,43.34,87h43m,5.09,-3.24,201404
Fortaleza,288.42,0.7,43.3,87h38m,5.47,-0.91,201404
Natal,282.56,4.15,42.42,85h52m,3.37,-1.4,201404
Salvador,274.38,0.67,41.19,83h23m,3.49,2.36,201404
João Pessoa,270.15,2.65,40.56,82h05m,4.38,-7.15,201404
Aracaju,238.04,5.41,35.74,72h20m,9.81,-3.91,201404
São Paulo,366.54,2.43,55.03,111h23m,12.01,7.16,201405
Porto Alegre,366.0,1.84,54.95,111h13m,11.19,13.25,201405
Vitória,352.76,0.42,52.96,107h12m,9.76,8.25,201405
Florianópolis,350.31,-0.38,52.59,106h27m,9.7,14.28,201405
Rio de Janeiro,348.04,0.54,52.25,105h45m,10.31,8.29,201405
Belo Horizonte,345.14,0.77,51.82,104h53m,10.53,9.64,201405
Curitiba,341.2,1.63,51.22,103h41m,13.24,14.53,201405
Brasília,331.19,-0.1,49.72,100h38m,14.31,9.17,201405
Campo Grande,323.84,-2.05,48.62,98h24m,7.52,5.55,201405
Belém,315.08,1.34,47.3,95h45m,6.32,2.04,201405
Manaus,313.12,1.12,47.01,95h09m,1.76,-3.05,201405
Fortaleza,304.06,5.42,45.65,92h24m,11.19,2.44,201405
Recife,302.81,4.9,45.46,92h01m,10.24,4.08,201405
Goiânia,296.77,1.19,44.55,90h11m,8.05,0.96,201405
Natal,289.07,2.3,43.4,87h50m,5.75,2.63,201405
Salvador,277.52,1.14,41.66,84h20m,4.67,7.57,201405
João Pessoa,272.35,0.81,40.89,82h45m,5.23,-4.97,201405
Aracaju,241.72,1.55,36.29,73h27m,11.5,0.42,201405
São Paulo,354.63,-3.25,53.24,107h46m,8.37,4.16,201406
Florianópolis,353.76,0.98,53.11,107h30m,10.78,15.07,201406
Porto Alegre,351.36,-4.0,52.75,106h46m,6.74,6.74,201406
Vitória,345.98,-1.92,51.94,105h08m,7.65,9.62,201406
Rio de Janeiro,343.44,-1.32,51.56,104h22m,8.85,10.79,201406
Curitiba,332.3,-2.61,49.89,100h59m,10.28,12.84,201406
Manaus,332.15,6.08,49.87,100h56m,7.94,5.01,201406
Brasília,324.07,-2.15,48.65,98h28m,11.86,3.84,201406
Belo Horizonte,319.84,-7.33,48.02,97h11m,2.43,3.68,201406
Belém,318.46,1.07,47.81,96h46m,7.46,3.06,201406
Campo Grande,309.09,-4.55,46.4,93h55m,2.62,2.87,201406
Recife,307.44,1.53,46.16,93h25m,11.92,3.63,201406
Fortaleza,298.01,-1.99,44.74,90h33m,8.97,1.76,201406
Goiânia,295.12,-0.56,44.31,89h41m,7.45,1.9,201406
Natal,292.49,1.18,43.91,88h53m,7.0,2.74,201406
João Pessoa,281.7,3.43,42.29,85h36m,8.84,-1.32,201406
Salvador,278.97,0.52,41.88,84h46m,5.22,7.21,201406
Aracaju,247.64,2.45,37.18,75h15m,14.24,-0.17,201406
Florianópolis,346.99,-1.91,52.09,105h26m,8.66,22.17,201407
São Paulo,345.42,-2.6,51.86,104h58m,5.56,5.49,201407
Vitória,330.71,-4.41,49.65,100h30m,2.9,6.43,201407
Porto Alegre,330.69,-5.88,49.65,100h29m,0.46,8.1,201407
Rio de Janeiro,330.22,-3.85,49.58,100h21m,4.66,9.81,201407
Manaus,326.85,-1.6,49.07,99h19m,6.22,5.26,201407
Curitiba,308.66,-7.11,46.34,93h48m,2.44,10.37,201407
Belém,308.37,-3.17,46.3,93h42m,4.06,3.11,201407
Belo Horizonte,308.35,-3.59,46.29,93h42m,-1.25,5.07,201407
Brasília,300.86,-7.16,45.17,91h25m,3.84,5.77,201407
Recife,296.16,-3.67,44.46,90h00m,7.82,5.78,201407
Campo Grande,293.55,-5.03,44.07,89h12m,-2.54,1.65,201407
Fortaleza,287.19,-3.63,43.12,87h16m,5.02,4.33,201407
Goiânia,280.93,-4.81,42.18,85h22m,2.28,4.3,201407
Natal,277.07,-5.27,41.6,84h12m,1.36,2.01,201407
João Pessoa,270.6,-3.94,40.63,82h14m,4.56,-1.79,201407
Salvador,270.06,-3.19,40.54,82h04m,1.86,3.98,201407
Aracaju,239.72,-3.2,35.99,72h51m,10.58,0.15,201407
Florianópolis,340.62,,51.14,103h30m,6.67,19.8,201408
São Paulo,337.8,,50.71,102h39m,3.23,5.67,201408
Vitória,329.13,,49.41,100h01m,2.41,6.16,201408
Rio de Janeiro,327.64,,49.19,99h34m,3.84,9.79,201408
Porto Alegre,325.64,,48.89,98h57m,,4.54,201408
Belo Horizonte,303.5,,45.56,92h13m,,4.46,201408
Curitiba,303.28,,45.53,92h09m,0.65,7.81,201408
Manaus,301.72,,45.3,91h41m,,,201408
Belém,301.52,,45.27,91h37m,1.75,1.83,201408
Brasília,297.27,,44.63,90h20m,2.61,3.76,201408
Recife,290.97,,43.68,88h25m,5.93,7.62,201408
Campo Grande,288.28,,43.28,87h36m,,,201408
Fortaleza,278.68,,41.84,84h41m,1.91,5.41,201408
Goiânia,276.18,,41.46,83h55m,0.55,6.86,201408
Natal,270.57,,40.62,82h13m,,1.15,201408
João Pessoa,268.87,,40.37,81h42m,3.89,1.0,201408
Salvador,266.34,,39.99,80h56m,0.46,3.42,201408
Aracaju,230.52,,34.61,70h03m,6.34,,201408
Florianópolis,340.76,0.04,51.16,103h33m,6.71,21.23,201409
São Paulo,333.12,-1.39,50.01,101h13m,1.8,6.75,201409
Vitória,328.33,-0.24,49.29,99h46m,2.16,8.88,201409
Porto Alegre,327.65,0.62,49.19,99h34m,-0.46,5.24,201409
Rio de Janeiro,326.78,-0.26,49.06,99h18m,3.57,10.55,201409
Belo Horizonte,303.54,0.01,45.57,92h14m,-2.79,2.56,201409
Manaus,302.49,0.26,45.41,91h55m,-1.7,-0.6,201409
Curitiba,301.08,-0.73,45.2,91h29m,-0.08,6.32,201409
Brasília,300.54,1.1,45.12,91h19m,3.73,8.84,201409
Belém,298.68,-0.94,44.84,90h46m,0.79,2.17,201409
Recife,285.18,-1.99,42.81,86h39m,3.82,5.45,201409
Campo Grande,285.02,-1.13,42.79,86h36m,-5.37,-1.91,201409
Goiânia,279.95,1.36,42.03,85h04m,1.92,8.51,201409
Fortaleza,277.37,-0.47,41.64,84h17m,1.43,7.35,201409
João Pessoa,268.56,-0.12,40.32,81h36m,3.77,3.38,201409
Natal,267.39,-1.18,40.14,81h15m,-2.18,1.36,201409
Salvador,263.63,-1.02,39.58,80h07m,-0.57,2.92,201409
Aracaju,233.18,1.15,35.01,70h51m,7.57,5.66,201409
Florianópolis,353.18,3.64,53.02,107h19m,10.6,22.48,201410
São Paulo,341.04,2.38,51.2,103h38m,4.22,6.2,201410
Porto Alegre,340.63,3.96,51.14,103h30m,3.48,4.85,201410
Rio de Janeiro,336.1,2.85,50.46,102h08m,6.52,7.41,201410
Vitória,329.19,0.26,49.42,100h02m,2.43,4.91,201410
Curitiba,314.25,4.37,47.18,95h29m,4.29,5.89,201410
Belo Horizonte,307.5,1.3,46.17,93h26m,,1.57,201410
Manaus,306.69,1.39,46.04,93h12m,,2.03,201410
Brasília,303.28,0.91,45.53,92h09m,4.68,6.74,201410
Belém,298.64,,44.84,90h45m,0.78,1.86,201410
Campo Grande,296.22,3.93,44.47,90h01m,,1.76,201410
Goiânia,287.46,2.68,43.16,87h21m,4.66,9.52,201410
Recife,280.88,,42.17,85h21m,2.25,3.95,201410
Fortaleza,277.6,0.08,41.68,84h21m,1.51,6.67,201410
João Pessoa,266.47,,40.01,80h58m,2.96,4.72,201410
Natal,265.27,,39.83,80h36m,,,201410
Salvador,257.8,,38.7,78h20m,,0.4,201410
Aracaju,232.82,,34.95,70h45m,7.4,4.61,201410
São Paulo,347.96,2.03,52.24,105h44m,6.33,6.88,201411
Florianópolis,346.61,-1.86,52.04,105h19m,8.54,17.07,201411
Porto Alegre,342.62,0.58,51.44,104h07m,4.08,4.23,201411
Vitória,331.34,0.65,49.74,100h41m,3.1,3.09,201411
Rio de Janeiro,325.91,-3.03,48.93,99h02m,3.29,2.85,201411
Brasília,321.05,5.86,48.2,97h33m,10.81,12.12,201411
Curitiba,319.26,1.59,47.93,97h01m,5.95,7.24,201411
Manaus,311.42,1.54,46.75,94h38m,1.21,1.31,201411
Belo Horizonte,309.56,0.67,46.47,94h04m,-0.86,-0.41,201411
Campo Grande,303.69,2.52,45.59,92h17m,0.83,2.68,201411
Belém,302.28,1.22,45.38,91h51m,2.0,2.1,201411
Goiânia,295.79,2.9,44.41,89h53m,7.69,16.25,201411
Fortaleza,280.59,1.08,42.13,85h16m,2.6,4.2,201411
Recife,274.44,-2.29,41.2,83h24m,-0.09,2.27,201411
João Pessoa,264.99,-0.56,39.78,80h31m,2.39,3.04,201411
Natal,258.93,-2.39,38.87,78h41m,-5.28,-4.78,201411
Salvador,255.72,-0.81,38.39,77h42m,-3.55,-1.62,201411
Aracaju,241.72,3.82,36.29,73h27m,11.5,10.52,201411
Brasília,329.66,2.68,49.49,100h10m,13.79,,201412
Aracaju,245.7,1.65,36.89,74h40m,13.34,,201412
Florianópolis,353.1,1.87,53.01,107h18m,10.58,,201412
Goiânia,301.21,1.83,45.22,91h32m,9.66,,201412
São Paulo,354.19,1.79,53.18,107h38m,8.24,,201412
Rio de Janeiro,338.03,3.72,50.75,102h43m,7.13,,201412
Porto Alegre,348.56,1.73,52.33,105h55m,5.89,,201412
João Pessoa,272.02,2.65,40.84,82h39m,5.1,,201412
Curitiba,315.84,-1.07,47.42,95h58m,4.82,,201412
Recife,286.39,4.35,43.0,87h01m,4.26,,201412
Manaus,320.7,2.98,48.15,97h27m,4.22,,201412
Belém,307.63,1.77,46.19,93h29m,3.81,,201412
Vitória,333.15,0.55,50.02,101h14m,3.66,,201412
Fortaleza,280.39,-0.07,42.1,85h12m,2.53,,201412
Campo Grande,308.32,1.52,46.29,93h41m,2.36,,201412
Belo Horizonte,316.06,2.1,47.45,96h02m,1.22,,201412
Salvador,267.82,4.73,40.21,81h23m,1.01,,201412
Natal,268.71,3.78,40.34,81h39m,-1.7,,201412
São Paulo,371.22,4.81,51.21,103h38m,,14.76,201501
Porto Alegre,361.11,3.6,49.81,100h49m,,12.48,201501
Florianópolis,360.64,2.14,49.75,100h41m,,11.76,201501
Brasília,353.6,7.26,48.78,98h43m,,16.28,201501
Rio de Janeiro,353.51,4.58,48.76,98h42m,,13.84,201501
Vitória,348.3,4.55,48.04,97h14m,,6.47,201501
Belo Horizonte,337.57,6.81,46.56,94h15m,,10.31,201501
Curitiba,335.82,6.33,46.32,93h45m,,14.2,201501
Campo Grande,329.58,6.9,45.46,92h01m,,14.21,201501
Goiânia,323.73,7.48,44.65,90h23m,,18.22,201501
Manaus,317.84,-0.89,43.84,88h44m,,-1.66,201501
Belém,310.78,1.02,42.87,86h46m,,4.86,201501
Salvador,299.17,11.71,41.27,83h31m,,12.53,201501
Recife,290.43,1.41,40.06,81h05m,,3.45,201501
Fortaleza,288.99,3.07,39.86,80h41m,,5.24,201501
João Pessoa,278.73,2.47,38.45,77h49m,,5.51,201501
Natal,277.56,3.29,38.29,77h29m,,2.82,201501
Aracaju,264.84,7.79,36.53,73h56m,,23.65,201501
São Paulo,378.86,2.06,52.26,105h46m,6.97,16.45,201502
Florianópolis,359.76,-0.24,49.62,100h26m,1.89,8.77,201502
Rio de Janeiro,357.27,1.06,49.28,99h45m,5.69,13.52,201502
Brasília,355.7,0.59,49.06,99h18m,7.9,20.48,201502
Vitória,354.85,1.88,48.95,99h04m,6.51,8.04,201502
Porto Alegre,353.81,-2.02,48.8,98h47m,1.51,11.77,201502
Belo Horizonte,341.72,1.23,47.14,95h24m,8.12,10.89,201502
Curitiba,341.64,1.73,47.13,95h23m,8.17,16.41,201502
Campo Grande,326.43,-0.96,45.03,91h08m,5.87,11.76,201502
Goiânia,325.64,0.59,44.92,90h55m,8.11,18.28,201502
Manaus,321.29,1.09,44.32,89h42m,0.18,2.95,201502
Belém,314.89,1.32,43.44,87h55m,2.36,5.36,201502
Salvador,311.65,4.17,42.99,87h01m,16.37,18.6,201502
Recife,294.93,1.55,40.68,82h20m,2.98,5.84,201502
Fortaleza,292.23,1.12,40.31,81h35m,4.22,8.31,201502
Natal,289.65,4.36,39.95,80h52m,7.79,7.25,201502
João Pessoa,286.22,2.69,39.48,79h55m,5.22,12.24,201502
Aracaju,264.67,-0.06,36.51,73h54m,7.72,17.33,201502
São Paulo,379.35,0.13,52.33,105h55m,7.1,7.94,201503
Vitória,363.62,2.47,50.16,101h31m,9.15,5.8,201503
Porto Alegre,360.01,1.75,49.66,100h31m,3.28,1.08,201503
Rio de Janeiro,358.68,0.39,49.48,100h08m,6.11,3.93,201503
Florianópolis,358.14,-0.45,49.4,99h59m,1.43,3.62,201503
Brasília,351.93,-1.06,48.54,98h15m,6.76,8.95,201503
Curitiba,349.69,2.36,48.24,97h38m,10.72,6.11,201503
Belo Horizonte,343.22,0.44,47.34,95h49m,8.59,11.73,201503
Manaus,337.11,4.92,46.5,94h07m,5.12,9.38,201503
Campo Grande,327.67,0.38,45.2,91h29m,6.28,-0.59,201503
Goiânia,323.48,-0.66,44.62,90h19m,7.39,4.33,201503
Belém,320.02,1.63,44.14,89h21m,4.03,3.75,201503
Fortaleza,304.59,4.23,42.01,85h02m,8.63,6.35,201503
Salvador,302.97,-2.79,41.79,84h35m,13.12,11.16,201503
Recife,298.6,1.24,41.19,83h22m,4.26,6.62,201503
Natal,289.21,-0.15,39.89,80h45m,7.63,6.6,201503
João Pessoa,288.43,0.77,39.79,80h32m,6.03,9.6,201503
Aracaju,273.21,3.23,37.69,76h17m,11.2,20.99,201503
São Paulo,387.05,2.03,53.39,108h04m,9.28,8.16,201504
Vitória,376.46,3.53,51.93,105h06m,13.0,7.17,201504
Rio de Janeiro,374.85,4.51,51.71,104h39m,10.89,8.28,201504
Porto Alegre,368.97,2.49,50.9,103h01m,5.86,2.67,201504
Florianópolis,368.32,2.84,50.81,102h50m,4.31,4.74,201504
Curitiba,359.39,2.77,49.57,100h20m,13.79,7.05,201504
Brasília,358.0,1.72,49.38,99h57m,8.6,7.98,201504
Belo Horizonte,348.36,1.5,48.05,97h15m,10.22,1.71,201504
Campo Grande,347.48,6.05,47.93,97h01m,12.7,5.1,201504
Manaus,331.28,-1.73,45.7,92h29m,3.3,6.98,201504
Goiânia,327.69,1.3,45.2,91h29m,8.79,11.74,201504
Belém,322.81,0.87,44.53,90h07m,4.93,3.83,201504
Fortaleza,316.2,3.81,43.62,88h17m,12.77,9.63,201504
Salvador,314.44,3.79,43.37,87h47m,17.41,14.6,201504
Recife,307.46,2.97,42.41,85h50m,7.36,6.51,201504
Natal,300.73,3.98,41.48,83h58m,11.92,6.43,201504
João Pessoa,299.9,3.98,41.37,83h44m,10.25,11.01,201504
Aracaju,281.61,3.07,38.84,78h37m,14.62,18.3,201504
São Paulo,402.05,3.88,55.46,112h15m,13.51,9.69,201505
Rio de Janeiro,395.23,5.44,54.52,110h21m,16.92,13.56,201505
Florianópolis,394.29,7.05,54.39,110h05m,11.67,12.55,201505
Vitória,387.92,3.04,53.51,108h18m,16.44,9.97,201505
Porto Alegre,384.57,4.23,53.05,107h22m,10.33,5.07,201505
Brasília,370.23,3.42,51.07,103h22m,12.31,11.79,201505
Curitiba,364.8,1.51,50.32,101h51m,15.5,6.92,201505
Campo Grande,363.54,4.62,50.15,101h30m,17.91,12.26,201505
Belo Horizonte,355.92,2.17,49.1,99h22m,12.61,3.12,201505
Salvador,348.04,10.69,48.01,97h10m,29.95,25.41,201505
Goiânia,347.03,5.9,47.87,96h53m,15.21,16.94,201505
Fortaleza,344.3,8.89,47.49,96h07m,22.79,13.23,201505
Manaus,343.78,3.77,47.42,95h59m,7.2,9.79,201505
Belém,338.92,4.99,46.75,94h37m,10.17,7.57,201505
Recife,331.23,7.73,45.69,92h29m,15.66,9.39,201505
Natal,312.41,3.88,43.09,87h13m,16.26,8.07,201505
João Pessoa,303.8,1.3,41.91,84h49m,11.68,11.55,201505
Aracaju,277.16,-1.58,38.23,77h23m,12.8,14.66,201505
São Paulo,392.77,,54.18,109h39m,10.89,10.75,201506
Florianópolis,386.1,,53.26,107h48m,9.35,9.14,201506
Porto Alegre,384.13,,52.99,107h15m,10.2,9.33,201506
Rio de Janeiro,368.71,,50.86,102h56m,9.08,7.36,201506
Vitória,367.94,,50.75,102h43m,10.44,6.35,201506
Curitiba,359.69,,49.62,100h25m,13.88,8.24,201506
Brasília,359.61,,49.6,100h24m,9.09,10.97,201506
Belém,356.24,5.11,49.14,99h27m,15.8,11.86,201506
Manaus,352.35,2.49,48.6,98h22m,9.87,6.08,201506
Campo Grande,349.8,,48.25,97h40m,13.45,13.17,201506
Belo Horizonte,338.76,,46.73,94h35m,7.18,5.92,201506
Goiânia,329.65,,45.47,92h02m,9.44,11.7,201506
Fortaleza,325.4,,44.89,90h51m,16.05,9.19,201506
Salvador,320.03,,44.14,89h21m,19.49,14.72,201506
Recife,318.53,,43.94,88h56m,11.22,3.61,201506
João Pessoa,309.48,1.87,42.69,86h24m,13.77,9.86,201506
Natal,302.76,,41.76,84h32m,12.67,3.51,201506
Aracaju,275.42,,37.99,76h54m,12.1,11.22,201506
São Paulo,395.83,0.78,54.6,110h31m,11.76,14.59,201507
Porto Alegre,383.22,-0.24,52.86,106h59m,9.94,15.88,201507
Florianópolis,376.69,-2.44,51.96,105h10m,6.68,8.56,201507
Rio de Janeiro,372.24,0.96,51.35,103h55m,10.12,12.72,201507
Vitória,368.01,0.02,50.76,102h45m,10.46,11.28,201507
Curitiba,360.28,0.16,49.7,100h35m,14.07,16.72,201507
Brasília,354.94,-1.3,48.96,99h06m,7.67,17.98,201507
Campo Grande,347.08,-0.78,47.88,96h54m,12.57,18.24,201507
Belo Horizonte,345.02,1.85,47.59,96h20m,9.16,11.89,201507
Manaus,340.84,-3.27,47.02,95h10m,6.28,4.28,201507
Belém,339.27,-4.76,46.8,94h43m,10.28,10.02,201507
Fortaleza,332.82,2.28,45.91,92h55m,18.7,15.89,201507
Goiânia,327.47,-0.66,45.17,91h26m,8.72,16.57,201507
Salvador,317.9,-0.67,43.85,88h45m,18.7,17.71,201507
Recife,309.38,-2.87,42.68,86h23m,8.03,4.46,201507
João Pessoa,306.53,-0.95,42.28,85h35m,12.69,13.28,201507
Natal,293.58,-3.03,40.5,81h58m,9.26,5.96,201507
Aracaju,285.44,3.64,39.37,79h41m,16.17,19.07,201507
Porto Alegre,387.83,1.2,53.5,108h17m,11.27,19.1,201508
São Paulo,386.04,-2.47,53.25,107h47m,8.99,14.28,201508
Florianópolis,372.79,-1.04,51.42,104h05m,5.58,9.44,201508
Rio de Janeiro,361.93,-2.77,49.92,101h03m,7.07,10.47,201508
Vitória,358.0,-2.72,49.38,99h57m,7.46,8.77,201508
Curitiba,354.94,-1.48,48.96,99h06m,12.38,17.03,201508
Brasília,342.66,-3.46,47.27,95h40m,3.94,15.27,201508
Manaus,340.59,-0.07,46.98,95h05m,6.2,12.88,201508
Campo Grande,338.79,-2.39,46.73,94h35m,9.88,17.52,201508
Belo Horizonte,337.42,-2.2,46.54,94h12m,6.76,11.18,201508
Belém,334.45,-1.42,46.13,93h22m,8.72,10.92,201508
Goiânia,320.69,-2.07,44.24,89h32m,6.47,16.12,201508
Fortaleza,317.52,-4.6,43.8,88h39m,13.24,13.94,201508
Recife,309.42,0.01,42.68,86h23m,8.04,6.34,201508
João Pessoa,307.39,0.28,42.4,85h49m,13.0,14.33,201508
Salvador,305.11,-4.02,42.09,85h11m,13.92,14.56,201508
Natal,286.36,-2.46,39.5,79h57m,6.57,5.84,201508
Aracaju,283.02,-0.85,39.04,79h01m,15.19,22.77,201508
Porto Alegre,385.7,-0.55,53.2,107h41m,10.66,17.72,201509
São Paulo,383.21,-0.73,52.86,106h59m,8.19,15.04,201509
Florianópolis,383.1,2.77,52.84,106h57m,8.5,12.43,201509
Rio de Janeiro,362.9,0.74,50.06,101h19m,7.36,11.05,201509
Vitória,361.54,0.99,49.87,100h56m,8.52,10.11,201509
Curitiba,356.51,0.44,49.18,99h32m,12.88,18.41,201509
Brasília,338.28,-1.28,46.66,94h27m,2.61,12.56,201509
Belo Horizonte,338.19,0.23,46.65,94h25m,7.0,11.42,201509
Campo Grande,336.69,-0.62,46.44,94h00m,9.2,18.13,201509
Manaus,335.73,-1.43,46.31,93h44m,4.69,10.99,201509
Belém,319.2,-4.56,44.03,89h07m,3.76,6.87,201509
Goiânia,311.2,-2.96,42.93,86h53m,3.32,11.16,201509
Fortaleza,305.2,-3.88,42.1,85h12m,8.85,10.03,201509
João Pessoa,299.65,-2.52,41.33,83h40m,10.16,11.58,201509
Recife,298.58,-3.5,41.19,83h22m,4.26,4.7,201509
Salvador,297.07,-2.64,40.98,82h56m,10.92,12.68,201509
Natal,282.72,-1.27,39.0,78h56m,5.21,5.73,201509
Aracaju,280.26,-0.98,38.66,78h15m,14.07,20.19,201509
São Paulo,382.13,-0.28,52.71,106h41m,7.89,12.05,201510
Porto Alegre,380.8,-1.27,52.53,106h19m,9.25,11.79,201510
Florianópolis,378.45,-1.21,52.2,105h40m,7.18,7.16,201510
Rio de Janeiro,359.66,-0.89,49.61,100h25m,6.4,7.01,201510
Vitória,357.3,-1.17,49.29,99h45m,7.25,8.54,201510
Curitiba,349.93,-1.85,48.27,97h42m,10.79,11.35,201510
Brasília,345.38,2.1,47.64,96h26m,4.77,13.88,201510
Campo Grande,339.2,0.75,46.79,94h42m,10.02,14.51,201510
Belo Horizonte,338.61,0.12,46.71,94h32m,7.13,10.12,201510
Manaus,337.42,0.5,46.54,94h12m,5.21,10.02,201510
Belém,321.72,0.79,44.38,89h49m,4.58,7.73,201510
Goiânia,310.73,-0.15,42.86,86h45m,3.16,8.1,201510
Fortaleza,306.23,0.34,42.24,85h30m,9.22,10.31,201510
João Pessoa,298.17,-0.49,41.13,83h15m,9.61,11.9,201510
Salvador,297.83,0.26,41.08,83h09m,11.21,15.53,201510
Recife,297.78,-0.27,41.08,83h08m,3.98,6.02,201510
Natal,285.47,0.97,39.38,79h42m,6.24,7.61,201510
Aracaju,282.87,0.93,39.02,78h58m,15.13,21.5,201510
Porto Alegre,404.62,6.26,55.81,112h58m,16.08,18.1,201511
São Paulo,399.21,4.47,55.07,111h27m,12.71,14.73,201511
Florianópolis,391.85,3.54,54.05,109h24m,10.97,13.05,201511
Rio de Janeiro,385.8,7.27,53.22,107h43m,14.13,18.38,201511
Vitória,378.91,6.05,52.27,105h47m,13.74,14.36,201511
Brasília,377.24,9.22,52.04,105h19m,14.43,17.5,201511
Curitiba,375.26,7.24,51.76,104h46m,18.81,17.54,201511
Campo Grande,368.59,8.66,50.84,102h54m,19.55,21.37,201511
Belo Horizonte,362.19,6.96,49.96,101h07m,14.6,17.0,201511
Manaus,352.87,4.58,48.67,98h31m,10.03,13.31,201511
Belém,325.69,1.23,44.93,90h56m,5.87,7.74,201511
Salvador,323.23,8.53,44.59,90h15m,20.69,26.4,201511
Recife,323.15,8.52,44.57,90h13m,12.84,17.75,201511
Goiânia,321.85,3.58,44.4,89h51m,6.85,8.81,201511
Fortaleza,317.86,3.8,43.85,88h45m,13.36,13.28,201511
João Pessoa,310.15,4.02,42.78,86h35m,14.02,17.04,201511
Natal,302.14,5.84,41.68,84h21m,12.44,16.69,201511
Aracaju,291.8,3.16,40.25,81h28m,18.76,20.72,201511
Salvador,331.2,2.47,45.69,92h28m,23.67,,201512
Curitiba,387.79,3.34,53.49,108h16m,22.78,,201512
Campo Grande,378.55,2.7,52.22,105h41m,22.78,,201512
Aracaju,296.82,1.72,40.94,82h52m,20.81,,201512
Porto Alegre,418.82,3.51,57.77,116h56m,20.16,,201512
Fortaleza,335.59,5.58,46.29,93h42m,19.69,,201512
Belo Horizonte,376.91,4.06,51.99,105h14m,19.25,,201512
Brasília,392.93,4.16,54.2,109h42m,19.19,,201512
Florianópolis,414.12,5.68,57.12,115h37m,17.28,,201512
Rio de Janeiro,394.21,2.18,54.38,110h04m,16.62,,201512
João Pessoa,316.82,2.15,43.7,88h27m,16.47,,201512
São Paulo,412.12,3.23,56.85,115h04m,16.36,,201512
Vitória,384.99,1.6,53.1,107h29m,15.56,,201512
Natal,309.92,2.57,42.75,86h32m,15.34,,201512
Recife,327.82,1.45,45.22,91h31m,14.47,,201512
Belém,351.38,7.89,48.47,98h06m,14.22,,201512
Goiânia,335.87,4.36,46.33,93h46m,11.51,,201512
Manaus,357.29,1.25,49.28,99h45m,11.41,,201512
Brasília,451.76,398.65,55.8,112h56m,13.32,13.32,201601
São Paulo,448.31,418.13,55.37,112h05m,7.22,7.22,201601
Rio de Janeiro,448.06,397.91,55.34,112h01m,12.6,12.6,201601
Vitória,438.42,389.02,54.15,109h37m,12.7,12.7,201601
Florianópolis,437.24,424.06,54.01,109h19m,3.11,3.11,201601
Porto Alegre,432.64,424.39,53.44,108h10m,1.94,1.94,201601
Cuiabá,418.12,385.41,51.65,104h32m,8.49,8.49,201601
Belo Horizonte,417.72,370.49,51.6,104h26m,12.75,12.75,201601
Campo Grande,412.61,388.47,50.96,103h09m,6.21,6.21,201601
Manaus,405.72,367.79,50.11,101h26m,10.31,10.31,201601
Curitiba,398.46,391.78,49.22,99h37m,1.71,1.71,201601
Palmas,395.31,346.02,48.83,98h50m,14.24,14.24,201601
Boa Vista,389.93,363.9,48.16,97h29m,7.15,7.15,201601
Goiânia,388.45,335.58,47.98,97h07m,15.75,15.75,201601
Teresina,375.05,343.59,46.33,93h46m,9.16,9.16,201601
Belém,374.5,351.94,46.26,93h38m,6.41,6.41,201601
Fortaleza,368.64,342.72,45.53,92h10m,7.56,7.56,201601
Porto Velho,365.79,347.47,45.18,91h27m,5.27,5.27,201601
Macapá,354.21,341.77,43.75,88h33m,3.64,3.64,201601
São Luís,351.17,327.49,43.38,87h47m,7.23,7.23,201601
Aracaju,350.73,305.75,43.32,87h41m,14.71,14.71,201601
João Pessoa,349.75,324.73,43.2,87h26m,7.7,7.7,201601
Salvador,349.26,314.23,43.14,87h19m,11.15,11.15,201601
Recife,344.47,333.84,42.55,86h07m,3.18,3.18,201601
Rio Branco,341.53,310.96,42.19,85h23m,9.83,9.83,201601
Maceió,337.32,324.44,41.67,84h20m,3.97,3.97,201601
Natal,329.2,312.46,40.66,82h18m,5.36,5.36,201601
São Paulo,443.4,-1.1,54.77,110h53m,,6.04,201602
Brasília,438.69,-2.89,54.19,109h40m,,10.04,201602
Manaus,437.86,7.92,54.08,109h28m,,19.05,201602
Florianópolis,430.69,-1.5,53.2,107h40m,,1.56,201602
Rio de Janeiro,430.56,-3.91,53.18,107h38m,,8.21,201602
Porto Alegre,416.82,-3.66,51.48,104h12m,,-1.78,201602
Belém,406.86,8.64,50.25,101h43m,,15.6,201602
Boa Vista,403.83,3.56,49.88,100h58m,,10.97,201602
Cuiabá,402.57,-4.83,49.72,100h38m,,2.99,201602
Vitória,401.38,-8.45,49.58,100h21m,,3.18,201602
Belo Horizonte,400.29,-4.17,49.44,100h04m,,8.04,201602
Curitiba,392.75,-1.43,48.51,98h11m,,0.25,201602
Campo Grande,387.87,-6.0,47.91,96h58m,,-0.15,201602
Fortaleza,387.63,5.15,47.88,96h55m,,13.1,201602
Macapá,385.85,8.93,47.66,96h28m,,12.9,201602
Teresina,377.93,0.77,46.68,94h29m,,9.99,201602
Goiânia,371.8,-4.29,45.92,92h57m,,10.79,201602
Palmas,364.49,-7.8,45.02,91h07m,,5.34,201602
Aracaju,362.09,3.24,44.72,90h31m,,18.43,201602
João Pessoa,360.66,3.12,44.55,90h10m,,11.06,201602
Porto Velho,359.68,-1.67,44.43,89h55m,,3.51,201602
São Luís,355.29,1.17,43.88,88h49m,,8.49,201602
Recife,349.96,1.59,43.23,87h29m,,4.83,201602
Rio Branco,349.22,2.25,43.13,87h19m,,12.3,201602
Maceió,347.38,2.98,42.91,86h51m,,7.07,201602
Salvador,337.84,-3.27,41.73,84h28m,,7.51,201602
Natal,331.79,0.79,40.98,82h57m,,6.19,201602
Brasília,444.74,1.38,54.93,111h11m,,11.56,201603
São Paulo,444.11,0.16,54.86,111h02m,,6.21,201603
Florianópolis,441.06,2.41,54.48,110h16m,,4.01,201603
Rio de Janeiro,440.79,2.38,54.45,110h12m,,10.78,201603
Porto Alegre,420.9,0.98,51.99,105h14m,,-0.82,201603
Vitória,418.18,4.19,51.65,104h33m,,7.5,201603
Belém,413.87,1.72,51.12,103h28m,,17.6,201603
Belo Horizonte,408.84,2.14,50.5,102h13m,,10.35,201603
Cuiabá,407.72,1.28,50.36,101h56m,,4.31,201603
Curitiba,400.78,2.04,49.5,100h12m,,2.3,201603
Campo Grande,394.04,1.59,48.67,98h31m,,1.43,201603
Fortaleza,386.3,-0.34,47.71,96h35m,,12.72,201603
Teresina,385.8,2.08,47.65,96h27m,,12.28,201603
Manaus,381.52,-12.87,47.12,95h23m,,3.73,201603
Goiânia,378.45,1.79,46.75,94h37m,,12.77,201603
Palmas,376.93,3.41,46.56,94h14m,,8.93,201603
Boa Vista,375.37,-7.05,46.36,93h50m,,3.15,201603
Macapá,372.52,-3.45,46.01,93h08m,,9.0,201603
São Luís,356.56,0.36,44.04,89h08m,,8.88,201603
Porto Velho,354.29,-1.5,43.76,88h34m,,1.96,201603
João Pessoa,351.88,-2.43,43.46,87h58m,,8.36,201603
Aracaju,349.32,-3.53,43.15,87h20m,,14.25,201603
Salvador,348.71,3.22,43.07,87h11m,,10.97,201603
Recife,347.21,-0.79,42.89,86h48m,,4.0,201603
Rio Branco,342.66,-1.88,42.32,85h40m,,10.19,201603
Maceió,342.55,-1.39,42.31,85h38m,,5.58,201603
Natal,325.98,-1.75,40.26,81h30m,,4.33,201603
São Paulo,442.42,-0.38,54.65,110h36m,,5.81,201604
Florianópolis,438.56,-0.57,54.17,109h38m,,3.42,201604
Rio de Janeiro,433.96,-1.55,53.6,108h29m,,9.06,201604
Brasília,427.68,-3.84,52.83,106h55m,,7.28,201604
Porto Alegre,426.93,1.43,52.73,106h44m,,0.6,201604
Vitória,414.26,-0.94,51.17,103h34m,,6.49,201604
Belém,412.51,-0.33,50.95,103h08m,,17.21,201604
Campo Grande,402.89,2.25,49.76,100h43m,,3.71,201604
Cuiabá,402.29,-1.33,49.69,100h34m,,2.92,201604
Belo Horizonte,399.24,-2.35,49.31,99h49m,,7.76,201604
Curitiba,396.34,-1.11,48.96,99h05m,,1.16,201604
Fortaleza,385.14,-0.3,47.57,96h17m,,12.38,201604
Boa Vista,384.82,2.52,47.53,96h12m,,5.75,201604
Manaus,383.72,0.58,47.4,95h56m,,4.33,201604
Goiânia,382.16,0.98,47.2,95h32m,,13.88,201604
Macapá,380.78,2.22,47.03,95h12m,,11.41,201604
Teresina,378.21,-1.97,46.72,94h33m,,10.08,201604
João Pessoa,365.83,3.96,45.19,91h28m,,12.66,201604
Palmas,365.75,-2.97,45.18,91h26m,,5.7,201604
Recife,358.55,3.27,44.29,89h38m,,7.4,201604
São Luís,357.11,0.15,44.11,89h17m,,9.04,201604
Porto Velho,354.21,-0.02,43.75,88h33m,,1.94,201604
Maceió,349.78,2.11,43.2,87h27m,,7.81,201604
Aracaju,348.24,-0.31,43.01,87h04m,,13.9,201604
Salvador,344.29,-1.27,42.53,86h04m,,9.57,201604
Rio Branco,343.86,0.35,42.47,85h58m,,10.58,201604
Natal,334.49,2.61,41.32,83h37m,,7.05,201604
São Paulo,449.7,1.65,55.55,112h26m,,7.55,201605
Porto Alegre,443.46,3.87,54.78,110h52m,,4.49,201605
Brasília,441.6,3.25,54.55,110h24m,,10.77,201605
Rio de Janeiro,436.02,0.47,53.86,109h00m,,9.58,201605
Florianópolis,420.63,-4.09,51.96,105h10m,,-0.81,201605
Vitória,418.96,1.13,51.75,104h44m,,7.7,201605
Cuiabá,410.09,1.94,50.65,102h31m,,4.91,201605
Curitiba,410.05,3.46,50.65,102h31m,,4.66,201605
Belo Horizonte,408.5,2.32,50.46,102h08m,,10.26,201605
Belém,402.97,-2.31,49.77,100h44m,,14.5,201605
Campo Grande,401.63,-0.31,49.61,100h25m,,3.39,201605
Boa Vista,396.88,3.13,49.02,99h13m,,9.06,201605
Manaus,386.08,0.62,47.69,96h31m,,4.97,201605
Goiânia,385.24,0.81,47.58,96h19m,,14.8,201605
Macapá,378.35,-0.64,46.73,94h35m,,10.7,201605
Teresina,375.64,-0.68,46.4,93h55m,,9.33,201605
Fortaleza,375.13,-2.6,46.34,93h47m,,9.46,201605
Palmas,369.86,1.12,45.68,92h28m,,6.89,201605
João Pessoa,361.39,-1.21,44.64,90h21m,,11.29,201605
Porto Velho,360.81,1.86,44.57,90h12m,,3.84,201605
São Luís,360.12,0.84,44.48,90h02m,,9.96,201605
Maceió,357.19,2.12,44.12,89h18m,,10.09,201605
Salvador,354.12,2.86,43.74,88h32m,,12.69,201605
Recife,353.78,-1.33,43.7,88h27m,,5.97,201605
Aracaju,344.83,-0.98,42.59,86h13m,,12.78,201605
Natal,337.49,0.9,41.69,84h22m,,8.01,201605
Rio Branco,335.31,-2.49,41.42,83h50m,,7.83,201605
São Paulo,469.02,4.3,57.93,117h16m,,12.17,201606
Porto Alegre,465.03,4.86,57.44,116h16m,,9.58,201606
Florianópolis,463.24,10.13,57.22,115h49m,,9.24,201606
Brasília,448.4,1.54,55.39,112h06m,,12.48,201606
Rio de Janeiro,439.33,0.76,54.27,109h50m,,10.41,201606
Cuiabá,430.78,5.05,53.21,107h42m,,10.21,201606
Campo Grande,428.73,6.75,52.96,107h11m,,10.36,201606
Vitória,428.69,2.32,52.95,107h10m,,10.2,201606
Belo Horizonte,425.82,4.24,52.6,106h27m,,14.93,201606
Goiânia,421.46,9.4,52.06,105h22m,,25.59,201606
Belém,419.28,4.05,51.79,104h49m,,19.13,201606
Curitiba,416.49,1.57,51.44,104h07m,,6.31,201606
Boa Vista,409.97,3.3,50.64,102h29m,,12.66,201606
Teresina,395.69,5.34,48.87,98h55m,,15.16,201606
Palmas,392.05,6.0,48.43,98h01m,,13.3,201606
Porto Velho,390.22,8.15,48.2,97h34m,,12.3,201606
Macapá,387.44,2.4,47.86,96h52m,,13.36,201606
Fortaleza,386.78,3.11,47.77,96h42m,,12.86,201606
Manaus,384.0,-0.54,47.43,96h00m,,4.41,201606
Aracaju,376.73,9.25,46.53,94h11m,,23.22,201606
São Luís,368.49,2.32,45.52,92h07m,,12.52,201606
Maceió,368.19,3.08,45.48,92h03m,,13.48,201606
João Pessoa,366.06,1.29,45.21,91h31m,,12.73,201606
Recife,365.79,3.39,45.18,91h27m,,9.57,201606
Salvador,365.77,3.29,45.18,91h26m,,16.4,201606
Rio Branco,358.88,7.03,44.33,89h43m,,15.41,201606
Natal,352.12,4.33,43.49,88h02m,,12.69,201606
São Paulo,475.27,1.33,58.7,118h49m,,13.67,201607
Porto Alegre,468.78,0.81,57.9,117h12m,,10.46,201607
Rio de Janeiro,448.28,2.04,55.37,112h04m,,12.66,201607
Brasília,447.36,-0.23,55.26,111h50m,,12.22,201607
Florianópolis,443.11,-4.35,54.73,110h47m,,4.49,201607
Boa Vista,442.83,8.02,54.7,110h43m,,21.69,201607
Cuiabá,442.5,2.72,54.66,110h38m,,13.21,201607
Vitória,436.24,1.76,53.88,109h04m,,12.14,201607
Campo Grande,430.37,0.38,53.16,107h35m,,10.79,201607
Goiânia,424.47,0.71,52.43,106h07m,,26.49,201607
Belo Horizonte,423.1,-0.64,52.26,105h47m,,14.2,201607
Curitiba,420.24,0.9,51.91,105h04m,,7.26,201607
Belém,416.75,-0.6,51.48,104h11m,,18.42,201607
Palmas,404.27,3.12,49.93,101h04m,,16.83,201607
Manaus,404.22,5.27,49.93,101h04m,,9.91,201607
Fortaleza,403.38,4.29,49.82,100h51m,,17.7,201607
Teresina,400.27,1.16,49.44,100h04m,,16.5,201607
Macapá,393.72,1.62,48.63,98h26m,,15.2,201607
Porto Velho,388.05,-0.56,47.93,97h01m,,11.68,201607
João Pessoa,387.24,5.79,47.83,96h49m,,19.25,201607
Maceió,384.75,4.5,47.52,96h11m,,18.59,201607
São Luís,384.63,4.38,47.51,96h10m,,17.45,201607
Salvador,380.03,3.9,46.94,95h01m,,20.94,201607
Aracaju,379.29,0.68,46.85,94h49m,,24.05,201607
Recife,374.54,2.39,46.26,93h38m,,12.19,201607
Rio Branco,371.94,3.64,45.94,92h59m,,19.61,201607
Natal,362.63,2.98,44.79,90h40m,,16.06,201607
São Paulo,475.11,-0.03,58.68,118h47m,,13.63,201608
Porto Alegre,474.34,1.19,58.59,118h35m,,11.77,201608
Florianópolis,457.11,3.16,56.46,114h17m,,7.79,201608
Rio de Janeiro,455.45,1.6,56.26,113h52m,,14.46,201608
Cuiabá,453.1,2.4,55.97,113h16m,,15.92,201608
Brasília,451.29,0.88,55.74,112h49m,,13.2,201608
Boa Vista,441.6,-0.28,54.55,110h24m,,21.35,201608
Campo Grande,440.86,2.44,54.45,110h13m,,13.49,201608
Vitória,436.53,0.07,53.92,109h08m,,12.21,201608
Curitiba,431.14,2.59,53.25,107h47m,,10.05,201608
Belo Horizonte,429.64,1.55,53.07,107h25m,,15.97,201608
Belém,421.33,1.1,52.04,105h20m,,19.72,201608
Goiânia,411.12,-3.15,50.78,102h47m,,22.51,201608
Palmas,410.84,1.63,50.75,102h43m,,18.73,201608
Fortaleza,410.11,1.67,50.66,102h32m,,19.66,201608
Macapá,405.18,2.91,50.05,101h18m,,18.55,201608
Manaus,401.5,-0.67,49.59,100h23m,,9.17,201608
Teresina,399.73,-0.13,49.37,99h56m,,16.34,201608
Maceió,396.72,3.11,49.0,99h11m,,22.28,201608
Porto Velho,395.84,2.01,48.89,98h58m,,13.92,201608
São Luís,386.2,0.41,47.7,96h33m,,17.93,201608
João Pessoa,385.83,-0.36,47.66,96h28m,,18.82,201608
Rio Branco,377.16,1.4,46.59,94h17m,,21.29,201608
Salvador,376.45,-0.94,46.5,94h07m,,19.8,201608
Recife,371.6,-0.78,45.9,92h54m,,11.31,201608
Aracaju,370.7,-2.26,45.79,92h41m,,21.24,201608
Natal,365.46,0.78,45.14,91h22m,,16.96,201608
Porto Alegre,477.69,0.71,59.0,119h25m,,12.56,201609
São Paulo,471.57,-0.75,58.25,117h53m,,12.78,201609
Brasília,461.99,2.37,57.06,115h30m,,15.89,201609
Cuiabá,453.65,0.12,56.03,113h25m,,16.06,201609
Rio de Janeiro,451.58,-0.85,55.78,112h53m,,13.49,201609
Florianópolis,449.05,-1.76,55.47,112h16m,,5.89,201609
Boa Vista,444.04,0.55,54.85,111h01m,,22.02,201609
Vitória,435.27,-0.29,53.76,108h49m,,11.89,201609
Campo Grande,432.27,-1.95,53.39,108h04m,,11.28,201609
Curitiba,424.87,-1.45,52.48,106h13m,,8.45,201609
Belém,424.43,0.74,52.42,106h07m,,20.6,201609
Belo Horizonte,421.55,-1.88,52.07,105h23m,,13.78,201609
Fortaleza,415.94,1.42,51.38,103h59m,,21.36,201609
Palmas,411.86,0.25,50.87,102h58m,,19.03,201609
Teresina,402.34,0.65,49.7,100h35m,,17.1,201609
Manaus,401.44,-0.01,49.58,100h22m,,9.15,201609
Maceió,394.75,-0.5,48.76,98h41m,,21.67,201609
Goiânia,393.39,-4.31,48.59,98h21m,,17.23,201609
Porto Velho,389.22,-1.67,48.08,97h19m,,12.02,201609
João Pessoa,386.92,0.28,47.79,96h44m,,19.15,201609
Macapá,384.2,-5.18,47.46,96h03m,,12.41,201609
São Luís,383.04,-0.82,47.31,95h46m,,16.96,201609
Salvador,381.93,1.46,47.18,95h29m,,21.54,201609
Recife,375.55,1.06,46.39,93h53m,,12.49,201609
Rio Branco,372.13,-1.33,45.96,93h02m,,19.67,201609
Aracaju,371.3,0.16,45.86,92h50m,,21.44,201609
Natal,367.54,0.57,45.4,91h53m,,17.63,201609
Porto Alegre,478.07,0.08,59.05,119h31m,,12.65,201610
Florianópolis,475.32,5.85,58.71,118h50m,,12.09,201610
São Paulo,469.55,-0.43,58.0,117h23m,,12.3,201610
Rio de Janeiro,456.44,1.08,56.38,114h07m,,14.71,201610
Cuiabá,452.62,-0.23,55.91,113h09m,,15.8,201610
Vitória,449.16,3.19,55.48,112h17m,,15.46,201610
Boa Vista,441.05,-0.67,54.48,110h16m,,21.2,201610
Brasília,436.85,-5.44,53.96,109h13m,,9.58,201610
Campo Grande,436.51,0.98,53.92,109h08m,,12.37,201610
Curitiba,432.98,1.91,53.48,108h15m,,10.52,201610
Belém,425.03,0.14,52.5,106h16m,,20.77,201610
Belo Horizonte,418.47,-0.73,51.69,104h37m,,12.95,201610
Fortaleza,415.41,-0.13,51.31,103h51m,,21.21,201610
Manaus,409.88,2.1,50.63,102h28m,,11.44,201610
Palmas,404.6,-1.76,49.98,101h09m,,16.93,201610
Maceió,403.12,2.12,49.79,100h47m,,24.25,201610
Porto Velho,397.71,2.18,49.12,99h26m,,14.46,201610
Teresina,395.21,-1.77,48.82,98h48m,,15.02,201610
Goiânia,389.44,-1.0,48.1,97h22m,,16.05,201610
São Luís,386.41,0.88,47.73,96h36m,,17.99,201610
João Pessoa,385.5,-0.37,47.62,96h23m,,18.71,201610
Rio Branco,379.34,1.94,46.86,94h50m,,21.99,201610
Macapá,379.32,-1.27,46.85,94h50m,,10.99,201610
Aracaju,378.17,1.58,46.71,94h32m,,23.69,201610
Salvador,375.6,-1.66,46.39,93h54m,,19.53,201610
Recife,373.66,-0.5,46.15,93h25m,,11.93,201610
Natal,366.9,-0.17,45.32,91h44m,,17.42,201610
Porto Alegre,469.04,-1.89,57.93,117h16m,,10.52,201611
Florianópolis,466.25,-1.91,57.59,116h34m,,9.95,201611
São Paulo,450.39,-4.08,55.63,112h36m,,7.72,201611
Rio de Janeiro,448.73,-1.69,55.43,112h11m,,12.77,201611
Vitória,438.85,-2.3,54.21,109h43m,,12.81,201611
Brasília,436.68,-0.04,53.94,109h10m,,9.54,201611
Cuiabá,431.46,-4.68,53.29,107h52m,,10.38,201611
Campo Grande,425.78,-2.46,52.59,106h27m,,9.6,201611
Curitiba,421.37,-2.68,52.05,105h20m,,7.55,201611
Belém,415.86,-2.16,51.37,103h58m,,18.16,201611
Boa Vista,408.63,-7.35,50.47,102h10m,,12.29,201611
Fortaleza,406.52,-2.14,50.21,101h38m,,18.62,201611
Belo Horizonte,400.9,-4.2,49.52,100h14m,,8.21,201611
Maceió,398.9,-1.05,49.27,99h44m,,22.95,201611
Manaus,394.21,-3.82,48.69,98h33m,,7.18,201611
Palmas,390.48,-3.49,48.23,97h37m,,12.85,201611
Porto Velho,387.71,-2.51,47.89,96h56m,,11.58,201611
Goiânia,387.56,-0.48,47.87,96h53m,,15.49,201611
Teresina,383.52,-2.96,47.37,95h53m,,11.62,201611
Rio Branco,380.74,0.37,47.03,95h11m,,22.44,201611
Macapá,379.82,0.13,46.91,94h57m,,11.13,201611
São Luís,371.42,-3.88,45.88,92h52m,,13.41,201611
João Pessoa,370.65,-3.85,45.78,92h40m,,14.14,201611
Aracaju,368.52,-2.55,45.52,92h08m,,20.53,201611
Salvador,358.77,-4.48,44.31,89h41m,,14.17,201611
Natal,354.59,-3.36,43.8,88h39m,,13.48,201611
Recife,353.08,-5.1,43.61,88h16m,,5.76,201611
Rio Branco,384.44,0.97,47.49,96h07m,23.63,,201612
Maceió,391.56,-1.84,48.36,97h53m,20.69,,201612
Belém,410.71,-1.24,50.73,102h41m,16.7,,201612
Goiânia,386.84,-0.19,47.78,96h43m,15.28,,201612
Fortaleza,394.19,-3.03,48.69,98h33m,15.02,,201612
Aracaju,349.68,-5.11,43.19,87h25m,14.37,,201612
Salvador,355.15,-1.01,43.87,88h47m,13.02,,201612
João Pessoa,366.16,-1.21,45.23,91h32m,12.76,,201612
Natal,351.96,-0.74,43.47,87h59m,12.64,,201612
Rio de Janeiro,443.75,-1.11,54.81,110h56m,11.52,,201612
Palmas,383.09,-1.89,47.32,95h46m,10.71,,201612
Teresina,378.95,-1.19,46.81,94h44m,10.29,,201612
Vitória,426.32,-2.86,52.66,106h35m,9.59,,201612
Cuiabá,426.22,-1.21,52.65,106h34m,9.04,,201612
Brasília,433.74,-0.67,53.57,108h26m,8.8,,201612
Boa Vista,395.69,-3.17,48.87,98h55m,8.74,,201612
São Luís,356.07,-4.13,43.98,89h01m,8.73,,201612
Porto Velho,377.69,-2.58,46.65,94h25m,8.7,,201612
Macapá,370.27,-2.51,45.73,92h34m,8.34,,201612
Porto Alegre,459.02,-2.14,56.7,114h45m,8.16,,201612
Manaus,395.08,0.22,48.8,98h46m,7.42,,201612
Florianópolis,453.8,-2.67,56.05,113h27m,7.01,,201612
Belo Horizonte,394.66,-1.56,48.75,98h40m,6.52,,201612
Campo Grande,408.06,-4.16,50.4,102h01m,5.04,,201612
São Paulo,438.89,-2.55,54.21,109h43m,4.96,,201612
Curitiba,409.86,-2.73,50.63,102h28m,4.61,,201612
Recife,347.96,-1.45,42.98,86h59m,4.23,,201612
Porto Alegre,453.67,-1.17,52.63,106h31m,,4.86,201701
Florianópolis,441.92,-2.62,51.26,103h46m,,1.07,201701
Rio de Janeiro,440.16,-0.81,51.06,103h21m,,-1.76,201701
São Paulo,435.89,-0.68,50.56,102h20m,,-2.77,201701
Brasília,432.65,0.22,50.19,101h35m,,-4.23,201701
Vitória,422.38,-0.92,49.0,99h10m,,-3.66,201701
Fortaleza,412.48,4.64,47.85,96h51m,,11.89,201701
Cuiabá,408.51,-4.16,47.39,95h55m,,-3.43,201701
Belém,406.4,-1.05,47.14,95h25m,,8.52,201701
Curitiba,397.69,-2.97,46.13,93h22m,,-0.19,201701
Manaus,395.79,0.18,45.91,92h56m,,-2.45,201701
Campo Grande,393.25,-3.63,45.62,92h20m,,-4.69,201701
Maceió,391.26,-0.08,45.39,91h52m,,15.99,201701
Belo Horizonte,389.69,-1.26,45.21,91h30m,,-6.71,201701
Goiânia,385.84,-0.26,44.76,90h35m,,-0.67,201701
Teresina,381.12,0.57,44.21,89h29m,,1.62,201701
Boa Vista,380.09,-3.94,44.09,89h14m,,-2.52,201701
Palmas,377.72,-1.4,43.82,88h41m,,-4.45,201701
Porto Velho,373.43,-1.13,43.32,87h41m,,2.09,201701
João Pessoa,368.95,0.76,42.8,86h38m,,5.49,201701
Macapá,365.41,-1.31,42.39,85h48m,,3.16,201701
Salvador,359.75,1.3,41.73,84h28m,,3.0,201701
Aracaju,357.32,2.18,41.45,83h54m,,1.88,201701
São Luís,353.97,-0.59,41.06,83h07m,,0.8,201701
Natal,349.61,-0.67,40.56,82h05m,,6.2,201701
Recife,346.44,-0.44,40.19,81h20m,,0.57,201701
Rio Branco,335.15,-12.82,38.88,78h41m,,-1.87,201701
Porto Alegre,435.51,-4.0,50.52,102h15m,-5.12,4.48,201702
Florianópolis,434.13,-1.76,50.36,101h56m,-4.33,0.8,201702
São Paulo,426.22,-2.22,49.44,100h04m,-2.89,-3.87,201702
Rio de Janeiro,424.55,-3.55,49.25,99h41m,-4.33,-1.4,201702
Brasília,416.59,-3.71,48.33,97h49m,-3.5,-5.04,201702
Vitória,414.03,-1.98,48.03,97h13m,-2.88,3.15,201702
Fortaleza,401.91,-2.56,46.62,94h22m,1.96,3.68,201702
Belém,395.57,-2.66,45.89,92h53m,-3.69,-2.77,201702
Cuiabá,394.45,-3.44,45.76,92h37m,-7.45,-2.02,201702
Curitiba,387.27,-2.62,44.92,90h56m,-5.51,-1.4,201702
Campo Grande,385.38,-2.0,44.71,90h29m,-5.56,-0.64,201702
Goiânia,380.18,-1.47,44.1,89h16m,-1.72,2.25,201702
Belo Horizonte,377.66,-3.09,43.81,88h40m,-4.31,-5.65,201702
Teresina,376.48,-1.22,43.67,88h23m,-0.65,-0.38,201702
Manaus,375.44,-5.14,43.55,88h09m,-4.97,-14.26,201702
Maceió,371.31,-5.1,43.07,87h11m,-5.17,6.89,201702
Palmas,370.0,-2.04,42.92,86h52m,-3.42,1.51,201702
Boa Vista,367.34,-3.35,42.61,86h15m,-7.16,-9.04,201702
Porto Velho,365.89,-2.02,42.44,85h55m,-3.12,1.73,201702
João Pessoa,364.75,-1.14,42.31,85h38m,-0.39,1.13,201702
Macapá,358.78,-1.81,41.62,84h14m,-3.1,-7.02,201702
São Luís,354.45,0.14,41.12,83h13m,-0.45,-0.24,201702
Natal,351.68,0.59,40.8,82h34m,-0.08,5.99,201702
Salvador,349.4,-2.88,40.53,82h02m,-1.62,3.42,201702
Aracaju,344.72,-3.53,39.99,80h56m,-1.42,-4.8,201702
Recife,344.06,-0.69,39.91,80h47m,-1.12,-1.69,201702
Rio Branco,330.58,-1.36,38.35,77h37m,-14.01,-5.34,201702
Porto Alegre,437.22,0.39,50.72,102h40m,-4.75,3.88,201703
São Paulo,435.34,2.14,50.5,102h13m,-0.81,-1.97,201703
Florianópolis,433.7,-0.1,50.31,101h50m,-4.43,-1.67,201703
Rio de Janeiro,431.31,1.59,50.03,101h16m,-2.8,-2.15,201703
Vitória,415.75,0.42,48.23,97h37m,-2.48,-0.58,201703
Brasília,415.39,-0.29,48.19,97h32m,-3.78,-6.6,201703
Fortaleza,408.83,1.72,47.43,95h59m,3.71,5.83,201703
Belém,394.21,-0.34,45.73,92h34m,-4.02,-4.75,201703
Campo Grande,391.95,1.7,45.47,92h02m,-3.95,-0.53,201703
Teresina,391.15,3.9,45.37,91h50m,3.22,1.39,201703
Cuiabá,389.94,-1.14,45.23,91h33m,-8.51,-4.36,201703
Curitiba,389.52,0.58,45.19,91h28m,-4.96,-2.81,201703
Goiânia,388.31,2.14,45.05,91h10m,0.38,2.61,201703
Belo Horizonte,385.57,2.09,44.73,90h32m,-2.3,-5.69,201703
João Pessoa,374.18,2.59,43.41,87h51m,2.19,6.34,201703
Palmas,373.56,0.96,43.33,87h43m,-2.49,-0.89,201703
Porto Velho,372.96,1.93,43.26,87h34m,-1.25,5.27,201703
Manaus,371.93,-0.93,43.15,87h20m,-5.86,-2.51,201703
Boa Vista,371.49,1.13,43.09,87h13m,-6.12,-1.03,201703
Maceió,369.33,-0.53,42.84,86h43m,-5.68,7.82,201703
São Luís,364.28,2.77,42.26,85h32m,2.31,2.17,201703
Natal,364.12,3.54,42.24,85h29m,3.45,11.7,201703
Macapá,362.13,0.93,42.01,85h02m,-2.2,-2.79,201703
Recife,356.21,3.53,41.32,83h38m,2.37,2.59,201703
Aracaju,351.81,2.06,40.81,82h36m,0.61,0.71,201703
Salvador,349.66,0.07,40.56,82h06m,-1.55,0.27,201703
Rio Branco,323.34,-2.19,37.51,75h55m,-15.89,-5.64,201703
Porto Alegre,464.19,6.17,53.85,108h59m,1.13,8.73,201704
Florianópolis,453.54,4.57,52.61,106h29m,-0.06,3.42,201704
Rio de Janeiro,448.51,3.99,52.03,105h19m,1.07,3.35,201704
São Paulo,446.28,2.51,51.77,104h47m,1.68,0.87,201704
Vitória,431.54,3.8,50.06,101h19m,1.22,4.17,201704
Brasília,427.37,2.88,49.58,100h20m,-1.01,-0.07,201704
Fortaleza,423.08,3.49,49.08,99h20m,7.33,9.85,201704
Cuiabá,411.41,5.51,47.73,96h36m,-3.47,2.27,201704
Curitiba,404.55,3.86,46.93,94h59m,-1.3,2.07,201704
Campo Grande,402.19,2.61,46.66,94h26m,-1.44,-0.17,201704
Belém,398.12,0.99,46.18,93h29m,-3.07,-3.49,201704
Belo Horizonte,397.36,3.06,46.1,93h18m,0.68,-0.47,201704
Teresina,397.3,1.57,46.09,93h17m,4.84,5.05,201704
Palmas,392.85,5.16,45.57,92h14m,2.55,7.41,201704
Boa Vista,388.99,4.71,45.12,91h20m,-1.69,1.08,201704
Goiânia,388.83,0.13,45.11,91h17m,0.51,1.75,201704
Porto Velho,383.96,2.95,44.54,90h09m,1.66,8.4,201704
João Pessoa,382.52,2.23,44.37,89h49m,4.47,4.56,201704
Maceió,374.63,1.44,43.46,87h58m,-4.32,7.1,201704
Manaus,373.98,0.55,43.38,87h49m,-5.34,-2.54,201704
Natal,368.86,1.3,42.79,86h37m,4.8,10.28,201704
Recife,368.74,3.52,42.78,86h35m,5.97,2.84,201704
Macapá,368.29,1.7,42.72,86h28m,-0.53,-3.28,201704
Salvador,366.63,4.85,42.53,86h05m,3.23,6.49,201704
São Luís,365.57,0.35,42.41,85h50m,2.67,2.37,201704
Aracaju,363.87,3.43,42.21,85h26m,4.06,4.49,201704
Rio Branco,333.18,3.04,38.65,78h14m,-13.33,-3.11,201704
Porto Alegre,460.65,-0.76,53.44,108h10m,0.36,3.88,201705
São Paulo,458.93,2.83,53.24,107h45m,4.57,2.05,201705
Florianópolis,446.52,-1.55,51.8,104h50m,-1.6,6.16,201705
Rio de Janeiro,442.56,-1.33,51.34,103h55m,-0.27,1.5,201705
Brasília,422.53,-1.13,49.02,99h13m,-2.13,-4.32,201705
Vitória,422.03,-2.2,48.96,99h05m,-1.01,0.73,201705
Fortaleza,404.5,-4.39,46.92,94h58m,2.62,7.83,201705
Curitiba,403.51,-0.26,46.81,94h44m,-1.55,-1.59,201705
Belém,402.76,1.17,46.72,94h34m,-1.94,-0.05,201705
Cuiabá,402.52,-2.16,46.69,94h31m,-5.56,-1.85,201705
Teresina,397.38,0.02,46.1,93h18m,4.86,5.79,201705
Campo Grande,395.11,-1.76,45.83,92h46m,-3.17,-1.62,201705
Goiânia,392.72,1.0,45.56,92h13m,1.52,1.94,201705
Belo Horizonte,390.6,-1.7,45.31,91h43m,-1.03,-4.38,201705
Boa Vista,387.98,-0.26,45.01,91h05m,-1.95,-2.24,201705
Porto Velho,385.76,0.47,44.75,90h34m,2.14,6.91,201705
João Pessoa,383.81,0.34,44.52,90h07m,4.82,6.2,201705
Recife,379.39,2.89,44.01,89h05m,9.03,7.24,201705
Maceió,377.51,0.77,43.79,88h38m,-3.59,5.69,201705
Palmas,376.15,-4.25,43.63,88h19m,-1.81,1.7,201705
Manaus,374.92,0.25,43.49,88h02m,-5.1,-2.89,201705
Aracaju,371.0,1.96,43.04,87h07m,6.1,7.59,201705
Macapá,369.38,0.3,42.85,86h44m,-0.24,-2.37,201705
Natal,364.97,-1.05,42.34,85h41m,3.7,8.14,201705
São Luís,364.8,-0.21,42.32,85h39m,2.45,1.3,201705
Salvador,351.31,-4.18,40.75,82h29m,-1.08,-0.79,201705
Rio Branco,333.15,-0.01,38.65,78h13m,-13.34,-0.64,201705
Porto Alegre,443.66,-3.69,51.47,104h10m,-3.35,-4.6,201706
São Paulo,441.61,-3.77,51.23,103h41m,0.62,-5.84,201706
Florianópolis,432.4,-3.16,50.16,101h31m,-4.72,-6.66,201706
Rio de Janeiro,420.35,-5.02,48.76,98h41m,-5.27,-4.32,201706
Fortaleza,408.49,0.99,47.39,95h55m,3.63,5.61,201706
Brasília,404.88,-4.18,46.97,95h04m,-6.21,-9.71,201706
Vitória,404.54,-4.14,46.93,94h59m,-5.11,-5.63,201706
Cuiabá,395.23,-1.81,45.85,92h48m,-7.27,-8.25,201706
Curitiba,394.49,-2.24,45.76,92h37m,-3.75,-5.28,201706
Belém,393.01,-2.42,45.59,92h17m,-4.31,-6.27,201706
Goiânia,390.1,-0.67,45.25,91h35m,0.84,-7.44,201706
Teresina,389.39,-2.01,45.17,91h26m,2.75,-1.59,201706
Campo Grande,386.68,-2.13,44.86,90h47m,-5.24,-9.81,201706
Boa Vista,383.99,-1.03,44.54,90h10m,-2.96,-6.34,201706
Porto Velho,381.14,-1.2,44.21,89h29m,0.91,-2.33,201706
Belo Horizonte,374.87,-4.03,43.49,88h01m,-5.01,-11.97,201706
Recife,373.84,-1.46,43.37,87h46m,7.44,2.2,201706
Maceió,373.67,-1.02,43.35,87h44m,-4.57,1.49,201706
Macapá,370.95,0.43,43.03,87h06m,0.18,-4.26,201706
João Pessoa,369.78,-3.66,42.9,86h49m,0.99,1.02,201706
Manaus,368.09,-1.82,42.7,86h25m,-6.83,-4.14,201706
Aracaju,365.55,-1.47,42.41,85h50m,4.54,-2.97,201706
São Luís,365.52,0.2,42.4,85h49m,2.65,-0.81,201706
Palmas,362.85,-3.54,42.09,85h11m,-5.28,-7.45,201706
Natal,354.32,-2.92,41.1,83h11m,0.67,0.62,201706
Salvador,350.22,-0.31,40.63,82h14m,-1.39,-4.25,201706
Rio Branco,333.35,0.06,38.67,78h16m,-13.29,-7.11,201706
Porto Alegre,453.56,2.23,52.61,106h29m,-1.19,-3.25,201707
São Paulo,445.83,0.96,51.72,104h41m,1.58,-6.19,201707
Florianópolis,439.87,1.73,51.03,103h17m,-3.07,-0.73,201707
Rio de Janeiro,425.62,1.25,49.37,99h56m,-4.09,-5.05,201707
Vitória,409.51,1.23,47.5,96h09m,-3.94,-6.13,201707
Brasília,405.4,0.13,47.03,95h11m,-6.09,-9.38,201707
Fortaleza,400.67,-1.91,46.48,94h04m,1.64,-0.67,201707
Curitiba,399.0,1.14,46.29,93h41m,-2.65,-5.05,201707
Cuiabá,395.04,-0.05,45.83,92h45m,-7.32,-10.73,201707
Belém,388.67,-1.1,45.09,91h16m,-5.37,-6.74,201707
Goiânia,386.67,-0.88,44.86,90h47m,-0.04,-8.91,201707
Porto Velho,385.17,1.06,44.68,90h26m,1.98,-0.74,201707
Belo Horizonte,383.69,2.35,44.51,90h05m,-2.78,-9.31,201707
Teresina,382.63,-1.74,44.39,89h50m,0.97,-4.41,201707
Campo Grande,382.17,-1.17,44.33,89h44m,-6.34,-11.2,201707
Boa Vista,372.23,-3.06,43.18,87h24m,-5.93,-15.94,201707
Maceió,371.38,-0.61,43.08,87h12m,-5.15,-3.47,201707
Palmas,369.41,1.81,42.85,86h44m,-3.57,-8.62,201707
São Luís,367.59,0.57,42.64,86h19m,3.24,-4.43,201707
Macapá,365.49,-1.47,42.4,85h49m,-1.29,-7.17,201707
Aracaju,364.27,-0.35,42.26,85h32m,4.17,-3.96,201707
Recife,361.65,-3.26,41.95,84h55m,3.93,-3.44,201707
Manaus,361.44,-1.81,41.93,84h52m,-8.51,-10.58,201707
João Pessoa,361.41,-2.26,41.92,84h52m,-1.3,-6.67,201707
Natal,358.15,1.08,41.55,84h05m,1.76,-1.24,201707
Salvador,357.28,2.02,41.45,83h53m,0.6,-5.99,201707
Rio Branco,332.06,-0.39,38.52,77h58m,-13.63,-10.72,201707
Porto Alegre,445.76,-1.72,51.71,104h40m,-2.89,-6.03,201708
São Paulo,431.66,-3.18,50.07,101h21m,-1.65,-9.15,201708
Florianópolis,426.3,-3.09,49.45,100h05m,-6.06,-6.74,201708
Rio de Janeiro,410.43,-3.57,47.61,96h22m,-7.51,-9.88,201708
Vitória,397.89,-2.84,46.16,93h25m,-6.67,-8.85,201708
Brasília,396.54,-2.19,46.0,93h06m,-8.15,-12.13,201708
Fortaleza,389.35,-2.83,45.17,91h25m,-1.23,-5.06,201708
Goiânia,386.81,0.04,44.87,90h49m,-0.01,-5.91,201708
Curitiba,385.11,-3.48,44.67,90h25m,-6.04,-10.68,201708
Boa Vista,377.45,1.4,43.79,88h37m,-4.61,-14.53,201708
Porto Velho,376.84,-2.16,43.71,88h29m,-0.23,-4.8,201708
Cuiabá,375.96,-4.83,43.61,88h16m,-11.79,-17.02,201708
Belém,375.82,-3.31,43.6,88h14m,-8.5,-10.8,201708
Maceió,374.75,0.91,43.47,87h59m,-4.29,-5.54,201708
Belo Horizonte,365.05,-4.86,42.35,85h43m,-7.5,-15.03,201708
Macapá,359.61,-1.61,41.72,84h26m,-2.88,-11.25,201708
Manaus,357.97,-0.96,41.53,84h03m,-9.39,-10.84,201708
Campo Grande,355.09,-7.09,41.19,83h22m,-12.98,-19.46,201708
Aracaju,353.85,-2.86,41.05,83h05m,1.19,-4.55,201708
São Luís,352.36,-4.14,40.88,82h44m,-1.04,-8.76,201708
João Pessoa,351.08,-2.86,40.73,82h26m,-4.12,-9.01,201708
Recife,340.54,-5.84,39.5,79h58m,-2.13,-8.36,201708
Natal,336.12,-6.15,38.99,78h55m,-4.5,-8.03,201708
Salvador,332.1,-7.05,38.52,77h58m,-6.49,-11.78,201708
Porto Alegre,436.68,-2.04,50.66,102h32m,-4.87,-8.59,201709
São Paulo,421.02,-2.46,48.84,98h51m,-4.07,-10.72,201709
Florianópolis,419.17,-1.67,48.63,98h25m,-7.63,-6.65,201709
Rio de Janeiro,410.27,-0.04,47.59,96h20m,-7.54,-9.15,201709
Vitória,391.76,-1.54,45.45,91h59m,-8.11,-10.0,201709
Brasília,383.03,-3.41,44.43,89h56m,-11.28,-17.09,201709
Curitiba,376.46,-2.25,43.67,88h23m,-8.15,-11.39,201709
Goiânia,372.99,-3.57,43.27,87h35m,-3.58,-5.19,201709
Fortaleza,370.46,-4.85,42.97,86h59m,-6.02,-10.93,201709
Belém,369.89,-1.58,42.91,86h51m,-9.94,-12.85,201709
Cuiabá,366.94,-2.4,42.57,86h09m,-13.91,-19.11,201709
Belo Horizonte,361.82,-0.88,41.97,84h57m,-8.32,-14.17,201709
Campo Grande,359.24,1.17,41.67,84h21m,-11.96,-16.89,201709
Manaus,355.47,-0.7,41.24,83h28m,-10.03,-11.45,201709
Maceió,355.2,-5.22,41.2,83h24m,-9.29,-10.02,201709
Aracaju,344.16,-2.74,39.92,80h49m,-1.58,-7.56,201709
São Luís,338.38,-3.97,39.25,79h27m,-4.97,-11.66,201709
João Pessoa,334.86,-4.62,38.85,78h37m,-8.55,-13.45,201709
Recife,328.63,-3.5,38.12,77h10m,-5.56,-12.49,201709
Natal,323.9,-3.64,37.57,76h03m,-7.97,-11.87,201709
Salvador,318.52,-4.09,36.95,74h47m,-10.31,-16.6,201709
Porto Alegre,446.87,2.33,51.84,104h55m,-2.65,-6.53,201710
São Paulo,428.13,1.69,49.66,100h31m,-2.45,-8.82,201710
Rio de Janeiro,421.05,2.63,48.84,98h52m,-5.12,-7.75,201710
Florianópolis,416.41,-0.66,48.31,97h46m,-8.24,-12.39,201710
Vitória,393.71,0.5,45.67,92h26m,-7.65,-12.35,201710
Brasília,388.78,1.5,45.1,91h17m,-9.94,-11.0,201710
Curitiba,388.06,3.08,45.02,91h07m,-5.32,-10.37,201710
Cuiabá,379.74,3.49,44.05,89h10m,-10.91,-16.1,201710
Campo Grande,368.83,2.67,42.79,86h36m,-9.61,-15.5,201710
Fortaleza,367.61,-0.77,42.64,86h19m,-6.74,-11.51,201710
Belém,367.03,-0.77,42.58,86h11m,-10.64,-13.65,201710
Belo Horizonte,365.89,1.12,42.44,85h55m,-7.29,-12.56,201710
Goiânia,362.58,-2.79,42.06,85h08m,-6.27,-6.9,201710
Manaus,349.19,-1.77,40.51,81h59m,-11.62,-14.81,201710
Maceió,346.26,-2.52,40.17,81h18m,-11.57,-14.1,201710
Aracaju,340.37,-1.1,39.48,79h55m,-2.66,-10.0,201710
São Luís,337.37,-0.3,39.14,79h13m,-5.25,-12.69,201710
João Pessoa,330.38,-1.34,38.33,77h34m,-9.77,-14.3,201710
Recife,325.96,-0.81,37.81,76h32m,-6.32,-12.39,201710
Natal,325.09,0.37,37.71,76h20m,-7.63,-11.4,201710
Salvador,318.31,-0.07,36.93,74h44m,-10.37,-15.25,201710
Porto Alegre,444.16,-0.61,51.52,104h17m,-3.24,-5.3,201711
São Paulo,423.23,-1.14,49.1,99h22m,-3.57,-6.03,201711
Florianópolis,415.0,-0.34,48.14,97h26m,-8.55,-10.99,201711
Rio de Janeiro,407.37,-3.25,47.26,95h39m,-8.2,-9.22,201711
Vitória,387.93,-1.47,45.0,91h05m,-9.0,-11.6,201711
Curitiba,381.26,-1.75,44.23,89h31m,-6.98,-9.52,201711
Brasília,380.52,-2.12,44.14,89h20m,-11.86,-12.86,201711
Cuiabá,375.6,-1.09,43.57,88h11m,-11.88,-12.95,201711
Campo Grande,364.33,-1.22,42.26,85h32m,-10.72,-14.43,201711
Fortaleza,363.92,-1.0,42.22,85h27m,-7.68,-10.48,201711
Goiânia,361.96,-0.17,41.99,84h59m,-6.43,-6.61,201711
Belo Horizonte,359.71,-1.69,41.73,84h28m,-8.86,-10.27,201711
Belém,358.74,-2.26,41.62,84h14m,-12.65,-13.74,201711
Maceió,347.77,0.44,40.34,81h39m,-11.18,-12.82,201711
Manaus,345.66,-1.01,40.1,81h10m,-12.51,-12.32,201711
Aracaju,341.09,0.21,39.57,80h05m,-2.46,-7.44,201711
São Luís,333.14,-1.25,38.65,78h13m,-6.44,-10.31,201711
Natal,328.21,0.96,38.07,77h04m,-6.75,-7.44,201711
Recife,327.85,0.58,38.03,76h59m,-5.78,-7.15,201711
João Pessoa,324.9,-1.66,37.69,76h17m,-11.27,-12.34,201711
Salvador,315.98,-0.73,36.65,74h11m,-11.03,-11.93,201711
Aracaju,340.02,-0.31,39.44,79h50m,-2.76,,201712
São Paulo,424.36,0.27,49.23,99h38m,-3.31,,201712
Recife,332.15,1.31,38.53,77h59m,-4.54,,201712
Rio de Janeiro,418.71,2.78,48.57,98h19m,-5.64,,201712
Natal,331.18,0.9,38.42,77h46m,-5.9,,201712
São Luís,334.13,0.3,38.76,78h27m,-6.16,,201712
Goiânia,360.7,-0.35,41.84,84h41m,-6.76,,201712
Fortaleza,367.45,0.97,42.63,86h16m,-6.78,,201712
Porto Alegre,426.74,-3.92,49.5,100h12m,-7.03,,201712
Florianópolis,418.61,0.87,48.56,98h17m,-7.75,,201712
Belo Horizonte,361.61,0.53,41.95,84h54m,-8.37,,201712
Curitiba,374.94,-1.66,43.49,88h02m,-8.52,,201712
Vitória,385.19,-0.71,44.68,90h26m,-9.65,,201712
João Pessoa,329.52,1.42,38.23,77h22m,-10.01,,201712
Campo Grande,366.26,0.53,42.49,85h59m,-10.24,,201712
Maceió,349.4,0.47,40.53,82h02m,-10.77,,201712
Salvador,316.65,0.21,36.73,74h21m,-10.84,,201712
Cuiabá,376.71,0.3,43.7,88h27m,-11.62,,201712
Brasília,379.77,-0.2,44.05,89h10m,-12.03,,201712
Manaus,347.47,0.52,40.31,81h35m,-12.05,,201712
Belém,356.67,-0.58,41.38,83h44m,-13.16,,201712
Porto Alegre,446.69,4.67,50.89,103h01m,,-1.54,201801
Rio de Janeiro,443.81,5.99,50.57,102h21m,,0.83,201801
São Paulo,439.2,3.5,50.04,101h17m,,0.76,201801
Florianópolis,430.52,2.85,49.05,99h17m,,-2.58,201801
Vitória,417.73,8.45,47.59,96h20m,,-1.1,201801
Brasília,416.5,9.67,47.45,96h03m,,-3.73,201801
Cuiabá,403.35,7.07,45.96,93h01m,,-1.26,201801
Curitiba,399.72,6.61,45.54,92h11m,,0.51,201801
Fortaleza,387.61,5.49,44.16,89h23m,,-6.03,201801
Campo Grande,384.26,4.91,43.78,88h37m,,-2.29,201801
Belo Horizonte,380.02,5.09,43.3,87h38m,,-2.48,201801
João Pessoa,368.76,11.91,42.02,85h02m,,-0.05,201801
Belém,366.99,2.89,41.81,84h38m,,-9.7,201801
Goiânia,362.23,0.42,41.27,83h32m,,-6.12,201801
Natal,360.48,8.85,41.07,83h08m,,3.11,201801
Manaus,356.48,2.59,40.62,82h13m,,-9.93,201801
Recife,356.47,7.32,40.62,82h12m,,2.9,201801
São Luís,355.22,6.31,40.47,81h55m,,0.35,201801
Aracaju,349.97,2.93,39.87,80h43m,,-2.06,201801
Salvador,333.98,5.47,38.05,77h01m,,-7.16,201801
Rio de Janeiro,438.36,-1.23,49.95,101h05m,4.69,3.25,201802
São Paulo,437.33,-0.43,49.83,100h51m,3.06,2.61,201802
Porto Alegre,434.5,-2.73,49.51,100h12m,1.82,-0.23,201802
Florianópolis,425.05,-1.27,48.43,98h01m,1.54,-2.09,201802
Vitória,410.84,-1.65,46.81,94h44m,6.66,-0.77,201802
Brasília,408.68,-1.88,46.56,94h14m,7.61,-1.9,201802
Fortaleza,395.47,2.03,45.06,91h12m,7.63,-1.6,201802
Cuiabá,395.03,-2.06,45.01,91h06m,4.86,0.15,201802
Curitiba,392.91,-1.7,44.77,90h37m,4.79,1.46,201802
Belo Horizonte,381.9,0.49,43.51,88h04m,5.61,1.12,201802
Belém,379.36,3.37,43.22,87h29m,6.36,-4.1,201802
Campo Grande,372.79,-2.98,42.47,85h58m,1.78,-3.27,201802
Goiânia,364.01,0.49,41.47,83h56m,0.92,-4.25,201802
Manaus,357.05,0.16,40.68,82h20m,2.76,-4.9,201802
São Luís,356.74,0.43,40.65,82h16m,6.77,0.65,201802
Recife,356.06,-0.12,40.57,82h07m,7.2,3.49,201802
João Pessoa,354.15,-3.96,40.35,81h40m,7.47,-2.91,201802
Natal,348.96,-3.2,39.76,80h28m,5.37,-0.77,201802
Aracaju,341.59,-2.39,38.92,78h46m,0.46,-0.91,201802
Salvador,336.59,0.78,38.35,77h37m,6.3,-3.67,201802
Rio de Janeiro,441.19,0.65,50.27,101h44m,5.37,2.29,201803
São Paulo,437.84,0.12,49.89,100h58m,3.18,0.57,201803
Porto Alegre,434.7,0.05,49.53,100h15m,1.87,-0.58,201803
Florianópolis,426.79,0.41,48.63,98h25m,1.95,-1.59,201803
Vitória,410.59,-0.06,46.78,94h41m,6.59,-1.24,201803
Brasília,404.6,-1.0,46.1,93h18m,6.54,-2.6,201803
Curitiba,401.65,2.22,45.76,92h37m,7.12,3.11,201803
Cuiabá,398.54,0.89,45.41,91h55m,5.79,2.21,201803
Fortaleza,389.0,-1.64,44.32,89h43m,5.86,-4.85,201803
Campo Grande,382.47,2.6,43.58,88h12m,4.43,-2.42,201803
Belo Horizonte,378.13,-0.99,43.08,87h12m,4.57,-1.93,201803
Belém,367.06,-3.24,41.82,84h39m,2.91,-6.89,201803
Goiânia,360.43,-0.98,41.07,83h07m,-0.07,-7.18,201803
Manaus,358.28,0.34,40.82,82h37m,3.11,-3.67,201803
São Luís,353.16,-1.0,40.24,81h26m,5.7,-3.05,201803
João Pessoa,349.83,-1.22,39.86,80h40m,6.16,-6.51,201803
Natal,343.26,-1.63,39.11,79h10m,3.65,-5.73,201803
Recife,342.46,-3.82,39.02,78h58m,3.1,-3.86,201803
Aracaju,339.77,-0.53,38.71,78h21m,-0.07,-3.42,201803
Salvador,322.88,-4.07,36.79,74h28m,1.97,-7.66,201803
Rio de Janeiro,440.06,-0.26,50.14,101h29m,5.1,-1.88,201804
São Paulo,434.8,-0.69,49.54,100h16m,2.46,-2.57,201804
Porto Alegre,430.29,-1.01,49.03,99h14m,0.83,-7.3,201804
Florianópolis,426.73,-0.01,48.62,98h25m,1.94,-5.91,201804
Vitória,409.8,-0.19,46.69,94h30m,6.39,-5.04,201804
Brasília,402.31,-0.57,45.84,92h47m,5.94,-5.86,201804
Curitiba,394.07,-1.89,44.9,90h53m,5.1,-2.59,201804
Cuiabá,391.56,-1.75,44.61,90h18m,3.94,-4.82,201804
Fortaleza,378.98,-2.58,43.18,87h24m,3.14,-10.42,201804
Campo Grande,378.4,-1.06,43.11,87h16m,3.31,-5.92,201804
Belo Horizonte,376.58,-0.41,42.91,86h50m,4.14,-5.23,201804
Belém,366.19,-0.24,41.72,84h27m,2.67,-8.02,201804
Goiânia,365.81,1.49,41.68,84h22m,1.42,-5.92,201804
Manaus,360.65,0.66,41.09,83h10m,3.79,-3.56,201804
São Luís,345.33,-2.22,39.35,79h38m,3.35,-5.54,201804
Aracaju,342.39,0.77,39.01,78h58m,0.7,-5.9,201804
Natal,337.67,-1.63,38.47,77h52m,1.96,-8.46,201804
João Pessoa,335.77,-4.02,38.26,77h26m,1.9,-12.22,201804
Recife,333.11,-2.73,37.95,76h49m,0.29,-9.66,201804
Salvador,325.42,0.79,37.08,75h02m,2.77,-11.24,201804
Rio de Janeiro,446.03,1.36,50.82,102h52m,6.52,0.78,201805
Florianópolis,441.62,3.49,50.32,101h50m,5.5,-1.1,201805
São Paulo,441.16,1.46,50.26,101h44m,3.96,-3.87,201805
Porto Alegre,437.73,1.73,49.87,100h56m,2.58,-4.98,201805
Vitória,409.95,0.04,46.71,94h32m,6.43,-2.86,201805
Brasília,404.65,0.58,46.1,93h19m,6.55,-4.23,201805
Campo Grande,398.14,5.22,45.36,91h49m,8.7,0.77,201805
Curitiba,397.17,0.79,45.25,91h35m,5.93,-1.57,201805
Cuiabá,395.49,1.0,45.06,91h12m,4.99,-1.75,201805
Fortaleza,390.79,3.12,44.53,90h07m,6.35,-3.39,201805
Belo Horizonte,375.11,-0.39,42.74,86h30m,3.73,-3.97,201805
Belém,367.56,0.37,41.88,84h46m,3.05,-8.74,201805
Goiânia,366.65,0.23,41.77,84h33m,1.65,-6.64,201805
Manaus,357.71,-0.82,40.76,82h29m,2.95,-4.59,201805
São Luís,349.98,1.35,39.88,80h43m,4.74,-4.06,201805
Aracaju,349.29,2.02,39.8,80h33m,2.73,-5.85,201805
João Pessoa,346.42,3.17,39.47,79h53m,5.13,-9.74,201805
Natal,341.18,1.04,38.87,78h41m,3.02,-6.52,201805
Recife,336.36,0.98,38.32,77h34m,1.27,-11.34,201805
Salvador,327.56,0.66,37.32,75h32m,3.45,-6.76,201805
Porto Alegre,452.81,3.45,51.59,104h25m,6.11,2.06,201806
São Paulo,451.63,2.37,51.46,104h09m,6.43,2.27,201806
Rio de Janeiro,445.58,-0.1,50.77,102h45m,6.42,6.0,201806
Cuiabá,425.32,7.54,48.46,98h05m,12.9,7.61,201806
Florianópolis,425.3,-3.7,48.46,98h05m,1.6,-1.64,201806
Vitória,413.73,0.92,47.14,95h25m,7.41,2.27,201806
Brasília,413.02,2.07,47.06,95h15m,8.76,2.01,201806
Curitiba,412.44,3.84,46.99,95h07m,10.0,4.55,201806
Fortaleza,392.35,0.4,44.7,90h29m,6.78,-3.95,201806
Belém,381.65,3.83,43.48,88h01m,7.0,-2.89,201806
Campo Grande,380.18,-4.51,43.32,87h40m,3.8,-1.68,201806
Belo Horizonte,373.92,-0.32,42.6,86h14m,3.4,-0.25,201806
Manaus,367.89,2.85,41.92,84h50m,5.88,-0.05,201806
Goiânia,365.81,-0.23,41.68,84h22m,1.42,-6.23,201806
São Luís,358.71,2.49,40.87,82h43m,7.36,-1.86,201806
Recife,355.93,5.82,40.55,82h05m,7.16,-4.79,201806
Natal,351.11,2.91,40.0,80h58m,6.02,-0.91,201806
João Pessoa,349.8,0.98,39.86,80h40m,6.15,-5.4,201806
Aracaju,349.55,0.07,39.83,80h37m,2.8,-4.38,201806
Salvador,333.0,1.66,37.94,76h47m,5.16,-4.92,201806
São Paulo,437.42,-3.15,49.84,100h52m,3.08,-1.89,201807
Porto Alegre,435.02,-3.93,49.56,100h19m,1.94,-4.09,201807
Rio de Janeiro,421.89,-5.32,48.07,97h17m,0.76,-0.88,201807
Florianópolis,415.27,-2.36,47.31,95h46m,-0.8,-5.59,201807
Vitória,406.43,-1.76,46.31,93h44m,5.51,-0.75,201807
Curitiba,391.32,-5.12,44.59,90h14m,4.37,-1.92,201807
Brasília,390.34,-5.49,44.47,90h01m,2.78,-3.71,201807
Cuiabá,388.43,-8.67,44.26,89h35m,3.11,-1.67,201807
Fortaleza,379.26,-3.34,43.21,87h28m,3.21,-5.34,201807
Campo Grande,370.59,-2.52,42.22,85h28m,1.18,-3.03,201807
Goiânia,366.38,0.16,41.74,84h29m,1.57,-5.25,201807
Belo Horizonte,363.28,-2.85,41.39,83h47m,0.46,-5.32,201807
Belém,361.11,-5.38,41.14,83h16m,1.24,-7.09,201807
Manaus,355.17,-3.46,40.47,81h55m,2.22,-1.73,201807
Recife,347.43,-2.39,39.59,80h07m,4.6,-3.93,201807
João Pessoa,347.15,-0.76,39.55,80h04m,5.35,-3.95,201807
Aracaju,344.89,-1.33,39.3,79h32m,1.43,-5.32,201807
Natal,341.09,-2.85,38.86,78h40m,2.99,-4.76,201807
São Luís,336.67,-6.14,38.36,77h38m,0.76,-8.41,201807
Salvador,321.62,-3.42,36.64,74h10m,1.57,-9.98,201807
São Paulo,432.81,-1.05,49.31,99h49m,1.99,0.27,201808
Florianópolis,431.3,3.86,49.14,99h28m,3.03,1.17,201808
Porto Alegre,419.81,-3.5,47.83,96h49m,-1.62,-5.82,201808
Rio de Janeiro,417.05,-1.15,47.52,96h11m,-0.4,1.61,201808
Vitória,395.7,-2.64,45.08,91h15m,2.73,-0.55,201808
Curitiba,389.15,-0.55,44.34,89h44m,3.79,1.05,201808
Brasília,385.62,-1.21,43.94,88h56m,1.54,-2.75,201808
Cuiabá,385.61,-0.73,43.94,88h55m,2.36,2.57,201808
Fortaleza,372.89,-1.68,42.49,85h59m,1.48,-4.23,201808
Campo Grande,364.66,-1.6,41.55,84h05m,-0.44,2.7,201808
Goiânia,362.47,-1.07,41.3,83h35m,0.49,-6.29,201808
Belém,360.3,-0.22,41.05,83h05m,1.02,-4.13,201808
Manaus,360.17,1.41,41.04,83h04m,3.65,0.61,201808
Belo Horizonte,357.93,-1.47,40.78,82h32m,-1.02,-1.95,201808
Aracaju,344.92,0.01,39.3,79h32m,1.44,-2.52,201808
Recife,340.14,-2.1,38.75,78h26m,2.41,-0.12,201808
Natal,335.61,-1.61,38.24,77h23m,1.34,-0.15,201808
João Pessoa,335.49,-3.36,38.22,77h22m,1.81,-4.44,201808
São Luís,329.42,-2.15,37.53,75h58m,-1.41,-6.51,201808
Salvador,311.92,-3.02,35.54,71h56m,-1.49,-6.08,201808
Florianópolis,435.47,0.97,49.62,100h25m,4.03,3.89,201809
São Paulo,432.83,0.0,49.32,99h49m,2.0,2.81,201809
Porto Alegre,423.01,0.76,48.2,97h33m,-0.87,-3.13,201809
Rio de Janeiro,418.48,0.34,47.68,96h30m,-0.05,2.0,201809
Vitória,395.64,-0.02,45.08,91h14m,2.71,0.99,201809
Brasília,390.14,1.17,44.45,89h58m,2.73,1.86,201809
Curitiba,387.39,-0.45,44.14,89h20m,3.32,2.9,201809
Campo Grande,383.77,5.24,43.73,88h30m,4.78,6.83,201809
Fortaleza,367.14,-1.54,41.83,84h40m,-0.08,-0.9,201809
Belém,359.51,-0.22,40.96,82h55m,0.8,-2.81,201809
Belo Horizonte,358.83,0.25,40.88,82h45m,-0.77,-0.83,201809
Goiânia,354.11,-2.31,40.35,81h40m,-1.83,-5.06,201809
Aracaju,342.34,-0.75,39.01,78h57m,0.68,-0.53,201809
Recife,332.75,-2.17,37.91,76h44m,0.18,1.25,201809
Natal,330.3,-1.58,37.63,76h10m,-0.27,1.98,201809
João Pessoa,328.99,-1.94,37.48,75h52m,-0.16,-1.75,201809
São Luís,324.04,-1.63,36.92,74h44m,-3.02,-4.24,201809
Salvador,315.86,1.26,35.99,72h50m,-0.25,-0.84,201809
Florianópolis,450.35,3.42,51.31,103h51m,7.58,8.15,201810
Porto Alegre,449.89,6.35,51.26,103h45m,5.42,0.68,201810
São Paulo,446.02,3.05,50.82,102h52m,5.1,4.18,201810
Rio de Janeiro,443.69,6.02,50.55,102h19m,5.97,5.38,201810
Vitória,419.69,6.08,47.82,96h47m,8.96,6.6,201810
Brasília,409.14,4.87,46.62,94h21m,7.73,5.24,201810
Curitiba,406.42,4.91,46.31,93h43m,8.4,4.73,201810
Campo Grande,396.8,3.4,45.21,91h31m,8.34,7.58,201810
Fortaleza,393.4,7.15,44.82,90h43m,7.06,7.02,201810
Belo Horizonte,372.77,3.88,42.47,85h58m,3.09,1.88,201810
Belém,361.7,0.61,41.21,83h25m,1.41,-1.45,201810
Goiânia,357.72,1.02,40.76,82h29m,-0.83,-1.34,201810
Aracaju,342.5,0.05,39.02,78h59m,0.73,0.63,201810
João Pessoa,334.1,1.55,38.07,77h03m,1.39,1.13,201810
São Luís,333.36,2.88,37.98,76h53m,-0.23,-1.19,201810
Salvador,331.02,4.8,37.72,76h20m,4.54,3.99,201810
Recife,330.2,-0.77,37.62,76h09m,-0.59,1.3,201810
Natal,329.9,-0.12,37.59,76h05m,-0.39,1.48,201810
São Paulo,471.37,5.68,53.71,108h42m,11.08,11.37,201811
Porto Alegre,463.09,2.93,52.76,106h47m,8.52,4.26,201811
Rio de Janeiro,460.24,3.73,52.44,106h08m,9.92,12.98,201811
Florianópolis,454.87,1.0,51.83,104h54m,8.66,9.61,201811
Brasília,430.82,5.45,49.09,99h21m,13.44,13.22,201811
Campo Grande,420.8,6.05,47.94,97h02m,14.89,15.5,201811
Curitiba,416.41,2.46,47.44,96h02m,11.06,9.22,201811
Fortaleza,411.66,4.64,46.9,94h56m,12.03,13.12,201811
Vitória,408.55,-2.65,46.55,94h13m,6.06,5.32,201811
Belo Horizonte,401.9,7.81,45.79,92h41m,11.14,11.73,201811
Belém,372.24,2.91,42.41,85h50m,4.37,3.76,201811
Goiânia,368.06,2.89,41.94,84h53m,2.04,1.69,201811
São Luís,354.83,6.44,40.43,81h50m,6.2,6.51,201811
Aracaju,349.76,2.12,39.85,80h40m,2.86,2.54,201811
João Pessoa,339.39,1.58,38.67,78h16m,3.0,4.46,201811
Recife,333.5,1.0,38.0,76h55m,0.41,1.72,201811
Natal,332.21,0.7,37.85,76h37m,0.31,1.22,201811
Salvador,330.17,-0.26,37.62,76h08m,4.27,4.49,201811
Campo Grande,422.88,0.49,48.18,97h31m,15.46,,201812
Brasília,435.83,1.16,49.66,100h31m,14.76,,201812
Belo Horizonte,408.71,1.69,46.57,94h15m,13.03,,201812
Curitiba,419.05,0.63,47.75,96h38m,11.76,,201812
Rio de Janeiro,466.75,1.41,53.18,107h38m,11.47,,201812
São Paulo,471.44,0.01,53.71,108h43m,11.09,,201812
Florianópolis,457.82,0.65,52.16,105h35m,9.37,,201812
Porto Alegre,464.72,0.35,52.95,107h10m,8.9,,201812
Salvador,343.82,4.13,39.17,79h17m,8.58,,201812
Fortaleza,397.34,-3.48,45.27,91h38m,8.13,,201812
Goiânia,388.86,5.65,44.31,89h40m,7.81,,201812
Belém,382.31,2.71,43.56,88h10m,7.19,,201812
São Luís,353.4,-0.4,40.27,81h30m,5.77,,201812
Aracaju,358.75,2.57,40.87,82h44m,5.51,,201812
Vitória,403.79,-1.17,46.01,93h07m,4.83,,201812
João Pessoa,345.21,1.71,39.33,79h37m,4.76,,201812
Natal,341.4,2.77,38.9,78h44m,3.09,,201812
Recife,340.57,2.12,38.8,78h32m,2.53,,201812
São Paulo,467.65,-0.8,50.93,103h05m,,6.48,201901
Rio de Janeiro,460.46,-1.35,50.15,101h30m,,3.75,201901
Porto Alegre,441.65,-4.96,48.1,97h22m,,-1.13,201901
Florianópolis,437.55,-4.43,47.66,96h27m,,1.63,201901
Brasília,427.1,-2.0,46.52,94h09m,,2.55,201901
Vitória,423.96,5.0,46.17,93h28m,,1.49,201901
Campo Grande,414.83,-1.9,45.18,91h27m,,7.96,201901
Belo Horizonte,405.4,-0.81,44.15,89h22m,,6.68,201901
Fortaleza,403.99,1.67,44.0,89h04m,,4.23,201901
Curitiba,401.63,-4.16,43.74,88h32m,,0.48,201901
Goiânia,398.23,2.41,43.37,87h47m,,9.94,201901
Belém,384.78,0.65,41.91,84h49m,,4.85,201901
João Pessoa,360.92,4.55,39.31,79h34m,,-2.13,201901
Aracaju,356.56,-0.61,38.83,78h36m,,1.88,201901
São Luís,353.85,0.13,38.54,78h00m,,-0.39,201901
Salvador,353.43,2.8,38.49,77h55m,,5.82,201901
Natal,351.83,3.06,38.32,77h34m,,-2.4,201901
Recife,348.85,2.43,37.99,76h54m,,-2.14,201901
São Paulo,482.4,3.15,52.54,106h20m,2.32,10.31,201902
Rio de Janeiro,464.47,0.87,50.59,102h23m,-0.49,5.96,201902
Porto Alegre,449.95,1.88,49.01,99h11m,-3.18,3.56,201902
Vitória,449.54,5.97,48.96,99h06m,11.33,9.42,201902
Florianópolis,441.89,0.99,48.13,97h25m,-3.48,3.96,201902
Campo Grande,438.64,5.74,47.77,96h41m,3.73,17.66,201902
Brasília,427.54,0.1,46.56,94h15m,-1.9,4.61,201902
Belo Horizonte,425.0,4.83,46.29,93h41m,3.99,11.29,201902
Fortaleza,416.86,3.19,45.4,91h53m,4.91,5.41,201902
Goiânia,416.4,4.56,45.35,91h47m,7.08,14.39,201902
Curitiba,414.03,3.09,45.09,91h16m,-1.2,5.38,201902
Belém,383.76,-0.27,41.8,84h36m,0.38,1.16,201902
Aracaju,379.61,6.46,41.34,83h41m,5.81,11.13,201902
João Pessoa,378.26,4.8,41.2,83h23m,9.57,6.81,201902
Recife,376.34,7.88,40.99,82h58m,10.5,5.7,201902
Natal,375.58,6.75,40.91,82h47m,10.01,7.63,201902
São Luís,368.82,4.23,40.17,81h18m,4.36,3.39,201902
Salvador,362.93,2.69,39.53,80h00m,5.56,7.83,201902
São Paulo,509.11,5.54,55.45,112h14m,7.99,16.28,201903
Rio de Janeiro,496.33,6.86,54.06,109h25m,6.34,12.5,201903
Porto Alegre,479.53,6.57,52.23,105h43m,3.19,10.31,201903
Vitória,475.84,5.85,51.83,104h53m,17.84,15.89,201903
Brasília,474.94,11.09,51.73,104h42m,8.97,17.39,201903
Florianópolis,474.07,7.28,51.63,104h30m,3.55,11.08,201903
Campo Grande,447.5,2.02,48.74,98h39m,5.82,17.0,201903
Fortaleza,445.12,6.78,48.48,98h07m,12.02,14.43,201903
Curitiba,443.86,7.2,48.34,97h50m,5.92,10.51,201903
Belo Horizonte,443.26,4.3,48.28,97h43m,8.45,17.22,201903
Goiânia,433.43,4.09,47.21,95h33m,11.46,20.25,201903
Belém,408.67,6.49,44.51,90h05m,6.89,11.34,201903
Recife,401.35,6.65,43.71,88h28m,17.85,17.2,201903
João Pessoa,400.38,5.85,43.61,88h16m,15.98,14.45,201903
Natal,399.01,6.24,43.46,87h58m,16.87,16.24,201903
São Luís,395.58,7.26,43.08,87h12m,11.94,12.01,201903
Aracaju,385.62,1.58,42.0,85h01m,7.49,13.49,201903
Salvador,382.35,5.35,41.64,84h17m,11.21,18.42,201903
São Paulo,522.05,2.54,56.86,115h05m,10.74,20.07,201904
Rio de Janeiro,515.58,3.88,56.15,113h39m,10.46,17.16,201904
Porto Alegre,499.38,4.14,54.39,110h05m,7.46,16.06,201904
Vitória,498.54,4.77,54.3,109h54m,23.47,21.65,201904
Campo Grande,492.55,10.07,53.65,108h35m,16.48,30.17,201904
Brasília,487.02,2.54,53.04,107h22m,11.75,21.06,201904
Florianópolis,482.3,1.74,52.53,106h19m,5.35,13.02,201904
Curitiba,461.91,4.07,50.31,101h49m,10.23,17.22,201904
Fortaleza,459.2,3.16,50.01,101h14m,15.57,21.17,201904
Belo Horizonte,456.91,3.08,49.76,100h43m,11.79,21.33,201904
Goiânia,445.28,2.73,48.5,98h10m,14.51,21.72,201904
São Luís,423.66,7.1,46.14,93h23m,19.88,22.68,201904
Belém,423.17,3.55,46.09,93h17m,10.69,15.56,201904
Recife,417.03,3.91,45.42,91h56m,22.45,25.19,201904
João Pessoa,412.27,2.97,44.9,90h53m,19.43,22.78,201904
Natal,410.1,2.78,44.67,90h24m,20.12,21.45,201904
Aracaju,404.68,4.94,44.08,89h13m,12.8,18.19,201904
Salvador,396.75,3.77,43.21,87h28m,15.39,21.92,201904
São Paulo,507.07,-2.87,55.23,111h47m,7.56,14.94,201905
Porto Alegre,496.13,-0.65,54.04,109h22m,6.76,13.34,201905
Rio de Janeiro,492.93,-4.39,53.69,108h40m,5.61,10.51,201905
Florianópolis,487.93,1.17,53.14,107h34m,6.58,10.49,201905
Brasília,487.3,0.06,53.07,107h25m,11.81,20.43,201905
Vitória,484.84,-2.75,52.81,106h53m,20.07,18.27,201905
Curitiba,451.38,-2.28,49.16,99h30m,7.72,13.65,201905
Fortaleza,444.44,-3.21,48.41,97h58m,11.85,13.73,201905
Goiânia,425.35,-4.48,46.33,93h46m,9.38,16.01,201905
Belo Horizonte,424.85,-7.02,46.27,93h39m,3.95,13.26,201905
Campo Grande,423.97,-13.92,46.18,93h28m,0.26,6.49,201905
Belém,418.05,-1.21,45.53,92h10m,9.35,13.74,201905
Recife,417.85,0.2,45.51,92h07m,22.69,24.23,201905
Aracaju,408.16,0.86,44.45,89h59m,13.77,16.85,201905
Natal,406.07,-0.98,44.23,89h31m,18.94,19.02,201905
João Pessoa,403.57,-2.11,43.95,88h58m,16.91,16.5,201905
Salvador,392.97,-0.95,42.8,86h38m,14.3,19.97,201905
São Paulo,507.07,-2.87,55.23,111h47m,7.56,14.94,201905
São Paulo,501.68,-1.06,54.64,110h35m,6.41,11.08,201906
Rio de Janeiro,498.67,1.16,54.31,109h56m,6.84,11.91,201906
Porto Alegre,498.41,0.46,54.28,109h52m,7.25,10.07,201906
Florianópolis,494.96,1.44,53.91,109h07m,8.11,16.38,201906
Vitória,485.34,0.1,52.86,106h59m,20.2,17.31,201906
Brasília,454.9,-6.65,49.54,100h17m,4.38,10.14,201906
Fortaleza,448.73,0.97,48.87,98h55m,12.93,14.37,201906
Curitiba,446.54,-1.07,48.63,98h26m,6.56,8.27,201906
Belo Horizonte,429.3,1.05,46.76,94h38m,5.04,14.81,201906
Campo Grande,428.33,1.03,46.65,94h25m,1.29,12.67,201906
Goiânia,421.65,-0.87,45.92,92h57m,8.43,15.26,201906
Belém,407.67,-2.48,44.4,89h52m,6.63,6.82,201906
João Pessoa,398.72,-1.2,43.43,87h53m,15.5,13.99,201906
Natal,397.24,-2.17,43.26,87h34m,16.36,13.14,201906
Recife,396.21,-5.18,43.15,87h20m,16.34,11.32,201906
Salvador,384.76,-2.09,41.91,84h49m,11.91,15.54,201906
Aracaju,383.09,-6.14,41.72,84h27m,6.78,9.6,201906
Porto Alegre,493.22,-1.04,53.72,108h44m,6.13,13.38,201907
São Paulo,493.16,-1.7,53.71,108h43m,4.61,12.74,201907
Florianópolis,483.2,-2.38,52.63,106h31m,5.54,16.36,201907
Rio de Janeiro,479.28,-3.89,52.2,105h39m,2.68,13.6,201907
Vitória,466.93,-3.79,50.85,102h56m,15.64,14.89,201907
Brasília,449.27,-1.24,48.93,99h02m,3.08,15.1,201907
Curitiba,443.68,-0.64,48.32,97h49m,5.88,13.38,201907
Fortaleza,432.96,-3.51,47.16,95h26m,8.96,14.16,201907
Goiânia,420.55,-0.26,45.8,92h43m,8.15,14.79,201907
Campo Grande,420.07,-1.93,45.75,92h36m,-0.66,13.35,201907
Belo Horizonte,415.03,-3.32,45.2,91h29m,1.55,14.25,201907
Belém,403.35,-1.06,43.93,88h55m,5.5,11.7,201907
João Pessoa,385.58,-3.3,41.99,85h00m,11.69,11.07,201907
Natal,381.27,-4.02,41.53,84h03m,11.68,11.78,201907
Recife,381.1,-3.81,41.51,84h01m,11.9,9.69,201907
Salvador,372.25,-3.25,40.54,82h04m,8.27,15.74,201907
Aracaju,359.95,-6.04,39.2,79h21m,0.33,4.37,201907
São Paulo,481.44,-2.38,52.44,106h08m,2.12,11.24,201908
Porto Alegre,469.17,-4.88,51.1,103h25m,0.96,11.76,201908
Florianópolis,464.24,-3.92,50.56,102h20m,1.4,7.64,201908
Rio de Janeiro,462.24,-3.56,50.34,101h54m,-0.97,10.84,201908
Vitória,441.5,-5.45,48.09,97h19m,9.34,11.57,201908
Curitiba,441.28,-0.54,48.06,97h17m,5.3,13.4,201908
Brasília,433.45,-3.52,47.21,95h33m,-0.55,12.4,201908
Campo Grande,408.11,-2.85,44.45,89h58m,-3.49,11.92,201908
Fortaleza,402.84,-6.96,43.87,88h48m,1.38,8.03,201908
Belo Horizonte,401.14,-3.35,43.69,88h26m,-1.85,12.07,201908
Goiânia,399.4,-5.03,43.5,88h02m,2.71,10.19,201908
Belém,393.94,-2.33,42.91,86h50m,3.04,9.34,201908
João Pessoa,367.86,-4.6,40.06,81h05m,6.56,9.65,201908
Recife,361.64,-5.11,39.39,79h43m,6.19,6.32,201908
Natal,354.44,-7.04,38.6,78h08m,3.82,5.61,201908
Salvador,350.75,-5.78,38.2,77h19m,2.02,12.45,201908
Aracaju,337.96,-6.11,36.81,74h30m,-5.8,-2.02,201908
São Paulo,473.85,-1.58,51.61,104h28m,0.51,9.48,201909
Porto Alegre,458.29,-2.32,49.91,101h02m,-1.38,8.34,201909
Rio de Janeiro,458.21,-0.87,49.91,101h01m,-1.83,9.49,201909
Florianópolis,454.94,-2.0,49.55,100h17m,-0.63,4.47,201909
Vitória,429.06,-2.82,46.73,94h35m,6.26,8.45,201909
Curitiba,424.81,-3.73,46.27,93h39m,1.37,9.66,201909
Brasília,420.01,-3.1,45.74,92h35m,-3.63,7.66,201909
Campo Grande,396.98,-2.73,43.24,87h31m,-6.12,3.44,201909
Goiânia,391.31,-2.03,42.62,86h16m,0.63,10.51,201909
Belo Horizonte,390.93,-2.55,42.58,86h11m,-4.35,8.95,201909
Fortaleza,384.17,-4.63,41.84,84h41m,-3.31,4.64,201909
Belém,382.11,-3.0,41.62,84h14m,-0.05,6.29,201909
Recife,367.16,1.53,39.99,80h56m,7.81,10.34,201909
João Pessoa,359.62,-2.24,39.17,79h16m,4.17,9.31,201909
Natal,352.57,-0.53,38.4,77h43m,3.27,6.74,201909
Salvador,345.04,-1.63,37.58,76h04m,0.35,9.24,201909
Aracaju,328.7,-2.74,35.8,72h28m,-8.38,-3.98,201909
São Paulo,473.59,-0.05,51.58,104h24m,0.46,6.18,201910
Porto Alegre,463.24,1.08,50.45,102h07m,-0.32,2.97,201910
Rio de Janeiro,462.57,0.95,50.38,101h58m,-0.9,4.26,201910
Florianópolis,458.28,0.73,49.91,101h01m,0.1,1.76,201910
Brasília,441.91,5.21,48.13,97h25m,1.4,8.16,201910
Vitória,428.25,-0.19,46.64,94h24m,6.06,2.04,201910
Curitiba,421.86,-0.69,45.95,93h00m,0.67,3.8,201910
Campo Grande,409.3,3.1,44.58,90h14m,-3.21,3.15,201910
Goiânia,395.7,1.12,43.1,87h14m,1.76,10.62,201910
Belo Horizonte,391.85,0.24,42.68,86h23m,-4.13,5.12,201910
Fortaleza,387.18,0.78,42.17,85h21m,-2.56,-1.58,201910
Belém,377.37,-1.24,41.1,83h11m,-1.29,4.33,201910
Recife,359.55,-2.07,39.16,79h16m,5.57,8.89,201910
João Pessoa,351.19,-2.34,38.25,77h25m,1.73,5.12,201910
Salvador,347.65,0.76,37.86,76h38m,1.11,5.02,201910
Natal,341.9,-3.03,37.24,75h22m,0.15,3.64,201910
Aracaju,325.01,-1.12,35.4,71h39m,-9.4,-5.11,201910
Florianópolis,478.68,4.45,52.13,105h31m,4.56,5.23,201911
São Paulo,465.81,-1.64,50.73,102h41m,-1.19,-1.18,201911
Vitória,462.06,7.89,50.32,101h52m,14.43,13.1,201911
Rio de Janeiro,455.37,-1.56,49.6,100h23m,-2.44,-1.06,201911
Porto Alegre,453.82,-2.03,49.43,100h02m,-2.35,-2.0,201911
Campo Grande,422.06,3.12,45.97,93h02m,-0.19,0.3,201911
Curitiba,413.63,-1.95,45.05,91h11m,-1.29,-0.67,201911
Goiânia,400.16,1.13,43.58,88h13m,2.91,8.72,201911
Fortaleza,395.82,2.23,43.11,87h15m,-0.38,-3.85,201911
Belo Horizonte,393.58,0.44,42.87,86h46m,-3.7,-2.07,201911
Belém,381.28,1.04,41.53,84h03m,-0.27,2.43,201911
Recife,354.64,-1.37,38.63,78h11m,4.13,6.34,201911
Natal,347.89,1.75,37.89,76h41m,1.9,4.72,201911
João Pessoa,347.14,-1.15,37.81,76h31m,0.56,2.28,201911
Salvador,341.45,-1.78,37.19,75h16m,-0.69,3.42,201911
Aracaju,325.4,0.12,35.44,71h44m,-9.3,-6.96,201911
Vitória,499.23,8.04,54.37,110h03m,23.64,,201912
Goiânia,454.75,13.64,49.53,100h15m,16.94,,201912
Recife,393.8,11.04,42.89,86h49m,15.63,,201912
Natal,383.76,10.31,41.8,84h36m,12.41,,201912
Florianópolis,511.7,6.9,55.73,112h48m,11.77,,201912
Rio de Janeiro,516.91,13.51,56.3,113h57m,10.75,,201912
Curitiba,458.88,10.94,49.98,101h10m,9.5,,201912
Fortaleza,433.64,9.55,47.23,95h35m,9.14,,201912
Porto Alegre,506.3,11.56,55.14,111h37m,8.95,,201912
Belo Horizonte,444.91,13.04,48.46,98h05m,8.86,,201912
Brasília,473.9,,51.61,104h28m,8.74,,201912
Belém,414.13,8.62,45.1,91h17m,8.32,,201912
João Pessoa,373.56,7.61,40.69,82h21m,8.21,,201912
São Paulo,506.5,8.74,55.16,111h39m,7.44,,201912
Campo Grande,450.08,6.64,49.02,99h13m,6.43,,201912
Salvador,360.51,5.58,39.26,79h28m,4.85,,201912
Aracaju,351.97,8.17,38.33,77h35m,-1.89,,201912
São Paulo,517.51,2.17,54.14,109h35m,,10.66,202001
Rio de Janeiro,507.13,-1.89,53.05,107h23m,,10.14,202001
Porto Alegre,502.98,-0.66,52.62,106h30m,,13.89,202001
Vitória,492.2,-1.41,51.49,104h13m,,16.03,202001
Florianópolis,489.13,-4.41,51.17,103h34m,,11.79,202001
Brasília,483.17,1.96,50.55,102h19m,,13.13,202001
Campo Grande,458.0,1.76,47.91,96h59m,,10.41,202001
Belo Horizonte,456.35,2.57,47.74,96h38m,,12.57,202001
Goiânia,455.08,0.07,47.61,96h22m,,14.28,202001
Curitiba,452.32,-1.43,47.32,95h47m,,12.62,202001
Fortaleza,433.39,-0.06,45.34,91h46m,,7.28,202001
Belém,415.56,0.35,43.47,87h59m,,8.0,202001
Recife,395.93,0.54,41.42,83h50m,,13.5,202001
Natal,389.26,1.43,40.72,82h25m,,10.64,202001
João Pessoa,388.02,3.87,40.59,82h10m,,7.51,202001
Salvador,376.49,4.43,39.39,79h43m,,6.52,202001
Aracaju,368.69,4.75,38.57,78h04m,,3.4,202001
São Paulo,519.76,0.43,54.06,109h25m,,2.62,202002
Rio de Janeiro,505.55,-0.31,52.58,106h26m,,-2.2,202002
Florianópolis,493.15,0.82,51.29,103h49m,,-3.63,202002
Porto Alegre,492.83,-2.02,51.26,103h45m,,-2.66,202002
Brasília,481.78,-0.29,50.11,101h26m,,1.66,202002
Vitória,480.03,-2.47,49.93,101h04m,,-3.85,202002
Fortaleza,462.99,6.83,48.16,97h28m,,6.77,202002
Belo Horizonte,459.1,0.6,47.75,96h39m,,3.19,202002
Goiânia,448.62,-1.42,46.66,94h27m,,-1.35,202002
Curitiba,447.91,-0.97,46.59,94h18m,,-2.39,202002
Campo Grande,445.4,-2.75,46.33,93h46m,,-1.04,202002
Belém,432.95,4.18,45.03,91h09m,,4.54,202002
Recife,420.27,6.15,43.71,88h29m,,6.72,202002
Natal,405.88,4.27,42.22,85h27m,,5.76,202002
João Pessoa,403.98,4.11,42.02,85h03m,,8.14,202002
Salvador,395.49,5.05,41.14,83h16m,,9.7,202002
Aracaju,371.22,0.69,38.61,78h09m,,5.47,202002
Rio de Janeiro,533.65,5.56,55.21,112h21m,,3.24,202003
São Paulo,518.5,-0.24,53.64,109h10m,,2.37,202003
Florianópolis,517.13,4.86,53.5,108h52m,,1.06,202003
Vitória,504.78,5.16,52.22,106h16m,,1.11,202003
Porto Alegre,497.88,1.02,51.51,104h49m,,-1.66,202003
Brasília,484.15,0.49,50.09,101h56m,,2.16,202003
Fortaleza,475.11,2.62,49.15,100h01m,,9.56,202003
Campo Grande,474.53,6.54,49.09,99h54m,,5.43,202003
Curitiba,465.47,3.92,48.15,97h59m,,1.44,202003
Belo Horizonte,461.28,0.47,47.72,97h07m,,3.68,202003
Goiânia,456.18,1.69,47.19,96h02m,,0.31,202003
Recife,433.28,3.1,44.82,91h13m,,10.03,202003
Natal,426.0,4.96,44.07,89h41m,,11.01,202003
Belém,418.8,-3.27,43.33,88h10m,,1.13,202003
João Pessoa,414.05,2.49,42.83,87h10m,,10.84,202003
Salvador,408.06,3.18,42.21,85h55m,,13.19,202003
Aracaju,390.2,5.11,40.37,82h09m,,10.86,202003
São Paulo,556.25,7.28,57.55,117h07m,9.82,6.55,202004
Rio de Janeiro,544.34,2.0,56.31,114h36m,5.31,5.58,202004
Vitória,537.89,6.56,55.65,113h14m,7.74,7.89,202004
Porto Alegre,527.01,5.85,54.52,110h57m,4.09,5.53,202004
Florianópolis,523.8,1.29,54.19,110h16m,2.36,8.6,202004
Curitiba,511.23,9.83,52.89,107h38m,11.41,10.68,202004
Campo Grande,495.69,4.46,51.28,104h22m,10.13,0.64,202004
Goiânia,493.21,8.12,51.02,103h50m,8.46,10.76,202004
Belo Horizonte,484.55,5.04,50.13,102h01m,8.91,6.05,202004
Fortaleza,482.46,1.55,49.91,101h34m,11.26,5.07,202004
Brasília,471.17,-2.68,48.74,99h11m,-0.58,-3.25,202004
Recife,461.26,6.46,47.72,97h07m,17.13,10.61,202004
João Pessoa,437.93,5.77,45.31,92h12m,17.23,6.22,202004
Belém,434.19,3.67,44.92,91h25m,4.84,2.6,202004
Natal,428.28,0.54,44.31,90h10m,11.6,4.43,202004
Salvador,425.12,4.18,43.98,89h30m,17.92,7.15,202004
Aracaju,401.37,2.86,41.52,84h30m,14.04,-0.82,202004
Rio de Janeiro,558.81,2.66,57.81,117h38m,8.11,13.36,202005
São Paulo,556.36,0.02,57.56,117h08m,9.84,9.72,202005
Vitória,536.73,-0.22,55.53,113h00m,7.51,10.7,202005
Curitiba,531.27,3.92,54.96,111h51m,15.78,17.7,202005
Florianópolis,524.07,0.05,54.22,110h20m,2.42,7.41,202005
Porto Alegre,518.63,-1.59,53.65,109h11m,2.44,4.54,202005
Goiânia,505.99,2.59,52.35,106h31m,11.27,18.96,202005
Belo Horizonte,484.02,-0.11,50.07,101h54m,8.79,13.93,202005
Campo Grande,455.35,-8.14,47.11,95h52m,1.17,7.4,202005
Fortaleza,455.18,-5.65,47.09,95h50m,4.97,2.42,202005
Belém,453.36,4.42,46.9,95h26m,9.47,8.45,202005
Recife,451.45,-2.13,46.7,95h02m,14.64,8.04,202005
Brasília,441.09,-6.38,45.63,92h52m,-6.92,-9.48,202005
João Pessoa,440.25,0.53,45.55,92h41m,17.85,9.09,202005
Natal,429.57,0.3,44.44,90h26m,11.94,5.79,202005
Salvador,410.33,-3.48,42.45,86h23m,13.82,4.42,202005
Aracaju,400.15,-0.3,41.4,84h14m,13.69,-1.96,202005
São Paulo,547.03,-1.68,56.59,115h10m,8.0,9.04,202006
Florianópolis,516.97,-1.35,53.48,108h50m,1.03,4.45,202006
Rio de Janeiro,512.84,-8.23,53.05,107h58m,-0.79,2.84,202006
Porto Alegre,512.4,-1.2,53.01,107h52m,1.2,2.81,202006
Curitiba,506.04,-4.75,52.35,106h32m,10.28,13.32,202006
Vitória,500.01,-6.84,51.73,105h16m,0.16,3.02,202006
Goiânia,480.78,-4.98,49.74,101h13m,5.72,14.02,202006
Belo Horizonte,475.19,-1.82,49.16,100h02m,6.81,10.69,202006
Campo Grande,475.01,4.32,49.14,100h00m,5.54,10.9,202006
Fortaleza,464.31,2.01,48.03,97h45m,7.07,3.47,202006
Belém,453.87,0.11,46.95,95h33m,9.6,11.33,202006
Brasília,450.45,2.12,46.6,94h50m,-4.95,-0.98,202006
Natal,442.46,3.0,45.77,93h09m,15.3,11.38,202006
Recife,435.3,-3.58,45.03,91h38m,10.54,9.87,202006
João Pessoa,430.44,-2.23,44.53,90h37m,15.23,7.96,202006
Aracaju,420.03,4.97,43.45,88h26m,19.34,9.64,202006
Salvador,419.18,2.16,43.37,88h15m,16.27,8.95,202006
Curitiba,526.14,3.97,54.43,110h46m,14.66,18.59,202007
São Paulo,524.74,-4.07,54.29,110h28m,3.6,6.4,202007
Florianópolis,522.03,0.98,54.01,109h54m,2.02,8.04,202007
Porto Alegre,511.22,-0.23,52.89,107h38m,0.97,3.65,202007
Rio de Janeiro,505.72,-1.39,52.32,106h28m,-2.16,5.52,202007
Vitória,484.8,-3.04,50.15,102h04m,-2.89,3.83,202007
Goiânia,472.86,-1.65,48.92,99h33m,3.98,12.44,202007
Belo Horizonte,465.06,-2.13,48.11,97h55m,4.53,12.05,202007
Fortaleza,454.74,-2.06,47.04,95h44m,4.87,5.03,202007
Brasília,449.96,-0.11,46.55,94h44m,-5.05,0.15,202007
Belém,440.99,-2.84,45.62,92h50m,6.49,9.33,202007
Recife,436.1,0.18,45.12,91h49m,10.74,14.43,202007
Natal,430.66,-2.67,44.55,90h40m,12.22,12.95,202007
João Pessoa,417.75,-2.95,43.22,87h57m,11.83,8.34,202007
Salvador,415.22,-0.94,42.96,87h25m,15.18,11.54,202007
Aracaju,392.75,-6.49,40.63,82h41m,11.59,9.11,202007
São Paulo,539.95,2.9,55.86,113h40m,6.6,12.15,202008
Florianópolis,530.42,1.61,54.87,111h40m,3.66,14.26,202008
Rio de Janeiro,529.76,4.75,54.81,111h32m,2.49,14.61,202008
Porto Alegre,528.61,3.4,54.69,111h17m,4.41,12.67,202008
Vitória,509.45,5.08,52.7,107h15m,2.05,15.39,202008
Curitiba,505.54,-3.92,52.3,106h26m,10.17,14.56,202008
Campo Grande,484.46,0.97,50.12,101h59m,7.64,18.71,202008
Goiânia,483.15,2.18,49.98,101h43m,6.25,20.97,202008
Belo Horizonte,478.07,2.8,49.46,100h39m,7.45,19.18,202008
Fortaleza,462.13,1.63,47.81,97h17m,6.57,14.72,202008
Brasília,443.28,-1.48,45.86,93h19m,-6.46,2.27,202008
Belém,441.51,0.12,45.68,92h57m,6.61,12.08,202008
Recife,439.19,0.71,45.44,92h28m,11.53,21.44,202008
Natal,419.47,-2.6,43.4,88h19m,9.31,18.35,202008
Salvador,418.72,0.84,43.32,88h09m,16.15,19.38,202008
João Pessoa,414.5,-0.78,42.88,87h16m,10.96,12.68,202008
Aracaju,398.47,1.46,41.22,83h53m,13.21,17.9,202008
Florianópolis,582.4,9.8,60.25,122h37m,13.82,28.02,202009
Rio de Janeiro,563.75,6.42,58.32,118h41m,9.06,23.03,202009
São Paulo,563.35,4.33,58.28,118h36m,11.22,18.89,202009
Porto Alegre,552.86,4.59,57.19,116h23m,9.2,20.64,202009
Vitória,539.36,5.87,55.8,113h33m,8.04,25.71,202009
Curitiba,524.25,3.7,54.24,110h22m,14.25,23.41,202009
Goiânia,510.52,5.66,52.81,107h29m,12.26,30.46,202009
Campo Grande,492.8,1.72,50.98,103h45m,9.49,24.14,202009
Belo Horizonte,491.62,2.83,50.86,103h30m,10.5,25.76,202009
Fortaleza,485.75,5.11,50.25,102h16m,12.02,26.44,202009
Recife,464.31,5.72,48.03,97h45m,17.91,26.46,202009
Salvador,459.33,9.7,47.52,96h42m,27.41,33.12,202009
Belém,459.21,4.01,47.51,96h41m,10.89,20.18,202009
Brasília,445.76,0.56,46.12,93h50m,-5.94,6.13,202009
João Pessoa,432.04,4.23,44.7,90h58m,15.65,20.14,202009
Aracaju,426.87,7.13,44.16,89h52m,21.28,29.87,202009
Natal,422.31,0.68,43.69,88h55m,10.05,19.78,202009
São Paulo,595.87,5.77,61.64,125h27m,17.64,25.82,202010
Rio de Janeiro,592.25,5.06,61.27,124h41m,14.58,28.03,202010
Florianópolis,584.76,0.41,60.5,123h07m,14.28,27.6,202010
Porto Alegre,581.39,5.16,60.15,122h24m,14.83,25.51,202010
Vitória,552.85,2.5,57.19,116h23m,10.74,29.1,202010
Goiânia,537.61,5.31,55.62,113h11m,18.22,35.86,202010
Curitiba,521.12,-0.6,53.91,109h43m,13.56,23.53,202010
Campo Grande,520.12,5.54,53.81,109h30m,15.56,27.08,202010
Belo Horizonte,516.82,5.13,53.47,108h48m,16.16,31.89,202010
Fortaleza,510.54,5.1,52.82,107h29m,17.73,31.86,202010
Brasília,490.48,10.03,50.74,103h16m,3.5,10.99,202010
Recife,469.05,1.02,48.52,98h45m,19.11,30.45,202010
Belém,468.22,1.96,48.44,98h34m,13.06,24.07,202010
Salvador,454.5,-1.05,47.02,95h41m,26.07,30.73,202010
João Pessoa,449.97,4.15,46.55,94h44m,20.45,28.13,202010
Aracaju,442.26,3.55,45.75,93h07m,25.65,36.08,202010
Natal,436.76,3.42,45.18,91h57m,13.81,27.74,202010
Rio de Janeiro,629.63,6.31,65.14,132h33m,21.81,38.27,202011
São Paulo,629.18,5.59,65.09,132h28m,24.22,35.07,202011
Porto Alegre,617.03,6.13,63.83,129h54m,21.87,35.96,202011
Florianópolis,616.98,5.51,63.83,129h53m,20.57,28.89,202011
Vitória,606.59,9.72,62.75,127h42m,21.51,31.28,202011
Campo Grande,589.08,13.26,60.94,124h01m,30.88,39.57,202011
Brasília,572.64,17.05,59.24,120h34m,20.84,,202011
Goiânia,557.46,3.69,57.67,117h22m,22.59,39.31,202011
Belo Horizonte,552.37,6.88,57.14,116h17m,24.15,40.35,202011
Curitiba,547.29,5.02,56.62,115h13m,19.27,32.31,202011
Fortaleza,539.33,5.64,55.8,113h32m,24.37,36.26,202011
Salvador,488.1,7.39,50.5,102h46m,35.39,42.95,202011
Belém,486.5,3.9,50.33,102h25m,17.48,27.6,202011
Recife,462.98,-1.3,47.9,97h28m,17.57,30.55,202011
Natal,455.43,4.27,47.12,95h53m,18.68,30.91,202011
João Pessoa,454.85,1.08,47.06,95h46m,21.76,31.03,202011
Aracaju,451.32,2.05,46.69,95h01m,28.23,38.7,202011
São Paulo,631.46,0.36,65.33,132h56m,,24.67,202012
Rio de Janeiro,621.09,-1.36,64.25,130h46m,,20.15,202012
Porto Alegre,615.66,-0.22,63.69,129h37m,,21.6,202012
Florianópolis,615.57,-0.23,63.68,129h35m,,20.3,202012
Vitória,600.28,-1.04,62.1,126h22m,,20.24,202012
Brasília,591.82,3.35,61.23,124h35m,,24.88,202012
Campo Grande,576.48,-2.14,59.64,121h22m,,28.08,202012
Belo Horizonte,568.53,2.93,58.82,119h41m,,27.79,202012
Goiânia,563.8,1.14,58.33,118h41m,,23.98,202012
Curitiba,540.36,-1.27,55.9,113h46m,,17.76,202012
Fortaleza,534.96,-0.81,55.34,112h37m,,23.37,202012
Belém,500.89,2.96,51.82,105h27m,,20.95,202012
Salvador,479.08,-1.85,49.56,100h52m,,32.89,202012
João Pessoa,475.19,4.47,49.16,100h02m,,27.21,202012
Recife,469.39,1.38,48.56,98h49m,,19.2,202012
Natal,458.79,0.74,47.46,96h35m,,19.55,202012
Aracaju,453.16,0.41,46.88,95h24m,,28.75,202012
São Paulo,654.15,3.59,64.29,130h50m,,26.4,202101
Florianópolis,651.37,5.82,64.02,130h16m,,33.17,202101
Rio de Janeiro,644.0,3.69,63.29,128h48m,,26.99,202101
Porto Alegre,626.25,1.72,61.55,125h15m,,24.51,202101
Vitória,624.62,4.05,61.39,124h55m,,26.9,202101
Brasília,614.31,3.8,60.37,122h52m,,27.14,202101
Belo Horizonte,592.26,4.17,58.21,118h27m,,29.78,202101
Campo Grande,578.62,0.37,56.87,115h43m,,26.34,202101
Goiânia,574.76,1.94,56.49,114h57m,,26.3,202101
Curitiba,559.73,3.58,55.01,111h57m,,23.75,202101
Fortaleza,532.97,-0.37,52.38,106h35m,,22.98,202101
Belém,507.31,1.28,49.86,101h28m,,22.08,202101
Salvador,488.94,2.06,48.05,97h47m,,29.87,202101
Recife,474.22,1.03,46.61,94h50m,,19.77,202101
João Pessoa,471.87,-0.7,46.38,94h22m,,21.61,202101
Natal,454.49,-0.94,44.67,90h54m,,16.76,202101
Aracaju,450.84,-0.51,44.31,90h10m,,22.28,202101
Florianópolis,639.81,-1.77,62.88,127h58m,3.94,29.74,202102
São Paulo,639.47,-2.24,62.85,127h53m,1.27,23.03,202102
Porto Alegre,632.67,1.03,62.18,126h32m,2.76,28.37,202102
Rio de Janeiro,629.82,-2.2,61.9,125h58m,1.41,24.58,202102
Vitória,609.27,-2.46,59.88,121h51m,1.5,26.92,202102
Brasília,591.44,-3.72,58.13,118h17m,-0.06,22.76,202102
Belo Horizonte,573.53,-3.16,56.37,114h43m,0.88,24.92,202102
Curitiba,572.77,2.33,56.29,114h33m,6.0,27.88,202102
Goiânia,560.67,-2.45,55.1,112h08m,-0.56,24.98,202102
Campo Grande,551.58,-4.67,54.21,110h19m,-4.32,23.84,202102
Fortaleza,523.46,-1.78,51.45,104h41m,-2.15,13.06,202102
Belém,512.95,1.11,50.41,102h35m,2.41,18.48,202102
João Pessoa,484.54,2.69,47.62,96h55m,1.97,19.94,202102
Salvador,479.19,-1.99,47.09,95h50m,0.02,21.16,202102
Recife,469.71,-0.95,46.16,93h56m,0.07,11.76,202102
Natal,464.43,2.19,45.64,92h53m,1.23,14.43,202102
Aracaju,445.9,-1.1,43.82,89h11m,-1.6,20.12,202102
Florianópolis,632.75,-1.1,62.19,126h33m,2.79,22.36,202103
São Paulo,626.0,-2.11,61.52,125h12m,-0.86,20.73,202103
Porto Alegre,623.37,-1.47,61.26,124h40m,1.25,25.2,202103
Rio de Janeiro,612.56,-2.74,60.2,122h31m,-1.37,14.79,202103
Vitória,596.91,-2.03,58.66,119h23m,-0.56,18.25,202103
Brasília,580.76,-1.81,57.08,116h09m,-1.87,19.95,202103
Curitiba,577.17,0.77,56.72,115h26m,6.81,24.0,202103
Belo Horizonte,555.67,-3.11,54.61,111h08m,-2.26,20.46,202103
Campo Grande,552.99,0.26,54.35,110h36m,-4.07,16.53,202103
Goiânia,552.05,-1.54,54.26,110h25m,-2.08,21.02,202103
Fortaleza,517.05,-1.22,50.82,103h25m,-3.35,8.83,202103
Belém,515.77,0.55,50.69,103h09m,2.97,23.15,202103
João Pessoa,478.52,-1.24,47.03,95h42m,0.7,15.57,202103
Natal,477.56,2.83,46.93,95h31m,4.09,12.1,202103
Aracaju,468.79,5.13,46.07,93h46m,3.45,20.14,202103
Recife,461.33,-1.78,45.34,92h16m,-1.72,6.47,202103
Salvador,461.28,-3.74,45.33,92h16m,-3.72,13.04,202103
Florianópolis,634.53,0.28,62.36,126h55m,3.08,21.14,202104
São Paulo,632.61,1.06,62.17,126h31m,0.18,13.73,202104
Porto Alegre,626.11,0.44,61.53,125h13m,1.7,18.8,202104
Rio de Janeiro,622.04,1.55,61.13,124h25m,0.15,14.27,202104
Vitória,610.98,2.36,60.05,122h12m,1.78,13.59,202104
Brasília,587.33,1.13,57.72,117h28m,-0.76,24.65,202104
Campo Grande,586.26,6.02,57.62,117h15m,1.7,18.27,202104
Curitiba,583.61,1.12,57.36,116h43m,8.0,14.16,202104
Belo Horizonte,565.78,1.82,55.6,113h10m,-0.48,16.76,202104
Goiânia,556.27,0.76,54.67,111h15m,-1.34,12.79,202104
Fortaleza,525.26,1.59,51.62,105h03m,-1.81,8.87,202104
Belém,505.87,-1.92,49.72,101h10m,0.99,16.51,202104
João Pessoa,490.04,2.41,48.16,98h01m,3.13,11.9,202104
Natal,478.23,0.14,47.0,95h39m,4.24,11.66,202104
Recife,471.52,2.21,46.34,94h18m,0.45,2.22,202104
Aracaju,469.66,0.19,46.16,93h56m,3.64,17.01,202104
Salvador,457.56,-0.81,44.97,91h31m,-4.49,7.63,202104
Porto Alegre,636.96,1.73,62.6,127h23m,3.46,22.82,202105
São Paulo,636.4,0.6,62.55,127h17m,0.78,14.39,202105
Florianópolis,636.37,0.29,62.54,127h16m,3.38,21.43,202105
Rio de Janeiro,622.76,0.12,61.2,124h33m,0.27,11.44,202105
Vitória,616.96,0.98,60.63,123h23m,2.78,14.95,202105
Curitiba,608.89,4.33,59.84,121h47m,12.68,14.61,202105
Brasília,588.24,0.15,57.81,117h39m,-0.6,33.36,202105
Campo Grande,575.01,-1.92,56.51,115h00m,-0.25,26.28,202105
Goiânia,564.04,1.4,55.43,112h49m,0.04,11.47,202105
Fortaleza,532.21,1.32,52.31,106h26m,-0.51,16.92,202105
Belém,515.84,1.97,50.7,103h10m,2.98,13.78,202105
Natal,501.7,4.91,49.31,100h20m,9.35,16.79,202105
João Pessoa,491.63,0.32,48.32,98h20m,3.46,11.67,202105
Recife,480.8,1.97,47.25,96h10m,2.43,6.5,202105
Salvador,470.14,2.75,46.21,94h02m,-1.87,14.58,202105
Aracaju,468.43,-0.26,46.04,93h41m,3.37,17.06,202105
Florianópolis,645.38,1.42,63.43,129h05m,4.84,24.84,202106
Porto Alegre,642.31,0.84,63.13,128h28m,4.33,25.35,202106
São Paulo,626.76,-1.51,61.6,125h21m,-0.74,14.58,202106
Rio de Janeiro,619.24,-0.57,60.86,123h51m,-0.3,20.75,202106
Curitiba,618.57,1.59,60.79,123h43m,14.47,22.24,202106
Vitória,611.29,-0.92,60.08,122h16m,1.83,22.26,202106
Brasília,584.99,-0.55,57.49,117h00m,-1.15,29.87,202106
Campo Grande,566.78,-1.43,55.7,113h22m,-1.68,19.32,202106
Goiânia,551.49,-2.23,54.2,110h18m,-2.18,14.71,202106
Fortaleza,541.61,1.77,53.23,108h19m,1.24,16.65,202106
Belo Horizonte,532.01,-1.49,52.29,106h24m,-6.42,11.96,202106
Belém,518.53,0.52,50.96,103h43m,3.52,14.25,202106
Natal,500.2,-0.3,49.16,100h02m,9.03,13.05,202106
João Pessoa,495.76,0.84,48.72,99h09m,4.33,15.18,202106
Recife,483.92,0.65,47.56,96h47m,3.1,11.17,202106
Aracaju,470.97,0.54,46.29,94h11m,3.93,12.13,202106
Salvador,467.3,-0.6,45.93,93h28m,-2.46,11.48,202106
Porto Alegre,656.92,2.27,64.56,131h23m,6.7,28.5,202107
Florianópolis,654.43,1.4,64.32,130h53m,6.31,25.36,202107
São Paulo,640.51,2.19,62.95,128h06m,1.43,22.06,202107
Rio de Janeiro,621.34,0.34,61.07,124h16m,0.04,22.86,202107
Curitiba,619.83,0.2,60.92,123h58m,14.71,17.81,202107
Vitória,612.45,0.19,60.19,122h29m,2.03,26.33,202107
Campo Grande,588.84,3.89,57.87,117h46m,2.14,22.73,202107
Brasília,582.35,-0.45,57.23,116h28m,-1.6,29.42,202107
Fortaleza,562.82,3.92,55.31,112h34m,5.21,23.77,202107
Goiânia,562.13,1.93,55.25,112h26m,-0.3,18.88,202107
Belo Horizonte,549.49,3.29,54.0,109h54m,-3.35,18.15,202107
Belém,522.66,0.8,51.37,104h32m,4.35,18.52,202107
Natal,506.51,1.26,49.78,101h18m,10.4,17.61,202107
João Pessoa,492.3,-0.7,48.38,98h28m,3.6,17.85,202107
Aracaju,488.42,3.71,48.0,97h41m,7.78,24.36,202107
Recife,487.6,0.76,47.92,97h31m,3.88,11.81,202107
Salvador,482.58,3.27,47.43,96h31m,0.73,16.22,202107
Porto Alegre,664.67,1.18,65.32,132h56m,7.96,25.74,202108
Florianópolis,659.0,0.7,64.77,131h48m,7.06,24.24,202108
São Paulo,650.5,1.56,63.93,130h06m,3.02,20.47,202108
Rio de Janeiro,634.18,2.07,62.33,126h50m,2.11,19.71,202108
Vitória,618.96,1.06,60.83,123h47m,3.11,21.5,202108
Campo Grande,609.33,3.48,59.89,121h52m,5.7,25.78,202108
Curitiba,600.47,-3.12,59.01,120h05m,11.12,18.78,202108
Brasília,594.59,2.1,58.44,118h55m,0.47,34.13,202108
Goiânia,565.4,0.58,55.57,113h05m,0.28,17.02,202108
Belo Horizonte,562.95,2.45,55.33,112h35m,-0.98,17.75,202108
Fortaleza,552.24,-1.88,54.27,110h27m,3.23,19.5,202108
Belém,530.13,1.43,52.1,106h02m,5.84,20.07,202108
Natal,508.04,0.3,49.93,101h37m,10.73,21.11,202108
Recife,491.46,0.79,48.3,98h17m,4.7,11.9,202108
João Pessoa,490.93,-0.28,48.25,98h11m,3.31,18.44,202108
Salvador,485.44,0.59,47.71,97h05m,1.33,15.93,202108
Aracaju,456.4,-6.56,44.86,91h17m,0.71,14.54,202108
São Paulo,673.45,3.53,66.19,134h41m,6.65,19.54,202109
Porto Alegre,672.39,1.16,66.08,134h29m,9.21,21.62,202109
Florianópolis,662.85,0.58,65.14,132h34m,7.68,13.81,202109
Rio de Janeiro,643.06,1.4,63.2,128h37m,3.54,14.07,202109
Vitória,633.03,2.27,62.21,126h37m,5.46,17.37,202109
Campo Grande,630.83,3.53,62.0,126h10m,9.43,28.01,202109
Brasília,617.65,3.88,60.7,123h32m,4.36,38.56,202109
Curitiba,610.85,1.73,60.03,122h10m,13.05,16.52,202109
Belo Horizonte,582.61,3.49,57.26,116h31m,2.48,18.51,202109
Goiânia,574.08,1.54,56.42,114h49m,1.82,12.45,202109
Fortaleza,552.09,-0.03,54.26,110h25m,3.2,13.66,202109
Belém,532.56,0.46,52.34,106h31m,6.32,15.97,202109
Natal,493.29,-2.9,48.48,98h40m,7.52,16.81,202109
Recife,489.4,-0.42,48.1,97h53m,4.26,5.4,202109
Salvador,478.86,-1.36,47.06,95h46m,-0.05,4.25,202109
João Pessoa,476.63,-2.91,46.84,95h20m,0.3,10.32,202109
Aracaju,454.03,-0.52,44.62,90h49m,0.19,6.3,202109
Florianópolis,700.69,5.71,68.86,140h08m,13.83,19.83,202110
São Paulo,693.79,3.02,68.19,138h46m,9.87,16.43,202110
Porto Alegre,691.08,2.78,67.92,138h13m,12.25,18.87,202110
Rio de Janeiro,673.85,4.79,66.23,134h46m,8.49,13.78,202110
Vitória,670.99,6.0,65.94,134h12m,11.78,21.37,202110
Campo Grande,653.4,3.58,64.22,130h41m,13.34,25.62,202110
Brasília,644.09,4.28,63.3,128h49m,8.83,31.65,202110
Curitiba,639.89,4.75,62.89,127h59m,18.42,22.79,202110
Belo Horizonte,598.79,2.78,58.85,119h46m,5.32,15.86,202110
Goiânia,591.78,3.08,58.16,118h22m,4.96,10.08,202110
Fortaleza,563.96,2.15,55.43,112h47m,5.42,10.46,202110
Belém,538.44,1.1,52.92,107h41m,7.5,15.0,202110
Natal,504.66,2.3,49.6,100h56m,10.0,15.55,202110
João Pessoa,491.12,3.04,48.27,98h13m,3.35,9.15,202110
Salvador,487.59,1.82,47.92,97h31m,1.78,7.28,202110
Recife,485.26,-0.85,47.69,97h03m,3.38,3.44,202110
Aracaju,464.17,2.23,45.62,92h50m,2.43,4.95,202110
Florianópolis,710.53,1.4,69.83,142h07m,15.43,15.16,202111
São Paulo,692.27,-0.22,68.04,138h27m,9.63,10.03,202111
Porto Alegre,685.32,-0.83,67.35,137h04m,11.31,11.07,202111
Vitória,668.17,-0.42,65.67,133h38m,11.31,10.15,202111
Rio de Janeiro,665.6,-1.22,65.42,133h07m,7.17,5.71,202111
Campo Grande,645.17,-1.26,63.41,129h02m,11.92,9.52,202111
Curitiba,638.96,-0.15,62.8,127h47m,18.25,16.75,202111
Brasília,631.95,-1.88,62.11,126h23m,6.78,10.36,202111
Goiânia,599.64,1.33,58.93,119h56m,6.36,7.57,202111
Belo Horizonte,594.97,-0.64,58.47,118h59m,4.65,7.71,202111
Fortaleza,580.36,2.91,57.04,116h04m,8.49,7.61,202111
Belém,550.64,2.27,54.12,110h08m,9.93,13.18,202111
Recife,524.73,8.13,51.57,104h57m,11.79,13.34,202111
Natal,521.08,3.25,51.21,104h13m,13.58,14.41,202111
João Pessoa,508.91,3.62,50.02,101h47m,7.1,11.89,202111
Salvador,505.94,3.76,49.72,101h11m,5.61,3.65,202111
Aracaju,473.26,1.96,46.51,94h39m,4.44,4.86,202111
Curitiba,628.46,-1.64,61.77,125h41m,16.3,,202112
Natal,529.54,1.62,52.04,105h55m,15.42,,202112
Recife,532.37,1.46,52.32,106h28m,13.42,,202112
Florianópolis,689.56,-2.95,67.77,137h55m,12.02,,202112
Campo Grande,641.37,-0.59,63.03,128h16m,11.26,,202112
Belém,556.87,1.13,54.73,111h22m,11.18,,202112
Porto Alegre,682.9,-0.35,67.12,136h35m,10.92,,202112
Vitória,662.01,-0.92,65.06,132h24m,10.28,,202112
São Paulo,690.51,-0.25,67.86,138h06m,9.35,,202112
Fortaleza,579.06,-0.22,56.91,115h49m,8.24,,202112
Salvador,518.21,2.43,50.93,103h38m,8.17,,202112
João Pessoa,510.82,0.38,50.2,102h10m,7.5,,202112
Rio de Janeiro,666.26,0.1,65.48,133h15m,7.27,,202112
Belo Horizonte,605.16,1.71,59.48,121h02m,6.44,,202112
Goiânia,597.24,-0.4,58.7,119h27m,5.93,,202112
Aracaju,478.05,1.01,46.98,95h37m,5.49,,202112
Brasília,621.56,-1.64,61.09,124h19m,5.03,,202112
São Paulo,713.86,3.38,63.67,129h35m,,9.13,202201
Florianópolis,695.59,0.87,62.05,126h16m,,6.79,202201
Rio de Janeiro,692.83,3.99,61.8,125h46m,,7.58,202201
Vitória,677.54,2.35,60.44,122h59m,,8.47,202201
Porto Alegre,673.0,-1.45,60.03,122h10m,,7.47,202201
Brasília,661.09,6.36,58.97,120h00m,,7.62,202201
Campo Grande,660.11,2.92,58.88,119h49m,,14.08,202201
Curitiba,636.57,1.29,56.78,115h33m,,13.73,202201
Belo Horizonte,632.83,4.57,56.45,114h52m,,6.85,202201
Goiânia,624.91,4.63,55.74,113h26m,,8.73,202201
Fortaleza,607.35,4.89,54.17,110h15m,,13.96,202201
Belém,563.97,1.27,50.31,102h22m,,11.17,202201
Natal,551.06,4.06,49.15,100h02m,,21.25,202201
Recife,543.1,2.02,48.44,98h35m,,14.52,202201
Salvador,540.01,4.21,48.17,98h01m,,10.45,202201
João Pessoa,538.65,5.45,48.05,97h46m,,14.15,202201
Aracaju,507.82,6.23,45.3,92h11m,,12.64,202201
São Paulo,715.65,0.25,63.83,129h54m,3.64,11.91,202202
Florianópolis,707.56,1.72,63.11,128h26m,2.61,10.59,202202
Rio de Janeiro,697.37,0.66,62.2,126h35m,4.67,10.73,202202
Porto Alegre,695.91,3.4,62.07,126h19m,1.91,10.0,202202
Vitória,682.54,0.74,60.88,123h53m,3.1,12.03,202202
Campo Grande,678.43,2.78,60.51,123h09m,5.78,23.0,202202
Brasília,670.98,1.5,59.85,121h48m,7.95,13.45,202202
Curitiba,652.9,2.57,58.24,118h31m,3.89,13.99,202202
Belo Horizonte,642.01,1.45,57.27,116h32m,6.09,11.94,202202
Goiânia,641.09,2.59,57.18,116h22m,7.34,14.34,202202
Fortaleza,609.6,0.37,54.38,110h39m,5.27,16.46,202202
Belém,574.86,1.93,51.28,104h21m,3.23,12.07,202202
Natal,557.2,1.11,49.7,101h08m,5.22,19.98,202202
Salvador,552.3,2.28,49.26,100h15m,6.58,15.26,202202
João Pessoa,549.33,1.98,49.0,99h43m,7.54,13.37,202202
Recife,549.2,1.12,48.99,99h41m,3.16,16.92,202202
Aracaju,516.82,1.77,46.1,93h49m,8.11,15.9,202202
São Paulo,761.19,6.36,67.9,138h10m,10.24,21.6,202203
Rio de Janeiro,750.71,7.65,66.96,136h16m,12.68,22.55,202203
Florianópolis,745.47,5.36,66.49,135h19m,8.11,17.81,202203
Porto Alegre,734.28,5.51,65.5,133h17m,7.52,17.79,202203
Campo Grande,715.81,5.51,63.85,129h56m,11.61,29.44,202203
Vitória,704.93,3.28,62.88,127h58m,6.48,18.1,202203
Brasília,704.65,5.02,62.85,127h55m,13.37,21.33,202203
Curitiba,701.59,7.46,62.58,127h21m,11.64,21.56,202203
Belo Horizonte,669.47,4.28,59.72,121h31m,10.63,20.48,202203
Goiânia,663.48,3.49,59.18,120h26m,11.09,20.18,202203
Fortaleza,635.02,4.17,56.64,115h16m,9.66,22.82,202203
Belém,585.91,1.92,52.26,106h21m,5.21,13.6,202203
Natal,575.33,3.25,51.32,104h26m,8.65,20.47,202203
João Pessoa,567.84,3.37,50.65,103h04m,11.16,18.67,202203
Recife,561.57,2.25,50.09,101h56m,5.48,21.73,202203
Salvador,560.39,1.46,49.99,101h43m,8.14,21.49,202203
Aracaju,524.99,1.58,46.83,95h18m,9.82,11.99,202203
São Paulo,803.99,5.62,71.71,145h56m,16.43,27.09,202204
Florianópolis,788.0,5.71,70.29,143h02m,14.28,24.19,202204
Porto Alegre,780.86,6.34,69.65,141h44m,14.34,24.72,202204
Rio de Janeiro,768.42,2.36,68.54,139h29m,15.33,23.53,202204
Campo Grande,761.73,6.42,67.94,138h16m,18.77,29.93,202204
Brasília,741.55,5.24,66.14,134h36m,19.3,26.26,202204
Curitiba,739.28,5.37,65.94,134h11m,17.63,26.67,202204
Vitória,729.31,3.46,65.05,132h23m,10.17,19.37,202204
Belo Horizonte,693.41,3.58,61.85,125h52m,14.58,22.56,202204
Goiânia,682.87,2.92,60.91,123h57m,14.34,22.76,202204
Fortaleza,647.63,1.99,57.77,117h34m,11.84,23.3,202204
Belém,610.31,4.16,54.44,110h47m,9.6,20.65,202204
Natal,595.37,3.48,53.11,108h04m,12.43,24.49,202204
Recife,582.74,3.77,51.98,105h47m,9.46,23.59,202204
Salvador,575.84,2.76,51.36,104h32m,11.12,25.85,202204
João Pessoa,573.7,1.03,51.17,104h08m,12.31,17.07,202204
Aracaju,551.47,5.04,49.19,100h06m,15.36,17.42,202204
São Paulo,777.93,-3.24,69.39,141h13m,12.66,22.24,202205
Florianópolis,772.07,-2.02,68.87,140h08m,11.97,21.32,202205
Porto Alegre,768.76,-1.55,68.57,139h32m,12.57,20.69,202205
Rio de Janeiro,723.55,-5.84,64.54,131h20m,8.6,16.18,202205
Curitiba,713.68,-3.46,63.66,129h33m,13.56,17.21,202205
Campo Grande,706.12,-7.3,62.98,128h10m,10.1,22.8,202205
Vitória,698.24,-4.26,62.28,126h44m,5.47,13.17,202205
Brasília,696.34,-6.1,62.11,126h24m,12.03,18.38,202205
Goiânia,674.63,-1.21,60.18,122h28m,12.96,19.61,202205
Belo Horizonte,653.12,-5.81,58.26,118h33m,7.93,20.93,202205
Belém,628.58,2.99,56.07,114h06m,12.88,21.86,202205
Fortaleza,628.46,-2.96,56.06,114h05m,8.53,18.08,202205
Recife,595.89,2.26,53.15,108h10m,11.93,23.94,202205
Natal,586.42,-1.5,52.31,106h27m,10.74,16.89,202205
Salvador,578.88,0.53,51.64,105h05m,11.71,23.13,202205
João Pessoa,567.67,-1.05,50.64,103h02m,11.13,15.47,202205
Aracaju,548.38,-0.56,48.91,99h32m,14.71,17.07,202205
São Paulo,777.01,-0.12,69.31,141h02m,12.53,23.97,202206
Florianópolis,760.41,-1.51,67.83,138h02m,10.27,17.82,202206
Porto Alegre,754.19,-1.9,67.27,136h54m,10.44,17.42,202206
Rio de Janeiro,733.14,1.33,65.39,133h05m,10.04,18.39,202206
Campo Grande,702.65,-0.49,62.68,127h32m,9.55,23.97,202206
Curitiba,701.26,-1.74,62.55,127h17m,11.58,13.37,202206
Brasília,698.36,0.29,62.29,126h46m,12.36,19.38,202206
Vitória,692.84,-0.77,61.8,125h46m,4.66,13.34,202206
Goiânia,674.08,-0.08,60.13,122h22m,12.87,22.23,202206
Fortaleza,657.0,4.54,58.6,119h16m,13.46,21.3,202206
Belo Horizonte,648.77,-0.67,57.87,117h46m,7.21,21.95,202206
Belém,632.26,0.59,56.4,114h46m,13.54,21.93,202206
Recife,612.34,2.76,54.62,111h09m,15.02,26.54,202206
Natal,611.79,4.33,54.57,111h03m,15.53,22.31,202206
João Pessoa,586.73,3.36,52.34,106h30m,14.86,18.35,202206
Salvador,580.82,0.34,51.81,105h26m,12.08,24.29,202206
Aracaju,549.91,0.28,49.05,99h49m,15.03,16.76,202206
São Paulo,760.45,-2.13,67.83,138h02m,10.13,18.73,202207
Florianópolis,753.73,-0.88,67.23,136h49m,9.31,15.17,202207
Porto Alegre,752.84,-0.18,67.15,136h39m,10.24,14.6,202207
Rio de Janeiro,723.75,-1.28,64.56,131h22m,8.63,16.48,202207
Campo Grande,707.0,0.62,63.06,128h20m,10.23,20.07,202207
Brasília,703.93,0.8,62.79,127h47m,13.25,20.88,202207
Vitória,700.75,1.14,62.51,127h12m,5.85,14.42,202207
Curitiba,688.78,-1.78,61.44,125h02m,9.6,11.12,202207
Goiânia,672.91,-0.17,60.02,122h09m,12.67,19.71,202207
Belo Horizonte,652.07,0.51,58.16,118h22m,7.75,18.67,202207
Fortaleza,641.46,-2.37,57.22,116h26m,10.78,13.97,202207
Belém,633.14,0.14,56.47,114h56m,13.7,21.14,202207
Recife,616.63,0.7,55.0,111h56m,15.83,26.46,202207
Natal,587.58,-3.96,52.41,106h40m,10.96,16.01,202207
Salvador,586.54,0.98,52.32,106h28m,13.19,21.54,202207
João Pessoa,572.63,-2.4,51.08,103h56m,12.1,16.32,202207
Aracaju,542.5,-1.35,48.39,98h28m,13.48,11.07,202207
São Paulo,749.78,-1.4,66.88,136h06m,8.58,15.26,202208
Porto Alegre,748.06,-0.63,66.73,135h47m,9.54,12.55,202208
Florianópolis,746.21,-1.0,66.56,135h27m,8.22,13.23,202208
Rio de Janeiro,717.82,-0.82,64.03,130h18m,7.74,13.19,202208
Campo Grande,698.31,-1.23,62.29,126h46m,8.88,14.6,202208
Vitória,697.39,-0.48,62.21,126h35m,5.34,12.67,202208
Brasília,689.31,-2.08,61.49,125h07m,10.9,15.93,202208
Curitiba,685.69,-0.45,61.16,124h28m,9.11,14.19,202208
Goiânia,660.83,-1.8,58.94,119h57m,10.65,16.88,202208
Belo Horizonte,638.19,-2.13,56.93,115h50m,5.46,13.37,202208
Belém,634.85,0.27,56.63,115h14m,14.0,19.75,202208
Fortaleza,626.98,-2.26,55.93,113h49m,8.28,13.53,202208
Recife,598.14,-3.0,53.35,108h34m,12.35,21.71,202208
Natal,580.74,-1.16,51.8,105h25m,9.67,14.31,202208
Salvador,576.93,-1.64,51.46,104h43m,11.33,18.85,202208
João Pessoa,568.21,-0.77,50.68,103h08m,11.23,15.74,202208
Aracaju,539.57,-0.54,48.13,97h56m,12.87,18.22,202208
São Paulo,750.74,0.13,66.96,136h16m,8.72,11.48,202209
Florianópolis,746.55,0.05,66.59,135h31m,8.26,12.63,202209
Porto Alegre,743.94,-0.55,66.36,135h02m,8.94,10.64,202209
Rio de Janeiro,714.14,-0.51,63.7,129h38m,7.19,11.05,202209
Campo Grande,711.09,1.83,63.43,129h05m,10.87,12.72,202209
Brasília,687.21,-0.3,61.3,124h44m,10.56,11.26,202209
Vitória,686.26,-1.6,61.21,124h34m,3.66,8.41,202209
Curitiba,678.73,-1.02,60.54,123h12m,8.0,11.11,202209
Goiânia,658.7,-0.32,58.75,119h34m,10.29,14.74,202209
Belo Horizonte,650.16,1.88,57.99,118h01m,7.44,11.59,202209
Belém,622.46,-1.95,55.52,112h59m,11.78,16.88,202209
Fortaleza,620.87,-0.97,55.38,112h42m,7.22,12.46,202209
Natal,581.53,0.14,51.87,105h34m,9.82,17.89,202209
Recife,580.01,-3.03,51.74,105h17m,8.95,18.51,202209
João Pessoa,562.32,-1.04,50.16,102h04m,10.08,17.98,202209
Salvador,560.31,-2.88,49.98,101h43m,8.12,17.01,202209
Aracaju,518.68,-3.87,46.27,94h09m,8.5,14.24,202209
Porto Alegre,768.82,3.34,68.58,139h33m,12.58,11.25,202210
São Paulo,762.2,1.53,67.99,138h21m,10.38,9.86,202210
Florianópolis,753.82,0.97,67.24,136h50m,9.32,7.58,202210
Rio de Janeiro,736.28,3.1,65.67,133h39m,10.51,9.26,202210
Campo Grande,733.65,3.17,65.44,133h10m,14.39,12.28,202210
Vitória,707.78,3.14,63.13,128h28m,6.91,5.48,202210
Brasília,699.09,1.73,62.36,126h54m,12.47,8.54,202210
Curitiba,696.31,2.59,62.11,126h23m,10.8,8.82,202210
Goiânia,675.79,2.59,60.28,122h40m,13.15,14.2,202210
Belo Horizonte,662.37,1.88,59.08,120h14m,9.45,10.62,202210
Fortaleza,622.57,0.27,55.53,113h01m,7.51,10.39,202210
Belém,615.22,-1.16,54.88,111h40m,10.48,14.26,202210
Natal,573.4,-1.4,51.15,104h05m,8.28,13.62,202210
Salvador,562.59,0.41,50.18,102h07m,8.56,15.38,202210
João Pessoa,559.57,-0.49,49.91,101h34m,9.54,13.94,202210
Recife,558.4,-3.73,49.81,101h22m,4.89,15.07,202210
Aracaju,515.51,-0.61,45.98,93h34m,7.84,11.06,202210
São Paulo,782.68,2.69,69.81,142h04m,13.35,13.06,202211
Porto Alegre,781.52,1.65,69.71,141h52m,14.44,14.04,202211
Florianópolis,776.14,2.96,69.23,140h53m,12.56,9.23,202211
Rio de Janeiro,749.25,1.76,66.83,136h00m,12.46,12.57,202211
Campo Grande,738.53,0.67,65.88,134h04m,15.15,14.47,202211
Vitória,713.57,0.82,63.65,129h32m,7.79,6.79,202211
Brasília,712.2,1.88,63.53,129h17m,14.58,12.7,202211
Curitiba,709.84,1.94,63.32,128h51m,12.95,11.09,202211
Belo Horizonte,693.37,4.68,61.85,125h52m,14.58,16.54,202211
Goiânia,689.49,2.03,61.5,125h09m,15.45,14.98,202211
Fortaleza,630.67,1.3,56.25,114h29m,8.91,8.67,202211
Belém,624.29,1.47,55.69,113h19m,12.11,13.38,202211
Natal,566.95,-1.12,50.57,102h55m,7.06,8.8,202211
João Pessoa,552.43,-1.28,49.28,100h17m,8.15,8.55,202211
Recife,551.3,-1.27,49.17,100h04m,3.56,5.06,202211
Salvador,550.67,-2.12,49.12,99h58m,6.26,8.84,202211
Aracaju,511.97,-0.69,45.67,92h56m,7.1,8.18,202211
Goiânia,704.63,2.2,62.85,127h54m,17.98,,202212
Brasília,728.78,2.33,65.01,132h17m,17.25,,202212
Campo Grande,744.21,0.77,66.38,135h05m,16.03,,202212
Belo Horizonte,696.32,0.43,62.11,126h23m,15.06,,202212
Belém,639.44,2.43,57.04,116h04m,14.83,,202212
São Paulo,791.29,1.1,70.58,143h38m,14.6,,202212
Rio de Janeiro,752.74,0.47,67.14,136h38m,12.98,,202212
Fortaleza,653.99,3.7,58.33,118h43m,12.94,,202212
Porto Alegre,765.63,-2.03,68.29,138h59m,12.11,,202212
Florianópolis,769.19,-0.9,68.61,139h37m,11.55,,202212
Curitiba,698.66,-1.58,62.32,126h49m,11.17,,202212
Natal,584.36,3.07,52.12,106h04m,10.35,,202212
Salvador,570.7,3.64,50.91,103h35m,10.13,,202212
Vitória,728.78,2.13,65.01,132h17m,10.09,,202212
João Pessoa,561.84,1.7,50.12,101h59m,9.99,,202212
Aracaju,521.05,1.77,46.48,94h35m,8.99,,202212
Recife,565.09,2.5,50.4,102h34m,6.15,,202212
São Paulo,790.57,-0.09,65.64,133h35m,,10.75,202301
Rio de Janeiro,770.19,2.32,63.95,130h08m,,11.17,202301
Florianópolis,760.65,-1.11,63.16,128h32m,,9.35,202301
Porto Alegre,757.33,-1.08,62.88,127h58m,,12.53,202301
Campo Grande,743.09,-0.15,61.7,125h34m,,12.57,202301
Brasília,729.73,0.13,60.59,123h18m,,10.38,202301
Vitória,726.23,-0.35,60.3,122h43m,,7.19,202301
Goiânia,710.62,0.85,59.0,120h04m,,13.72,202301
Belo Horizonte,707.93,1.67,58.78,119h37m,,11.87,202301
Curitiba,695.18,-0.5,57.72,117h28m,,9.21,202301
Fortaleza,679.81,3.95,56.45,114h52m,,11.93,202301
Belém,654.81,2.4,54.37,110h38m,,16.11,202301
Natal,622.16,6.47,51.66,105h08m,,12.9,202301
Recife,608.1,7.61,50.49,102h45m,,11.97,202301
João Pessoa,600.06,6.8,49.82,101h23m,,11.4,202301
Salvador,594.83,4.23,49.39,100h31m,,10.15,202301
Aracaju,555.28,6.57,46.11,93h50m,,9.35,202301
São Paulo,779.38,-1.42,64.71,131h41m,-1.51,8.91,202302
Florianópolis,746.95,-1.8,62.02,126h13m,-2.89,5.57,202302
Rio de Janeiro,745.96,-3.15,61.94,126h03m,-0.9,6.97,202302
Porto Alegre,741.3,-2.12,61.55,125h16m,-3.18,6.52,202302
Campo Grande,719.94,-3.12,59.78,121h39m,-3.26,6.12,202302
Brasília,719.74,-1.37,59.76,121h37m,-1.24,7.27,202302
Vitória,709.21,-2.34,58.89,119h50m,-2.69,3.91,202302
Goiânia,695.18,-2.17,57.72,117h28m,-1.34,8.44,202302
Belo Horizonte,679.86,-3.97,56.45,114h53m,-2.36,5.9,202302
Curitiba,678.9,-2.34,56.37,114h43m,-2.83,3.98,202302
Fortaleza,671.32,-1.25,55.74,113h26m,2.65,10.12,202302
Belém,662.98,1.25,55.05,112h01m,3.68,15.33,202302
Natal,626.15,0.64,51.99,105h48m,7.15,12.37,202302
Recife,606.93,-0.19,50.39,102h33m,7.4,10.51,202302
João Pessoa,600.1,0.01,49.83,101h24m,6.81,9.24,202302
Salvador,596.88,0.34,49.56,100h52m,4.59,8.07,202302
Aracaju,552.97,-0.42,45.91,93h26m,6.13,6.99,202302
São Paulo,782.23,0.37,64.95,132h10m,-1.14,2.76,202303
Porto Alegre,746.12,0.65,61.95,126h04m,-2.55,1.61,202303
Florianópolis,742.23,-0.63,61.63,125h25m,-3.5,-0.43,202303
Rio de Janeiro,735.62,-1.39,61.08,124h18m,-2.27,-2.01,202303
Campo Grande,719.15,-0.11,59.71,121h31m,-3.37,0.47,202303
Vitória,699.16,-1.42,58.05,118h08m,-4.06,-0.82,202303
Brasília,693.32,-3.67,57.57,117h09m,-4.87,-1.61,202303
Goiânia,680.92,-2.05,56.54,115h04m,-3.36,2.63,202303
Curitiba,679.76,0.13,56.44,114h52m,-2.71,-3.11,202303
Belém,664.54,0.24,55.18,112h17m,3.93,13.42,202303
Belo Horizonte,654.57,-3.72,54.35,110h36m,-6.0,-2.23,202303
Fortaleza,647.92,-3.49,53.8,109h29m,-0.93,2.03,202303
Natal,615.03,-1.78,51.07,103h55m,5.25,6.9,202303
Salvador,591.4,-0.92,49.11,99h56m,3.63,5.53,202303
João Pessoa,579.57,-3.42,48.12,97h56m,3.16,2.07,202303
Recife,578.73,-4.65,48.05,97h47m,2.41,3.06,202303
Aracaju,546.14,-1.24,45.35,92h17m,4.82,4.03,202303
São Paulo,794.68,1.59,65.98,134h17m,0.43,-1.16,202304
Porto Alegre,783.55,5.02,65.06,132h24m,2.34,0.34,202304
Florianópolis,769.35,3.65,63.88,130h00m,0.02,-2.37,202304
Rio de Janeiro,750.77,2.06,62.34,126h52m,-0.26,-2.3,202304
Campo Grande,737.74,2.58,61.26,124h40m,-0.87,-3.15,202304
Brasília,717.09,3.43,59.54,121h10m,-1.6,-3.3,202304
Goiânia,704.94,3.53,58.53,119h07m,0.04,3.23,202304
Vitória,703.9,0.68,58.45,118h56m,-3.41,-3.48,202304
Curitiba,694.05,2.1,57.63,117h16m,-0.66,-6.12,202304
Fortaleza,669.79,3.38,55.61,113h10m,2.42,3.42,202304
Belo Horizonte,668.96,2.2,55.55,113h02m,-3.93,-3.53,202304
Belém,660.77,-0.57,54.87,111h39m,3.34,8.27,202304
Natal,605.94,-1.48,50.31,102h23m,3.69,1.78,202304
Salvador,585.99,-0.91,48.66,99h01m,2.68,1.76,202304
João Pessoa,585.42,1.01,48.61,98h55m,4.2,2.04,202304
Recife,582.26,0.61,48.35,98h23m,3.04,-0.08,202304
Aracaju,553.89,1.42,45.99,93h35m,6.3,0.44,202304
São Paulo,791.82,-0.36,64.85,131h58m,0.07,1.79,202305
Porto Alegre,781.56,-0.25,64.01,130h16m,2.08,1.67,202305
Florianópolis,765.13,-0.55,62.66,127h31m,-0.53,-0.9,202305
Rio de Janeiro,749.76,-0.13,61.41,124h58m,-0.4,3.62,202305
Campo Grande,724.09,-1.85,59.3,120h41m,-2.7,2.54,202305
Vitória,706.06,0.31,57.83,117h41m,-3.12,1.12,202305
Goiânia,704.89,-0.01,57.73,117h29m,0.04,4.49,202305
Curitiba,703.83,1.41,57.64,117h19m,0.74,-1.38,202305
Brasília,703.43,-1.9,57.61,117h14m,-3.48,1.02,202305
Fortaleza,672.66,0.43,55.09,112h07m,2.85,7.03,202305
Belém,669.8,1.37,54.86,111h38m,4.75,6.56,202305
Belo Horizonte,666.82,-0.32,54.61,111h08m,-4.24,2.1,202305
Natal,602.16,-0.62,49.32,100h22m,3.05,2.68,202305
Salvador,594.32,1.42,48.67,99h03m,4.14,2.67,202305
Recife,587.13,0.84,48.09,97h52m,3.9,-1.47,202305
João Pessoa,580.95,-0.76,47.58,96h50m,3.4,2.34,202305
Aracaju,553.76,-0.02,45.35,92h17m,6.28,0.98,202305
São Paulo,783.05,-1.11,64.13,130h31m,-1.04,0.78,202306
Porto Alegre,773.56,-1.02,63.35,128h56m,1.04,2.57,202306
Florianópolis,771.54,0.84,63.19,128h35m,0.31,1.46,202306
Rio de Janeiro,741.0,-1.17,60.69,123h30m,-1.56,1.07,202306
Campo Grande,730.19,0.84,59.8,121h42m,-1.88,3.92,202306
Curitiba,701.22,-0.37,57.43,116h52m,0.37,-0.01,202306
Vitória,691.34,-2.08,56.62,115h13m,-5.14,-0.22,202306
Brasília,687.33,-2.29,56.29,114h34m,-5.69,-1.58,202306
Goiânia,669.39,-5.04,54.82,111h34m,-5.0,-0.7,202306
Fortaleza,661.16,-1.71,54.15,110h11m,1.1,0.63,202306
Belém,659.89,-1.48,54.05,109h59m,3.2,4.37,202306
Belo Horizonte,656.02,-1.62,53.73,109h20m,-5.79,1.12,202306
Natal,632.27,5.0,51.78,105h23m,8.2,3.35,202306
Recife,621.14,5.79,50.87,103h31m,9.92,1.44,202306
João Pessoa,604.89,4.12,49.54,100h49m,7.66,3.1,202306
Salvador,595.84,0.26,48.8,99h19m,4.41,2.59,202306
Aracaju,567.11,2.41,46.45,94h31m,8.84,3.13,202306
Porto Alegre,777.16,0.47,63.65,129h32m,1.51,3.23,202307
São Paulo,769.95,-1.67,63.06,128h20m,-2.7,1.25,202307
Florianópolis,746.66,-3.22,61.15,124h26m,-2.93,-0.94,202307
Rio de Janeiro,738.12,-0.39,60.45,123h01m,-1.94,1.99,202307
Campo Grande,698.31,-4.37,57.19,116h23m,-6.17,-1.23,202307
Curitiba,690.31,-1.56,56.54,115h03m,-1.2,0.22,202307
Brasília,687.58,0.04,56.31,114h36m,-5.65,-2.32,202307
Vitória,674.54,-2.43,55.24,112h25m,-7.44,-3.74,202307
Fortaleza,661.5,0.05,54.18,110h15m,1.15,3.12,202307
Goiânia,657.71,-1.74,53.87,109h37m,-6.66,-2.26,202307
Belo Horizonte,652.78,-0.49,53.46,108h48m,-6.25,0.11,202307
Belém,650.42,-1.44,53.27,108h24m,1.72,2.73,202307
Natal,613.64,-2.95,50.26,102h16m,5.01,4.44,202307
Salvador,596.04,0.03,48.82,99h20m,4.44,1.62,202307
Recife,592.71,-4.58,48.54,98h47m,4.89,-3.88,202307
João Pessoa,581.31,-3.9,47.61,96h53m,3.47,1.52,202307
Aracaju,547.22,-3.51,44.82,91h12m,5.02,0.87,202307
Porto Alegre,760.59,-2.13,62.29,126h46m,-0.66,1.67,202308
São Paulo,748.47,-2.79,61.3,124h45m,-5.41,-0.17,202308
Florianópolis,743.94,-0.36,60.93,123h59m,-3.28,-0.3,202308
Rio de Janeiro,722.78,-2.08,59.2,120h28m,-3.98,0.69,202308
Campo Grande,691.7,-0.95,56.65,115h17m,-7.06,-0.95,202308
Brasília,689.98,0.35,56.51,115h00m,-5.32,0.1,202308
Curitiba,685.13,-0.75,56.11,114h11m,-1.94,-0.08,202308
Vitória,660.88,-2.03,54.13,110h09m,-9.32,-5.24,202308
Belo Horizonte,646.02,-1.04,52.91,107h40m,-7.22,1.23,202308
Fortaleza,642.68,-2.85,52.64,107h07m,-1.73,2.5,202308
Goiânia,641.53,-2.46,52.54,106h55m,-8.96,-2.92,202308
Belém,640.11,-1.59,52.43,106h41m,0.1,0.83,202308
Natal,581.18,-5.29,47.6,96h52m,-0.54,0.08,202308
Recife,580.72,-2.02,47.56,96h47m,2.77,-2.91,202308
Salvador,575.81,-3.39,47.16,95h58m,0.9,-0.19,202308
João Pessoa,565.07,-2.79,46.28,94h11m,0.57,-0.55,202308
Aracaju,542.67,-0.83,44.44,90h26m,4.15,0.57,202308
Florianópolis,747.64,0.5,61.23,124h37m,-2.8,0.15,202309
Porto Alegre,741.71,-2.48,60.75,123h37m,-3.12,-0.3,202309
São Paulo,734.77,-1.83,60.18,122h28m,-7.14,-2.13,202309
Rio de Janeiro,719.92,-0.4,58.96,119h59m,-4.36,0.81,202309
Vitória,681.91,3.18,55.85,113h39m,-6.43,-0.63,202309
Curitiba,681.23,-0.57,55.79,113h32m,-2.49,0.37,202309
Campo Grande,675.68,-2.32,55.34,112h37m,-9.21,-4.98,202309
Brasília,662.2,-4.03,54.23,110h22m,-9.14,-3.64,202309
Fortaleza,640.48,-0.34,52.46,106h45m,-2.07,3.16,202309
Belo Horizonte,633.78,-1.89,51.91,105h38m,-8.98,-2.52,202309
Belém,633.53,-1.03,51.89,105h35m,-0.92,1.78,202309
Goiânia,630.95,-1.65,51.67,105h10m,-10.46,-4.21,202309
Natal,598.99,3.06,49.06,99h50m,2.5,3.0,202309
Salvador,571.01,-0.83,46.77,95h10m,0.05,1.91,202309
Recife,570.2,-1.81,46.7,95h02m,0.9,-1.69,202309
João Pessoa,562.6,-0.44,46.08,93h46m,0.14,0.05,202309
Aracaju,532.34,-1.9,43.6,88h43m,2.17,2.63,202309
Porto Alegre,739.21,-0.34,60.54,123h12m,-3.45,-3.85,202310
Florianópolis,738.77,-1.19,60.51,123h08m,-3.95,-2.0,202310
São Paulo,738.13,0.46,60.45,123h01m,-6.72,-3.16,202310
Rio de Janeiro,721.17,0.17,59.06,120h11m,-4.19,-2.05,202310
Campo Grande,682.97,1.08,55.94,113h50m,-8.23,-6.91,202310
Vitória,675.16,-0.99,55.3,112h32m,-7.36,-4.61,202310
Curitiba,675.01,-0.91,55.28,112h30m,-3.39,-3.06,202310
Fortaleza,648.93,1.32,53.15,108h10m,-0.77,4.23,202310
Brasília,647.76,-2.18,53.05,107h58m,-11.12,-7.34,202310
Goiânia,636.07,0.81,52.09,106h01m,-9.73,-5.88,202310
Belém,632.92,-0.1,51.84,105h29m,-1.02,2.88,202310
Belo Horizonte,627.72,-0.96,51.41,104h37m,-9.85,-5.23,202310
Natal,582.12,-2.82,47.68,97h01m,-0.38,1.52,202310
Salvador,563.1,-1.39,46.12,93h51m,-1.33,0.09,202310
Recife,557.1,-2.3,45.63,92h51m,-1.41,-0.23,202310
João Pessoa,554.88,-1.37,45.44,92h29m,-1.24,-0.84,202310
Aracaju,521.96,-1.95,42.75,86h59m,0.17,1.25,202310
São Paulo,749.28,1.51,61.37,124h53m,-5.31,-4.27,202311
Florianópolis,747.59,1.19,61.23,124h36m,-2.81,-3.68,202311
Porto Alegre,739.18,0.0,60.54,123h12m,-3.45,-5.42,202311
Rio de Janeiro,728.27,0.98,59.65,121h23m,-3.25,-2.8,202311
Curitiba,683.44,1.25,55.97,113h55m,-2.18,-3.72,202311
Vitória,675.45,0.04,55.32,112h35m,-7.32,-5.34,202311
Campo Grande,674.79,-1.2,55.27,112h28m,-9.33,-8.63,202311
Brasília,667.58,3.06,54.67,111h16m,-8.4,-6.27,202311
Goiânia,648.59,1.97,53.12,108h06m,-7.95,-5.93,202311
Fortaleza,639.91,-1.39,52.41,106h39m,-2.15,1.47,202311
Belo Horizonte,639.68,1.91,52.39,106h37m,-8.13,-7.74,202311
Belém,635.18,0.36,52.02,105h52m,-0.67,1.74,202311
Natal,567.3,-2.55,46.46,94h33m,-2.92,0.06,202311
Recife,551.04,-1.09,45.13,91h50m,-2.49,-0.05,202311
Salvador,550.86,-2.17,45.12,91h49m,-3.48,0.03,202311
João Pessoa,548.33,-1.18,44.91,91h23m,-2.4,-0.74,202311
Aracaju,516.76,-1.0,42.32,86h08m,-0.82,0.94,202311
Belém,645.44,1.62,52.86,107h34m,0.94,,202312
Porto Alegre,766.53,3.7,62.78,127h46m,0.12,,202312
Curitiba,697.22,2.02,57.1,116h12m,-0.21,,202312
Aracaju,517.26,0.1,42.36,86h13m,-0.73,,202312
Florianópolis,758.5,1.46,62.12,126h25m,-1.39,,202312
Salvador,560.81,1.81,45.93,93h28m,-1.73,,202312
Rio de Janeiro,738.61,1.42,60.49,123h06m,-1.88,,202312
João Pessoa,542.3,-1.1,44.41,90h23m,-3.48,,202312
Fortaleza,630.38,-1.49,51.63,105h04m,-3.61,,202312
São Paulo,761.01,1.57,62.33,126h50m,-3.83,,202312
Brasília,698.74,4.67,57.23,116h28m,-4.12,,202312
Recife,538.08,-2.35,44.07,89h41m,-4.78,,202312
Natal,556.06,-1.98,45.54,92h41m,-4.84,,202312
Goiânia,669.36,3.2,54.82,111h34m,-5.01,,202312
Vitória,688.86,1.99,56.42,114h49m,-5.48,,202312
Belo Horizonte,656.29,2.6,53.75,109h23m,-5.75,,202312
Campo Grande,697.69,3.39,57.14,116h17m,-6.25,,202312
Florianópolis,800.31,5.51,61.27,124h41m,,5.21,202401
São Paulo,793.39,4.25,60.74,123h37m,,0.36,202401
Rio de Janeiro,791.77,7.2,60.62,123h22m,,2.8,202401
Porto Alegre,791.16,3.21,60.57,123h16m,,4.47,202401
Brasília,742.52,6.27,56.85,115h41m,,1.75,202401
Campo Grande,736.76,5.6,56.41,114h47m,,-0.85,202401
Curitiba,726.23,4.16,55.6,113h09m,,4.47,202401
Belo Horizonte,724.73,10.43,55.49,112h55m,,2.37,202401
Vitória,719.3,4.42,55.07,112h04m,,-0.95,202401
Goiânia,710.7,6.18,54.41,110h44m,,0.01,202401
Belém,656.78,1.76,50.29,102h20m,,0.3,202401
Fortaleza,618.32,-1.91,47.34,96h20m,,-9.05,202401
Salvador,593.26,5.79,45.42,92h26m,,-0.26,202401
Natal,575.71,3.53,44.08,89h42m,,-7.47,202401
João Pessoa,559.77,3.22,42.86,87h13m,,-6.71,202401
Recife,550.51,2.31,42.15,85h46m,,-9.47,202401
Aracaju,528.48,2.17,40.46,82h20m,,-4.83,202401
Rio de Janeiro,832.8,5.18,63.76,129h46m,12.75,11.64,202402
São Paulo,808.38,1.89,61.89,125h57m,6.22,3.72,202402
Porto Alegre,796.81,0.71,61.01,124h09m,3.95,7.49,202402
Florianópolis,783.36,-2.12,59.98,122h03m,3.28,4.87,202402
Campo Grande,748.2,1.55,57.29,116h35m,7.24,3.93,202402
Brasília,741.91,-0.08,56.8,115h36m,6.18,3.08,202402
Vitória,731.83,1.74,56.03,114h01m,6.24,3.19,202402
Curitiba,731.5,0.73,56.01,113h58m,4.92,7.75,202402
Belo Horizonte,727.46,0.38,55.7,113h20m,10.84,7.0,202402
Goiânia,707.81,-0.41,54.19,110h17m,5.74,1.82,202402
Belém,665.12,1.27,50.92,103h38m,3.05,0.32,202402
Fortaleza,627.67,1.51,48.06,97h48m,-0.43,-6.5,202402
Salvador,604.3,1.86,46.27,94h09m,7.75,1.24,202402
Natal,579.31,0.63,44.35,90h16m,4.18,-7.48,202402
João Pessoa,564.5,0.84,43.22,87h57m,4.09,-5.93,202402
Recife,559.68,1.67,42.85,87h12m,4.01,-7.79,202402
Aracaju,534.4,1.12,40.92,83h16m,3.31,-3.36,202402
São Paulo,813.26,0.6,62.27,126h43m,6.87,3.97,202403
Rio de Janeiro,812.25,-2.47,62.19,126h33m,9.97,10.42,202403
Florianópolis,791.21,1.0,60.58,123h17m,4.31,6.6,202403
Porto Alegre,777.43,-2.43,59.52,121h08m,1.42,4.2,202403
Brasília,747.68,0.78,57.25,116h29m,7.0,7.84,202403
Campo Grande,730.02,-2.43,55.89,113h44m,4.63,1.51,202403
Vitória,729.34,-0.34,55.84,113h38m,5.88,4.32,202403
Curitiba,728.06,-0.47,55.74,113h26m,4.42,7.11,202403
Belo Horizonte,712.51,-2.06,54.55,111h01m,8.57,8.85,202403
Goiânia,703.57,-0.6,53.87,109h37m,5.11,3.33,202403
Belém,667.53,0.36,51.11,104h01m,3.42,0.45,202403
Fortaleza,663.22,5.66,50.78,103h20m,5.21,2.36,202403
Salvador,620.13,2.62,47.48,96h37m,10.58,4.86,202403
Natal,605.33,4.49,46.35,94h19m,8.86,-1.58,202403
Recife,592.19,5.81,45.34,92h16m,10.06,2.33,202403
João Pessoa,583.23,3.32,44.65,90h52m,7.55,0.63,202403
Aracaju,555.22,3.9,42.51,86h31m,7.34,1.66,202403
São Paulo,822.84,1.18,63.0,128h12m,8.12,3.54,202404
Rio de Janeiro,801.15,-1.37,61.34,124h50m,8.47,6.71,202404
Florianópolis,781.53,-1.22,59.84,121h46m,3.04,1.58,202404
Porto Alegre,775.63,-0.23,59.39,120h51m,1.19,-1.01,202404
Campo Grande,732.75,0.37,56.1,114h10m,5.03,-0.68,202404
Brasília,727.76,-2.66,55.72,113h23m,4.15,1.49,202404
Vitória,726.82,-0.35,55.65,113h14m,5.51,3.26,202404
Curitiba,726.64,-0.2,55.63,113h13m,4.22,4.7,202404
Fortaleza,714.68,7.76,54.72,111h21m,13.37,6.7,202404
Belo Horizonte,712.7,0.03,54.57,111h02m,8.6,6.54,202404
Goiânia,701.01,-0.36,53.67,109h13m,4.73,-0.56,202404
Belém,681.45,2.09,52.17,106h10m,5.58,3.13,202404
Salvador,640.12,3.22,49.01,99h44m,14.14,9.24,202404
Natal,632.23,4.44,48.41,98h31m,13.7,4.34,202404
Recife,617.28,4.24,47.26,96h11m,14.72,6.01,202404
João Pessoa,614.75,5.4,47.07,95h47m,13.36,5.01,202404
Aracaju,582.11,4.84,44.57,90h42m,12.54,5.09,202404
São Paulo,826.85,0.49,63.31,128h50m,8.65,4.42,202405
Porto Alegre,801.45,3.33,61.36,124h52m,4.56,2.54,202405
Florianópolis,801.03,2.5,61.33,124h49m,5.61,4.69,202405
Rio de Janeiro,796.67,-0.56,61.0,124h08m,7.86,6.26,202405
Campo Grande,748.48,2.15,57.31,116h37m,7.28,3.37,202405
Curitiba,741.46,2.04,56.77,115h31m,6.35,5.35,202405
Brasília,737.37,1.0,56.46,114h53m,1.29,5.53,202405
Vitória,723.91,-0.4,55.43,112h47m,5.09,2.53,202405
Fortaleza,709.9,-0.67,54.35,110h37m,12.61,5.54,202405
Goiânia,704.51,0.5,53.94,109h46m,5.25,-0.05,202405
Belo Horizonte,693.39,-2.71,53.09,108h02m,5.65,3.98,202405
Belém,690.98,1.4,52.9,107h40m,7.06,3.16,202405
Natal,640.1,1.24,49.01,99h44m,15.11,6.3,202405
Salvador,623.05,-2.67,47.7,97h05m,11.1,4.83,202405
João Pessoa,620.67,0.96,47.52,96h42m,14.45,6.84,202405
Recife,618.47,0.19,47.35,96h22m,14.94,5.34,202405
Aracaju,579.55,-0.44,44.37,90h18m,12.04,4.66,202405
São Paulo,832.69,0.71,63.75,129h44m,9.42,6.34,202406
Florianópolis,816.06,1.88,62.48,127h09m,7.59,5.77,202406
Rio de Janeiro,814.38,2.22,62.35,126h53m,10.26,9.9,202406
Porto Alegre,804.86,0.43,61.62,125h24m,5.0,4.05,202406
Curitiba,754.91,1.81,57.8,117h37m,8.27,7.66,202406
Campo Grande,748.89,0.05,57.34,116h41m,7.34,2.56,202406
Brasília,738.93,0.21,56.58,115h08m,5.75,7.51,202406
Vitória,718.43,-0.76,55.01,111h56m,4.29,3.92,202406
Goiânia,711.43,0.98,54.47,110h51m,6.29,6.28,202406
Belo Horizonte,701.55,1.18,53.71,109h19m,6.9,6.94,202406
Fortaleza,697.33,-1.77,53.39,108h39m,10.62,5.47,202406
Belém,695.58,0.67,53.26,108h23m,7.77,5.41,202406
Salvador,613.22,-1.58,46.95,95h32m,9.35,2.92,202406
Natal,599.29,-6.38,45.88,93h22m,7.77,-5.22,202406
João Pessoa,597.32,-3.76,45.73,93h04m,10.15,-1.25,202406
Recife,582.9,-5.75,44.63,90h49m,8.33,-6.16,202406
Aracaju,561.96,-3.04,43.03,87h34m,8.64,-0.91,202406
São Paulo,809.77,-2.75,62.0,126h10m,6.41,5.17,202407
Florianópolis,782.73,-4.08,59.93,121h58m,3.19,4.83,202407
Porto Alegre,769.96,-4.34,58.95,119h58m,0.45,-0.93,202407
Rio de Janeiro,757.64,-6.97,58.01,118h03m,2.58,2.64,202407
Campo Grande,736.98,-1.59,56.43,114h50m,5.63,5.54,202407
Curitiba,718.32,-4.85,55.0,111h55m,3.03,4.06,202407
Goiânia,695.98,-2.17,53.29,108h26m,3.98,5.82,202407
Brasília,694.31,-6.04,53.16,108h11m,-0.63,0.98,202407
Vitória,688.45,-4.17,52.71,107h16m,-0.06,2.06,202407
Belém,682.39,-1.9,52.25,106h19m,5.72,4.92,202407
Fortaleza,677.53,-2.84,51.87,105h34m,7.48,2.42,202407
Belo Horizonte,656.69,-6.39,50.28,102h19m,0.06,0.6,202407
Salvador,579.75,-5.46,44.39,90h20m,3.38,-2.73,202407
Natal,575.12,-4.03,44.03,89h37m,3.43,-6.28,202407
João Pessoa,572.38,-4.18,43.82,89h11m,5.55,-1.54,202407
Recife,548.43,-5.91,41.99,85h27m,1.92,-7.47,202407
Aracaju,524.28,-6.71,40.14,81h41m,1.36,-4.19,202407
São Paulo,786.35,-2.89,60.21,122h31m,3.33,5.06,202408
Florianópolis,756.31,-3.38,57.91,117h50m,-0.29,1.66,202408
Rio de Janeiro,745.64,-1.58,57.09,116h11m,0.95,3.16,202408
Porto Alegre,740.82,-3.78,56.72,115h26m,-3.35,-2.6,202408
Campo Grande,714.6,-3.04,54.71,111h20m,2.42,3.31,202408
Curitiba,697.08,-2.96,53.37,108h37m,-0.02,1.74,202408
Vitória,684.21,-0.62,52.39,106h36m,-0.68,3.53,202408
Brasília,673.14,-3.05,51.54,104h53m,-3.66,-2.44,202408
Goiânia,667.87,-4.04,51.13,104h04m,-0.22,4.11,202408
Belém,664.92,-2.56,50.91,103h36m,3.02,3.88,202408
Belo Horizonte,655.25,-0.22,50.17,102h05m,-0.16,1.43,202408
Fortaleza,630.48,-6.94,48.27,98h14m,0.02,-1.9,202408
Salvador,560.72,-3.28,42.93,87h22m,-0.02,-2.62,202408
Natal,555.68,-3.38,42.54,86h35m,-0.07,-4.39,202408
João Pessoa,548.9,-4.1,42.03,85h31m,1.22,-2.86,202408
Recife,533.12,-2.79,40.82,83h04m,-0.92,-8.2,202408
Aracaju,516.4,-1.5,39.54,80h28m,-0.17,-4.84,202408
São Paulo,792.47,0.78,60.67,123h28m,4.13,7.85,202409
Florianópolis,768.33,1.59,58.83,119h43m,1.3,2.77,202409
Rio de Janeiro,757.3,1.56,57.98,117h59m,2.53,5.19,202409
Porto Alegre,756.17,2.07,57.9,117h49m,-1.35,1.95,202409
Campo Grande,714.63,0.0,54.71,111h20m,2.43,5.76,202409
Curitiba,698.44,0.2,53.48,108h49m,0.17,2.53,202409
Vitória,694.87,1.56,53.2,108h16m,0.87,1.9,202409
Brasília,682.51,1.39,52.26,106h20m,-2.32,3.07,202409
Goiânia,672.93,0.76,51.52,104h51m,0.53,6.65,202409
Belo Horizonte,651.44,-0.58,49.88,101h30m,-0.74,2.79,202409
Belém,647.79,-2.58,49.6,100h56m,0.36,2.25,202409
Fortaleza,615.92,-2.31,47.16,95h58m,-2.29,-3.83,202409
Natal,554.0,-0.3,42.42,86h19m,-0.37,-7.51,202409
Salvador,553.62,-1.27,42.39,86h16m,-1.28,-3.05,202409
João Pessoa,552.35,0.63,42.29,86h04m,1.85,-1.82,202409
Recife,535.32,0.41,40.99,83h25m,-0.51,-6.12,202409
Aracaju,506.19,-1.98,38.76,78h52m,-2.14,-4.91,202409
São Paulo,805.84,1.69,61.7,125h34m,5.89,9.17,202410
Florianópolis,796.94,3.72,61.02,124h10m,5.07,7.87,202410
Porto Alegre,774.32,2.4,59.28,120h38m,1.02,4.75,202410
Rio de Janeiro,773.7,2.17,59.24,120h33m,4.75,7.28,202410
Campo Grande,751.06,5.1,57.5,117h01m,7.65,9.97,202410
Curitiba,726.62,4.03,55.63,113h13m,4.22,7.65,202410
Brasília,711.05,4.18,54.44,110h47m,1.76,9.77,202410
Vitória,708.06,1.9,54.21,110h19m,2.79,4.87,202410
Goiânia,695.37,3.33,53.24,108h20m,3.89,9.32,202410
Belo Horizonte,678.07,4.09,51.92,105h39m,3.32,8.02,202410
Belém,649.9,0.33,49.76,101h16m,0.69,2.68,202410
Fortaleza,641.34,4.13,49.1,99h56m,1.74,-1.17,202410
Natal,576.23,4.01,44.12,89h47m,3.63,-1.01,202410
João Pessoa,566.46,2.55,43.37,88h16m,4.46,2.09,202410
Salvador,560.65,1.27,42.93,87h21m,-0.03,-0.44,202410
Recife,548.19,2.4,41.97,85h25m,1.88,-1.6,202410
Aracaju,519.31,2.59,39.76,80h55m,0.4,-0.51,202410
São Paulo,828.39,2.8,63.42,129h04m,8.85,10.56,202411
Florianópolis,799.62,0.34,61.22,124h35m,5.42,6.96,202411
Porto Alegre,780.71,0.83,59.77,121h38m,1.85,5.62,202411
Rio de Janeiro,777.66,0.51,59.54,121h10m,5.29,6.78,202411
Campo Grande,772.45,2.85,59.14,120h21m,10.72,14.47,202411
Brasília,742.25,4.39,56.83,115h39m,6.23,11.19,202411
Curitiba,739.4,1.76,56.61,115h12m,6.05,8.19,202411
Goiânia,727.65,4.64,55.71,113h22m,8.71,12.19,202411
Vitória,726.51,2.61,55.62,113h12m,5.47,7.56,202411
Belo Horizonte,686.9,1.3,52.59,107h01m,4.66,7.38,202411
Fortaleza,663.95,3.53,50.83,103h27m,5.33,3.76,202411
Belém,663.02,2.02,50.76,103h18m,2.72,4.38,202411
Natal,593.54,3.0,45.44,92h29m,6.74,4.63,202411
João Pessoa,590.82,4.3,45.24,92h03m,8.95,7.75,202411
Recife,578.16,5.47,44.27,90h05m,7.45,4.92,202411
Salvador,574.78,2.52,44.01,89h33m,2.49,4.34,202411
Aracaju,533.26,2.69,40.83,83h05m,3.09,3.19,202411
João Pessoa,606.91,2.72,46.47,94h34m,11.91,,202412
Natal,617.32,4.01,47.26,96h11m,11.02,,202412
São Paulo,841.29,1.56,64.41,131h05m,10.55,,202412
Campo Grande,770.35,-0.27,58.98,120h02m,10.41,,202412
Goiânia,732.5,0.67,56.08,114h08m,9.43,,202412
Recife,588.35,1.76,45.05,91h40m,9.34,,202412
Vitória,747.42,2.88,57.23,116h27m,8.5,,202412
Aracaju,554.08,3.9,42.42,86h20m,7.12,,202412
Fortaleza,673.77,1.48,51.59,104h59m,6.88,,202412
Florianópolis,809.46,1.23,61.98,126h07m,6.72,,202412
Curitiba,741.9,0.34,56.8,115h35m,6.41,,202412
Brasília,743.19,0.13,56.9,115h47m,6.36,,202412
Belo Horizonte,694.77,1.15,53.19,108h15m,5.86,,202412
Rio de Janeiro,779.84,0.28,59.71,121h30m,5.58,,202412
Salvador,583.89,1.58,44.7,90h58m,4.12,,202412
Belém,665.83,0.42,50.98,103h44m,3.16,,202412
Porto Alegre,783.72,0.39,60.0,122h07m,2.24,,202412
São Paulo,851.82,1.25,60.66,123h27m,,7.36,202501
Florianópolis,808.75,-0.09,57.6,117h13m,,1.05,202501
Rio de Janeiro,802.88,2.95,57.18,116h22m,,1.4,202501
Porto Alegre,770.63,-1.67,54.88,111h41m,,-2.59,202501
Campo Grande,764.24,-0.79,54.43,110h46m,,3.73,202501
Goiânia,756.92,3.33,53.91,109h42m,,6.5,202501
Brasília,756.03,1.73,53.84,109h34m,,1.82,202501
Curitiba,743.69,0.24,52.96,107h47m,,2.4,202501
Vitória,735.31,-1.62,52.37,106h34m,,2.23,202501
Belo Horizonte,717.51,3.27,51.1,103h59m,,-1.0,202501
Fortaleza,700.44,3.96,49.88,101h31m,,13.28,202501
Belém,697.81,4.8,49.7,101h08m,,6.25,202501
Natal,634.11,2.72,45.16,91h54m,,10.14,202501
Salvador,620.23,6.22,44.17,89h53m,,4.55,202501
João Pessoa,618.64,1.93,44.06,89h40m,,10.52,202501
Recife,598.72,1.76,42.64,86h46m,,8.76,202501
Aracaju,571.43,3.13,40.7,82h49m,,8.13,202501
São Paulo,860.53,1.02,61.28,124h43m,2.29,6.45,202502
Rio de Janeiro,814.9,1.5,58.04,118h06m,4.5,-2.15,202502
Florianópolis,807.71,-0.13,57.52,117h04m,-0.22,3.11,202502
Campo Grande,773.95,1.27,55.12,112h10m,0.47,3.44,202502
Brasília,772.3,2.15,55.0,111h56m,3.92,4.1,202502
Porto Alegre,769.74,-0.12,54.82,111h34m,-1.78,-3.4,202502
Curitiba,745.88,0.29,53.12,108h06m,0.54,1.97,202502
Vitória,745.49,1.38,53.09,108h02m,-0.26,1.87,202502
Goiânia,739.34,-2.32,52.65,107h09m,0.93,4.45,202502
Belo Horizonte,726.01,1.18,51.7,105h13m,4.5,-0.2,202502
Fortaleza,710.66,1.46,50.61,102h59m,5.48,13.22,202502
Belém,700.06,0.32,49.86,101h28m,5.14,5.25,202502
Natal,648.58,2.28,46.19,94h00m,5.06,11.96,202502
João Pessoa,634.41,2.55,45.18,91h56m,4.53,12.38,202502
Salvador,628.8,1.38,44.78,91h08m,7.69,4.05,202502
Recife,625.33,4.44,44.53,90h38m,6.29,11.73,202502
Aracaju,580.45,1.58,41.34,84h07m,4.76,8.62,202502
São Paulo,880.72,2.35,62.72,127h38m,4.69,8.3,202503
Rio de Janeiro,835.5,2.53,59.5,121h05m,7.14,2.86,202503
Florianópolis,831.92,3.0,59.25,120h34m,2.77,5.15,202503
Porto Alegre,791.64,2.85,56.38,114h44m,1.01,1.83,202503
Campo Grande,788.58,1.89,56.16,114h17m,2.37,8.02,202503
Brasília,782.65,1.34,55.74,113h26m,5.31,4.68,202503
Curitiba,772.83,3.61,55.04,112h00m,4.17,6.15,202503
Vitória,762.94,2.34,54.33,110h34m,2.08,4.61,202503
Goiânia,754.06,1.99,53.7,109h17m,2.94,7.18,202503
Belo Horizonte,744.1,2.49,52.99,107h50m,7.1,4.43,202503
Fortaleza,727.46,2.36,51.81,105h26m,7.97,9.69,202503
Belém,704.9,0.69,50.2,102h10m,5.87,5.6,202503
Natal,636.47,-1.87,45.33,92h14m,3.1,5.14,202503
Salvador,633.58,0.76,45.12,91h49m,8.51,2.17,202503
Recife,627.14,0.29,44.66,90h53m,6.59,5.9,202503
João Pessoa,626.89,-1.19,44.65,90h51m,3.29,7.49,202503
Aracaju,569.48,-1.89,40.56,82h32m,2.78,2.57,202503
São Paulo,909.25,3.24,64.75,131h47m,8.08,10.5,202504
Florianópolis,858.2,3.16,61.12,124h23m,6.02,9.81,202504
Rio de Janeiro,849.7,1.7,60.51,123h08m,8.96,6.06,202504
Porto Alegre,834.22,5.38,59.41,120h54m,6.44,7.55,202504
Campo Grande,805.08,2.09,57.34,116h41m,4.51,9.87,202504
Vitória*,792.83,3.92,56.46,114h54m,6.08,9.08,202504
Curitiba,793.72,2.7,56.53,115h02m,6.98,9.23,202504
Brasília,775.84,-0.87,55.25,112h26m,4.39,6.58,202504
Goiânia,767.43,1.77,54.65,111h13m,4.77,9.47,202504
Belo Horizonte,752.6,1.14,53.6,109h04m,8.32,5.6,202504
Fortaleza,746.52,2.62,53.17,108h11m,10.8,4.46,202504
Belém,726.21,3.02,51.72,105h15m,9.07,6.57,202504
Natal,657.0,3.23,46.79,95h13m,6.43,3.92,202504
Recife,652.71,4.08,46.48,94h36m,10.94,5.74,202504
João Pessoa,641.57,2.34,45.69,92h59m,5.71,4.36,202504
Salvador,632.12,-0.23,45.02,91h37m,8.26,-1.25,202504
Aracaju,579.93,1.84,41.3,84h03m,4.67,-0.37,202504
São Paulo,896.15,-1.44,63.82,129h53m,6.52,8.38,202505
Florianópolis,858.93,0.09,61.17,124h29m,6.11,7.23,202505
Porto Alegre,819.05,-1.82,58.33,118h42m,4.51,2.2,202505
Curitiba,791.39,-0.29,56.36,114h42m,6.67,6.73,202505
Vitória*,780.69,-1.53,55.6,113h08m,4.45,7.84,202505
Brasília,774.33,-0.19,55.15,112h13m,4.19,5.01,202505
Goiânia,758.67,-1.14,54.03,109h57m,3.57,7.69,202505
Fortaleza,728.49,-2.42,51.88,105h35m,8.12,2.62,202505
Belém,726.38,0.02,51.73,105h16m,9.09,5.12,202505
Natal,645.0,-1.83,45.94,93h29m,4.48,0.77,202505
João Pessoa,636.73,-0.75,45.35,92h17m,4.91,2.59,202505
Recife,636.0,-2.56,45.29,92h10m,8.1,2.83,202505
Salvador,628.97,-0.5,44.79,91h09m,7.72,0.95,202505
Aracaju,579.54,-0.07,41.27,83h59m,4.6,0.0,202505
São Paulo,882.76,-1.49,62.87,127h56m,4.93,6.01,202506
Florianópolis,867.83,1.04,61.8,125h46m,7.21,6.34,202506
Porto Alegre,831.37,1.5,59.21,120h29m,6.08,3.29,202506
Curitiba,789.86,-0.19,56.25,114h28m,6.46,4.63,202506
Vitória,782.39,0.22,55.72,113h23m,4.68,8.9,202506
Brasília,773.35,-0.13,55.08,112h05m,4.06,4.66,202506
Goiânia,744.27,-1.9,53.01,107h52m,1.61,4.62,202506
Fortaleza,735.11,0.91,52.35,106h32m,9.1,5.42,202506
Belém,709.04,-2.39,50.5,102h46m,6.49,1.94,202506
Recife,637.62,0.25,45.41,92h25m,8.37,9.39,202506
Natal,636.95,-1.25,45.36,92h19m,3.18,6.28,202506
João Pessoa,636.16,-0.09,45.31,92h12m,4.82,6.5,202506
Salvador,623.85,-0.81,44.43,90h25m,6.84,1.73,202506
Aracaju,557.28,-3.84,39.69,80h46m,0.58,-0.83,202506
São Paulo,865.9,-1.91,61.67,125h29m,2.93,6.93,202507
Florianópolis,844.89,-2.64,60.17,122h27m,4.38,7.94,202507
Porto Alegre,830.41,-0.12,59.14,120h21m,5.96,7.85,202507
Rio de Janeiro,823.59,-2.33,58.65,119h22m,5.61,8.7,202507
Cuiabá,813.48,-0.51,57.93,117h54m,,,202507
Campo Grande,775.76,-2.18,55.25,112h26m,0.7,5.26,202507
Curitiba,770.93,-2.4,54.9,111h44m,3.91,7.32,202507
Vitória,767.42,-1.91,54.65,111h13m,2.68,11.47,202507
Brasília,758.19,-1.96,54.0,109h53m,2.02,9.2,202507
Fortaleza,738.09,0.41,52.56,106h58m,9.55,8.94,202507
Goiânia,735.18,-1.22,52.36,106h33m,0.37,5.63,202507
Belo Horizonte,728.69,-0.82,51.9,105h37m,3.17,9.33,202507
Palmas,715.77,-0.22,50.98,103h44m,,,202507
Boa Vista,712.83,-0.61,50.77,103h19m,,,202507
Belém,696.23,-1.81,49.58,100h54m,4.57,2.03,202507
Teresina,677.0,0.68,48.21,98h07m,,,202507
Manaus,674.78,-0.07,48.06,97h47m,,,202507
Macapá,666.41,0.19,47.46,96h35m,,,202507
São Luís,664.52,1.4,47.33,96h19m,,,202507
Recife,655.46,2.8,46.68,94h59m,11.41,19.52,202507
João Pessoa,648.0,1.86,46.15,93h55m,6.77,13.21,202507
Natal,646.13,1.44,46.02,93h38m,4.67,12.35,202507
Rio Branco,641.17,0.12,45.66,92h55m,,,202507
Porto Velho,636.69,0.14,45.34,92h16m,,,202507
Salvador,635.08,1.8,45.23,92h02m,8.77,9.54,202507
Maceió,621.74,2.09,44.28,90h07m,,,202507
Aracaju,568.52,2.02,40.49,82h23m,2.61,8.44,202507
São Paulo,850.84,-1.74,60.59,123h19m,1.14,8.2,202508
Florianópolis,823.11,-2.58,58.62,119h17m,1.69,8.83,202508
Porto Alegre,811.14,-2.32,57.77,117h33m,3.5,9.49,202508
Rio de Janeiro,801.34,-2.7,57.07,116h08m,2.76,7.47,202508
Cuiabá,800.22,-1.63,56.99,115h58m,,,202508
Campo Grande,768.79,-0.9,54.75,111h25m,-0.2,7.58,202508
Curitiba,752.7,-2.36,53.61,109h05m,1.46,7.98,202508
Vitória,743.47,-3.12,52.95,107h45m,-0.53,8.66,202508
Brasília,739.1,-2.52,52.64,107h07m,-0.55,9.8,202508
Belo Horizonte,725.9,-0.38,51.7,105h12m,2.77,8.73,202508
Fortaleza,723.06,-2.04,51.49,104h47m,7.32,14.68,202508
Palmas,720.45,0.65,51.31,104h25m,,,202508
Goiânia,718.94,-2.21,51.2,104h12m,-1.85,7.65,202508
Boa Vista,693.84,-2.66,49.41,100h33m,,,202508
Belém,687.3,-1.28,48.95,99h37m,3.22,3.37,202508
Macapá,672.5,0.91,47.89,97h28m,,,202508
Teresina,663.41,-2.01,47.25,96h09m,,,202508
Manaus,657.22,-2.6,46.81,95h15m,,,202508
São Luís,644.21,-3.06,45.88,93h22m,,,202508
Rio Branco,641.27,0.02,45.67,92h56m,,,202508
Porto Velho,631.28,-0.85,44.96,91h29m,,,202508
Recife,629.14,-4.02,44.81,91h11m,6.93,18.01,202508
João Pessoa,622.08,-4.0,44.3,90h09m,2.5,13.33,202508
Natal,622.0,-3.73,44.3,90h09m,0.76,11.93,202508
Salvador,616.23,-2.97,43.89,89h19m,5.54,9.9,202508
Maceió,596.23,-4.1,42.46,86h25m,,,202508
Aracaju,558.16,-1.82,39.75,80h54m,0.74,8.09,202508
São Paulo,842.26,-1.01,59.98,122h04m,0.12,6.28,202509
Porto Alegre,811.44,0.04,57.79,117h36m,3.54,7.31,202509
Florianópolis,811.07,-1.46,57.76,117h33m,0.2,5.56,202509
Rio de Janeiro,799.22,-0.26,56.92,115h50m,2.49,5.54,202509
Cuiabá,794.03,-0.77,56.55,115h05m,,,202509
Campo Grande,780.67,1.55,55.6,113h08m,1.34,9.24,202509
Curitiba,755.56,0.38,53.81,109h30m,1.84,8.18,202509
Vitória,745.01,0.21,53.06,107h58m,-0.32,7.22,202509
Brasília,719.81,-2.61,51.26,104h19m,-3.15,5.47,202509
Belo Horizonte,718.74,-0.99,51.19,104h10m,1.76,8.37,202509
Goiânia,710.52,-1.17,50.6,102h58m,-3.0,5.59,202509
Boa Vista,681.95,-1.71,48.57,98h50m,,,202509
Palmas,677.87,-5.91,48.28,98h14m,,,202509
Fortaleza,677.42,-6.31,48.24,98h11m,0.54,9.99,202509
Belém,672.84,-2.1,47.92,97h31m,1.05,3.87,202509
Macapá,672.72,0.03,47.91,97h30m,,,202509
Teresina,645.98,-2.63,46.01,93h37m,,,202509
Manaus,642.32,-2.27,45.74,93h05m,,,202509
São Luís,623.92,-3.15,44.43,90h25m,,,202509
Porto Velho,621.09,-1.61,44.23,90h01m,,,202509
Rio Branco,620.99,-3.16,44.23,90h00m,,,202509
Recife,615.95,-2.1,43.87,89h16m,4.69,15.06,202509
João Pessoa,610.93,-1.79,43.51,88h32m,0.66,10.61,202509
Natal,610.27,-1.89,43.46,88h26m,-1.14,10.16,202509
Salvador,601.74,-2.35,42.85,87h13m,3.06,8.69,202509
Maceió,593.17,-0.51,42.24,85h58m,,,202509
Aracaju,552.65,-0.99,39.36,80h05m,-0.26,9.18,202509
São Paulo,847.14,0.58,60.33,122h46m,0.7,5.13,202510
Florianópolis,824.57,1.66,58.72,119h30m,1.87,3.47,202510
Porto Alegre,823.57,1.49,58.65,119h21m,5.08,6.36,202510
Rio de Janeiro,801.37,0.27,57.07,116h08m,2.76,3.58,202510
Cuiabá,794.77,0.09,56.6,115h11m,,,202510
Campo Grande,777.28,-0.43,55.36,112h39m,0.9,3.49,202510
Curitiba,761.77,0.82,54.25,110h24m,2.68,4.84,202510
Vitória,746.22,0.16,53.14,108h09m,-0.16,5.39,202510
Goiânia,720.57,1.41,51.32,104h26m,-1.63,3.62,202510
Brasília,717.65,-0.3,51.11,104h00m,-3.44,0.93,202510
Belo Horizonte,716.53,-0.31,51.03,103h51m,1.45,3.82,202510
Palmas,695.42,2.59,49.53,100h47m,,,202510
Fortaleza,686.78,1.38,48.91,99h32m,1.93,7.09,202510
Macapá,679.09,0.95,48.36,98h25m,,,202510
Boa Vista,678.95,-0.44,48.35,98h24m,,,202510
Belém,664.31,-1.27,47.31,96h17m,-0.23,2.22,202510
Teresina,646.72,0.11,46.06,93h44m,,,202510
São Luís,643.31,3.11,45.81,93h14m,,,202510
Manaus,633.25,-1.41,45.1,91h47m,,,202510
Rio Branco,631.08,1.62,44.94,91h28m,,,202510
Porto Velho,618.86,-0.36,44.07,89h41m,,,202510
Natal,612.18,0.31,43.6,88h43m,-0.83,6.24,202510
João Pessoa,609.94,-0.16,43.44,88h24m,0.5,7.68,202510
Recife,608.03,-1.29,43.3,88h07m,3.34,10.92,202510
Salvador,606.39,0.77,43.19,87h53m,3.85,8.16,202510
Maceió,592.25,-0.16,42.18,85h50m,,,202510
Aracaju,550.18,-0.45,39.18,79h44m,-0.7,5.94,202510
São Paulo,841.23,-0.7,59.91,121h55m,-0.01,1.55,202511
Florianópolis,800.68,-2.9,57.02,116h02m,-1.08,0.13,202511
Cuiabá,789.98,-0.6,56.26,114h29m,,,202511
Porto Alegre,789.77,-4.1,56.25,114h28m,0.77,1.16,202511
Rio de Janeiro,783.96,-2.17,55.83,113h37m,0.53,0.81,202511
Campo Grande,779.56,0.29,55.52,112h59m,1.2,0.92,202511
Curitiba,745.59,-2.12,53.1,108h04m,0.5,0.84,202511
Vitória,731.52,-1.97,52.1,106h01m,-2.13,0.69,202511
Goiânia,717.39,-0.44,51.09,103h58m,-2.06,-1.41,202511
Belo Horizonte,712.01,-0.63,50.71,103h11m,0.81,1.89,202511
Brasília,703.4,-1.99,50.09,101h56m,-5.35,-5.23,202511
Palmas,672.61,-3.28,47.9,97h29m,,,202511
Fortaleza,670.63,-2.35,47.76,97h11m,-0.47,1.01,202511
Boa Vista,669.19,-1.44,47.66,96h59m,,,202511
Belém,666.15,0.28,47.44,96h32m,0.05,0.47,202511
Macapá,643.25,-5.28,45.81,93h13m,,,202511
Teresina,636.26,-1.62,45.31,92h13m,,,202511
Rio Branco,635.91,0.77,45.29,92h10m,,,202511
Manaus,629.39,-0.61,44.82,91h13m,,,202511
São Luís,626.82,-2.56,44.64,90h50m,,,202511
Porto Velho,614.13,-0.76,43.74,89h00m,,,202511
Recife,598.73,-1.53,42.64,86h46m,1.76,3.56,202511
Salvador,598.19,-1.35,42.6,86h41m,2.45,4.07,202511
João Pessoa,597.66,-2.01,42.56,86h37m,-1.52,1.16,202511
Natal,591.38,-3.4,42.12,85h43m,-4.2,-0.36,202511
Maceió,571.47,-3.51,40.7,82h49m,,,202511
Aracaju,538.1,-2.2,38.32,77h59m,-2.88,0.91,202511
São Paulo,845.95,0.56,60.25,122h36m,0.55,0.55,202512
Florianópolis,801.29,0.08,57.07,116h08m,-1.01,-1.01,202512
Rio de Janeiro,792.06,1.03,56.41,114h47m,1.57,1.57,202512
Cuiabá,791.29,0.17,56.35,114h41m,,,202512
Porto Alegre,784.22,-0.7,55.85,113h40m,0.06,0.06,202512
Campo Grande,775.9,-0.47,55.26,112h27m,0.72,0.72,202512
Curitiba,737.88,-1.03,52.55,106h56m,-0.54,-0.54,202512
Vitória,727.22,-0.59,51.79,105h23m,-2.7,-2.7,202512
Goiânia,725.95,1.19,51.7,105h13m,-0.89,-0.89,202512
Belo Horizonte,723.26,1.58,51.51,104h49m,2.4,2.4,202512
Brasília,714.21,1.54,50.86,103h31m,-3.9,-3.9,202512
Palmas,677.63,0.75,48.26,98h13m,,,202512
Fortaleza,677.0,0.95,48.21,98h07m,0.48,0.48,202512
Belém,666.57,0.06,47.47,96h36m,0.11,0.11,202512
Boa Vista,652.14,-2.55,46.44,94h31m,,,202512
Macapá,651.15,1.23,46.37,94h22m,,,202512
Teresina,645.09,1.39,45.94,93h29m,,,202512
São Luís,629.43,0.42,44.83,91h13m,,,202512
Rio Branco,626.11,-1.54,44.59,90h44m,,,202512
Manaus,620.42,-1.43,44.18,89h55m,,,202512
Salvador,607.48,1.55,43.26,88h02m,4.04,4.04,202512
João Pessoa,597.66,0.0,42.56,86h37m,-1.52,-1.52,202512
Natal,597.15,0.98,42.53,86h32m,-3.27,-3.27,202512
Recife,596.1,-0.44,42.45,86h23m,1.32,1.32,202512
Porto Velho,592.01,-3.6,42.16,85h48m,,,202512
Maceió,589.69,3.19,42.0,85h28m,,,202512
Aracaju,539.49,0.26,38.42,78h11m,-2.63,-2.63,202512
São Paulo,854.37,1.0,56.98,115h57m,,0.3,202601
Rio de Janeiro,817.6,3.22,54.53,110h58m,,1.83,202601
Cuiabá,810.82,2.47,54.08,110h02m,,,202601
Florianópolis,806.33,0.63,53.78,109h26m,,-0.3,202601
Porto Alegre,795.37,1.42,53.05,107h57m,,3.21,202601
Campo Grande,783.41,0.97,52.25,106h19m,,2.51,202601
Curitiba,748.05,1.38,49.89,101h31m,,0.59,202601
Vitória,742.85,2.15,49.54,100h49m,,1.03,202601
Belo Horizonte,737.86,2.02,49.21,100h08m,,1.21,202601
Goiânia,735.94,1.38,49.08,99h53m,,-2.77,202601
Brasília,725.98,1.65,48.42,98h32m,,-3.97,202601
Palmas,700.44,3.37,46.71,95h04m,,,202601
Fortaleza,694.06,2.52,46.29,94h12m,,-0.91,202601
Belém,673.55,1.05,44.92,91h25m,,-3.48,202601
Macapá,661.96,1.66,44.15,89h50m,,,202601
Boa Vista,655.79,0.56,43.74,89h00m,,,202601
Manaus,647.97,4.44,43.21,87h56m,,,202601
Teresina,641.8,-0.51,42.8,87h06m,,,202601
Rio Branco,631.2,0.81,42.1,85h40m,,,202601
São Luís,625.86,-0.57,41.74,84h56m,,,202601
Salvador,616.28,1.45,41.1,83h38m,,-0.64,202601
João Pessoa,606.39,1.46,40.44,82h18m,,-1.98,202601
Porto Velho,601.01,1.52,40.08,81h34m,,,202601
Recife,600.09,0.67,40.02,81h26m,,0.23,202601
Natal,595.86,-0.22,39.74,80h52m,,-6.03,202601
Maceió,592.83,0.53,39.54,80h28m,,,202601
Aracaju,552.65,2.44,36.86,75h00m,,-3.29,202601
São Paulo,852.87,-0.18,56.88,115h45m,0.82,-0.89,202602
Rio de Janeiro,826.98,1.15,55.15,112h14m,4.41,1.48,202602
Florianópolis,797.53,-1.09,53.19,108h14m,-0.47,-1.26,202602
Cuiabá,793.77,-2.1,52.94,107h44m,0.31,,202602
Porto Alegre,786.84,-1.07,52.48,106h47m,0.33,2.22,202602
Campo Grande,780.29,-0.4,52.04,105h54m,0.57,0.82,202602
Vitória,756.15,1.79,50.43,102h37m,3.98,1.43,202602
Curitiba,745.56,-0.33,49.72,101h11m,1.04,-0.04,202602
Belo Horizonte,736.86,-0.14,49.14,100h01m,1.88,0.21,202602
Goiânia,731.34,-0.63,48.77,99h16m,0.74,-1.08,202602
Brasília,712.06,-1.92,47.49,96h38m,-0.3,-7.8,202602
Palmas,695.28,-0.74,46.37,94h22m,2.6,,202602
Fortaleza,692.99,-0.15,46.22,94h03m,2.36,-2.49,202602
Belém,674.12,0.08,44.96,91h29m,1.13,-3.71,202602
Macapá,660.76,-0.18,44.07,89h41m,1.48,,202602
Boa Vista,659.19,0.52,43.96,89h28m,1.08,,202602
Teresina,648.65,1.07,43.26,88h02m,0.55,,202602
Rio Branco,631.83,0.1,42.14,85h45m,0.91,,202602
São Luís,630.01,0.66,42.02,85h30m,0.09,,202602
Manaus,628.9,-2.94,41.94,85h21m,1.37,,202602
João Pessoa,618.73,2.03,41.26,83h58m,3.53,-2.47,202602
Salvador,617.94,0.27,41.21,83h52m,1.72,-1.73,202602
Natal,616.84,3.52,41.14,83h43m,3.3,-4.89,202602
Recife,611.98,1.98,40.81,83h04m,2.66,-2.13,202602
Maceió,603.92,1.87,40.28,81h58m,2.41,,202602
Porto Velho,601.69,0.11,40.13,81h40m,1.64,,202602
Aracaju,562.88,1.85,37.54,76h23m,4.34,-3.03,202602
São Paulo,883.94,3.64,58.95,119h58m,4.49,0.37,202603
Rio de Janeiro,867.97,4.96,57.89,117h48m,9.58,3.89,202603
Cuiabá,838.4,5.62,55.91,113h47m,5.95,,202603
Florianópolis,824.35,3.36,54.98,111h53m,2.88,-0.91,202603
Campo Grande,805.93,3.29,53.75,109h23m,3.87,2.2,202603
Porto Alegre,799.79,1.65,53.34,108h33m,1.99,1.03,202603
Vitória,790.19,4.5,52.7,107h14m,8.66,3.57,202603
Belo Horizonte,784.32,6.44,52.31,106h27m,8.44,4.01,202603
Curitiba,769.61,3.23,51.33,104h27m,4.3,-0.42,202603
Goiânia,760.44,3.98,50.72,103h13m,4.75,0.85,202603
Brasília,746.41,4.82,49.78,101h18m,4.51,-4.63,202603
Fortaleza,727.9,5.04,48.55,98h47m,7.52,0.06,202603
Palmas,717.45,3.19,47.85,97h22m,5.88,,202603
Belém,700.68,3.94,46.73,95h06m,5.12,-0.6,202603
Boa Vista,680.01,3.16,45.35,92h17m,4.27,,202603
Manaus,675.56,7.42,45.05,91h41m,8.89,,202603
Macapá,672.06,1.71,44.82,91h13m,3.21,,202603
Teresina,668.78,3.1,44.6,90h46m,3.67,,202603
Salvador,662.14,7.15,44.16,89h52m,9.0,4.51,202603
Recife,654.62,6.97,43.66,88h50m,9.82,4.38,202603
Natal,653.77,5.99,43.6,88h44m,9.48,2.72,202603
João Pessoa,652.95,5.53,43.55,88h37m,9.25,4.16,202603
Maceió,644.77,6.76,43.0,87h31m,9.34,,202603
Rio Branco,641.15,1.48,42.76,87h01m,2.4,,202603
São Luís,634.26,0.67,42.3,86h05m,0.77,,202603
Porto Velho,623.42,3.61,41.58,84h37m,5.31,,202603
Aracaju,598.45,6.32,39.91,81h13m,10.93,5.09,202603
São Paulo,906.14,2.51,60.43,122h59m,7.12,-0.34,202604
Cuiabá,880.06,4.97,58.69,119h26m,11.22,9.99,202604
Rio de Janeiro,879.03,1.27,58.62,119h18m,10.98,3.45,202604
Florianópolis,847.26,2.78,56.51,114h59m,5.74,-1.27,202604
Campo Grande,826.89,2.6,55.15,112h13m,6.57,2.71,202604
Porto Alegre,811.82,1.5,54.14,110h11m,3.52,-2.69,202604
Vitória,810.45,2.56,54.05,109h59m,11.44,2.22,202604
Curitiba,796.1,3.44,53.09,108h03m,7.89,0.3,202604
Belo Horizonte,793.75,1.2,52.94,107h44m,9.75,4.12,202604
Goiânia,787.08,3.5,52.49,106h49m,8.42,2.56,202604
Brasília,768.22,2.92,51.23,104h16m,7.56,-0.98,202604
Fortaleza,767.67,5.46,51.2,104h11m,13.39,2.83,202604
Palmas,734.53,2.38,48.99,99h41m,8.4,-1.64,202604
Belém,727.7,3.86,48.53,98h46m,9.17,0.21,202604
Boa Vista,709.68,4.36,47.33,96h19m,8.82,-1.31,202604
Manaus,697.29,3.22,46.5,94h38m,12.39,3.8,202604
Teresina,695.68,4.02,46.4,94h25m,7.84,3.05,202604
Macapá,694.88,3.4,46.34,94h19m,6.72,5.2,202604
Salvador,677.25,2.28,45.17,91h55m,11.49,7.14,202604
João Pessoa,676.44,3.6,45.11,91h49m,13.18,5.44,202604
Recife,672.75,2.77,44.87,91h18m,12.86,3.07,202604
Natal,669.39,2.39,44.64,90h51m,12.1,1.89,202604
Rio Branco,667.14,4.05,44.49,90h32m,6.55,-1.57,202604
Porto Velho,658.35,5.6,43.91,89h21m,11.21,-1.14,202604
Maceió,652.94,1.27,43.55,88h37m,10.73,4.88,202604
São Luís,639.24,0.79,42.63,86h46m,1.56,-4.84,202604
Aracaju,619.32,3.49,41.3,84h03m,14.8,6.79,202604
São Paulo,952.2,5.08,63.5,129h14m,12.56,6.25,202605
Cuiabá,925.49,5.16,61.72,125h37m,16.96,14.16,202605
Rio de Janeiro,914.48,4.03,60.99,124h07m,15.46,7.84,202605
Florianópolis,913.43,7.81,60.92,123h58m,13.99,6.35,202605
Porto Alegre,870.62,7.24,58.06,118h10m,11.02,6.3,202605
Curitiba,843.13,5.91,56.23,114h26m,14.26,6.54,202605
Vitória,842.96,4.01,56.22,114h25m,15.92,7.98,202605
Campo Grande,841.19,1.73,56.1,114h10m,8.41,6.56,202605
Belo Horizonte,825.99,4.06,55.09,112h06m,14.2,11.24,202605
Goiânia,825.71,4.91,55.07,112h04m,13.74,8.84,202605
Fortaleza,825.1,7.48,55.03,111h59m,21.88,13.26,202605
Brasília,802.09,4.41,53.49,108h52m,12.3,3.59,202605
Palmas,767.16,4.44,51.16,104h07m,13.21,6.5,202605
Belém,755.24,3.78,50.37,102h30m,13.3,3.97,202605
Teresina,732.94,5.36,48.88,99h28m,13.62,9.27,202605
Boa Vista,729.2,2.75,48.63,98h58m,11.82,0.79,202605
Manaus,728.27,4.44,48.57,98h50m,17.38,4.05,202605
Recife,726.89,8.05,48.48,98h39m,21.94,14.29,202605
João Pessoa,718.5,6.22,47.92,97h31m,20.22,12.84,202605
Macapá,716.72,3.14,47.8,97h16m,10.07,7.04,202605
Natal,710.79,6.18,47.4,96h28m,19.03,10.2,202605
Salvador,707.28,4.43,47.17,95h59m,16.43,12.45,202605
Maceió,696.55,6.68,46.45,94h32m,18.12,12.91,202605
Porto Velho,689.88,4.79,46.01,93h38m,16.53,6.67,202605
Rio Branco,689.11,3.29,45.96,93h32m,10.06,5.27,202605
Aracaju,652.73,5.39,43.53,88h35m,20.99,12.63,202605
São Luís,651.15,1.86,43.43,88h22m,3.45,-2.52,202605
São Paulo,965.47,1.39,64.39,131h02m,14.13,9.37,202606
Cuiabá,937.93,1.34,62.55,127h17m,18.53,14.71,202606
Rio de Janeiro,920.94,0.71,61.42,124h59m,16.27,9.21,202606
Florianópolis,918.42,0.55,61.25,124h39m,14.62,5.83,202606
Porto Alegre,889.58,2.18,59.33,120h44m,13.44,7.0,202606
Campo Grande,846.06,0.58,56.43,114h50m,9.04,6.69,202606
Vitória,843.99,0.12,56.29,114h33m,16.06,7.87,202606
Curitiba,842.76,-0.04,56.21,114h23m,14.21,6.7,202606
Belo Horizonte,826.72,0.09,55.14,112h12m,14.3,12.52,202606
Fortaleza,822.43,-0.32,54.85,111h37m,21.48,11.88,202606
Goiânia,821.22,-0.54,54.77,111h27m,13.12,10.34,202606
Brasília,800.85,-0.15,53.41,108h41m,12.13,3.56,202606
Palmas,790.23,3.01,52.7,107h15m,16.62,10.16,202606
Belém,759.41,0.55,50.65,103h04m,13.93,7.1,202606
Boa Vista,753.09,3.28,50.23,102h13m,15.48,5.0,202606
Teresina,737.56,0.63,49.19,100h06m,14.33,9.69,202606
Manaus,732.9,0.64,48.88,99h28m,18.13,8.54,202606
Macapá,717.46,0.1,47.85,97h22m,10.18,7.87,202606
Rio Branco,704.28,2.2,46.97,95h35m,12.49,9.98,202606
Recife,700.56,-3.62,46.72,95h05m,17.52,9.87,202606
Porto Velho,698.01,1.18,46.55,94h44m,17.91,9.78,202606
Salvador,696.22,-1.56,46.43,94h29m,14.61,11.6,202606
João Pessoa,689.95,-3.97,46.01,93h38m,15.44,8.46,202606
Natal,686.07,-3.48,45.76,93h07m,14.89,7.71,202606
Maceió,671.41,-3.61,44.78,91h07m,13.86,10.24,202606
São Luís,654.73,0.55,43.67,88h52m,4.02,-0.09,202606
Aracaju,630.4,-3.42,42.04,85h34m,16.85,13.12,202606
São Paulo,915.01,-5.23,61.02,124h11m,8.16,5.67,202607
Cuiabá,881.27,-6.04,58.77,119h36m,11.37,8.33,202607
Florianópolis,860.73,-6.28,57.4,116h49m,7.42,1.87,202607
Rio de Janeiro,855.37,-7.12,57.05,116h05m,7.99,3.86,202607
Porto Alegre,841.94,-5.36,56.15,114h16m,7.36,1.39,202607
Campo Grande,809.08,-4.37,53.96,109h49m,4.28,4.3,202607
Curitiba,807.93,-4.13,53.88,109h39m,9.49,4.8,202607
Vitória,795.34,-5.76,53.04,107h56m,9.37,3.64,202607
Goiânia,792.79,-3.46,52.87,107h36m,9.21,7.84,202607
Fortaleza,769.88,-6.39,51.35,104h29m,13.72,4.31,202607
Belo Horizonte,765.25,-7.44,51.04,103h52m,5.81,5.02,202607
Brasília,747.1,-6.71,49.83,101h24m,4.61,-1.46,202607
Palmas,731.89,-7.38,48.81,99h20m,8.01,2.25,202607
Boa Vista,730.74,-2.97,48.73,99h11m,12.05,2.51,202607
Belém,724.1,-4.65,48.29,98h16m,8.63,4.0,202607
Macapá,713.29,-0.58,47.57,96h49m,9.54,7.03,202607
Teresina,702.27,-4.78,46.84,95h19m,8.86,3.73,202607
Manaus,697.8,-4.79,46.54,94h42m,12.47,3.41,202607
Rio Branco,692.04,-1.74,46.15,93h55m,10.53,7.93,202607
Porto Velho,684.83,-1.89,45.67,92h56m,15.68,7.56,202607
Recife,660.31,-5.75,44.04,89h37m,10.77,0.74,202607
São Luís,656.69,0.3,43.8,89h08m,4.33,-1.18,202607
Salvador,650.32,-6.59,43.37,88h16m,7.05,2.4,202607
João Pessoa,644.04,-6.65,42.95,87h25m,7.76,-0.61,202607
Natal,631.51,-7.95,42.12,85h43m,5.75,-2.26,202607
Maceió,618.6,-7.87,41.26,83h58m,4.9,-0.51,202607
Aracaju,594.07,-5.76,39.62,80h38m,10.12,4.49,202607
Natal,140.25,0.36,50.62,102h51m,6.41,-0.15,200507
João Pessoa,143.91,-0.09,51.94,105h32m,14.1,2.25,200507
Florianópolis,163.81,-1.23,59.13,120h08m,4.06,0.79,200507
Vitória,160.5,-1.47,57.93,117h42m,5.33,4.63,200507
Belo Horizonte,164.87,-1.9,59.51,120h54m,8.27,-2.78,200507
Salvador,134.23,-1.99,48.45,98h26m,6.67,-1.29,200507
Rio de Janeiro,168.6,-2.12,60.86,123h38m,1.95,0.04,200507
São Paulo,178.22,-2.69,64.33,130h42m,3.5,2.45,200507
Belém,149.46,-2.86,53.95,109h36m,-0.16,-2.65,200507
Goiânia,152.68,-3.02,55.11,111h58m,2.55,3.78,200507
Curitiba,163.21,-3.08,58.91,119h41m,4.68,-1.37,200507
Fortaleza,140.29,-3.38,50.64,102h53m,12.47,-2.7,200507
Recife,143.4,-3.4,51.76,105h10m,16.59,1.29,200507
Porto Alegre,174.75,-4.01,63.08,128h09m,0.0,-3.89,200507
Brasília,165.14,-4.55,59.61,121h06m,-2.13,0.07,200507
Aracaju,139.92,-5.07,50.5,102h36m,6.56,1.13,200507
